low,high,recent_strength,all_strength,avg_strength,zone_type,strength
148,152,1.0,0.4219942107967661,0.710997105398383,short-term,0.710997105398383
197,201,0.0,1.0,0.5,short-term,0.5
217,221,0.0,0.7043738703566644,0.3521869351783322,short-term,0.3521869351783322
177,181,0.0,0.6681103878704915,0.33405519393524574,short-term,0.33405519393524574
185,189,0.0,0.6206519223005961,0.31032596115029804,short-term,0.31032596115029804
189,193,0.0,0.5435827954511671,0.27179139772558353,short-term,0.27179139772558353
201,205,0.0,0.5303167894249865,0.26515839471249325,short-term,0.26515839471249325
193,197,0.0,0.5023231926900413,0.25116159634502067,short-term,0.25116159634502067
152,157,0.0,0.49434403820093553,0.24717201910046777,short-term,0.24717201910046777
