low,high,recent_strength,all_strength,avg_strength,zone_type,strength
187,191,1.0,0.4689551729168737,0.7344775864584369,short-term,0.7344775864584369
200,204,0.0,1.0,0.5,short-term,0.5
217,221,0.0,0.7868422985975148,0.3934211492987574,short-term,0.3934211492987574
221,225,0.0,0.6248863254017907,0.31244316270089534,short-term,0.31244316270089534
225,230,0.0,0.6214828210130864,0.3107414105065432,short-term,0.3107414105065432
174,178,0.0,0.6090835201390978,0.3045417600695489,short-term,0.3045417600695489
230,234,0.0,0.6065124313584626,0.3032562156792313,short-term,0.3032562156792313
195,200,0.0,0.6010920185526625,0.30054600927633124,short-term,0.30054600927633124
