low,high,recent_strength,all_strength,avg_strength,zone_type,strength
160,164,1.0,0.4802087699949272,0.7401043849974636,short-term,0.7401043849974636
199,203,0.0,1.0,0.5,short-term,0.5
176,180,0.0,0.8806775340204382,0.4403387670102191,short-term,0.4403387670102191
168,172,0.14669525657385235,0.6310228709908249,0.3888590637823386,short-term,0.3888590637823386
164,168,0.13263639377957956,0.6433590901708756,0.3879977419752276,short-term,0.3879977419752276
172,176,0.0,0.6547536138552038,0.3273768069276019,short-term,0.3273768069276019
219,223,0.0,0.6372868055417867,0.31864340277089337,short-term,0.31864340277089337
192,195,0.0,0.6311473411536895,0.31557367057684477,short-term,0.31557367057684477
184,188,0.0,0.6176392548759208,0.3088196274379604,short-term,0.3088196274379604
