low,high,recent_strength,all_strength,avg_strength,zone_type,strength
156,160,1.0,0.5624166030352811,0.7812083015176405,short-term,0.7812083015176405
199,203,0.0,1.0,0.5,short-term,0.5
176,180,0.0,0.880677534020432,0.440338767010216,short-term,0.440338767010216
164,168,0.20058086923842727,0.6431128335595359,0.4218468513989816,short-term,0.4218468513989816
172,176,0.0,0.6547536138552077,0.32737680692760385,short-term,0.32737680692760385
219,223,0.0,0.6406953698835564,0.3203476849417782,short-term,0.3203476849417782
168,172,0.0,0.6333185561656829,0.31665927808284144,short-term,0.31665927808284144
192,195,0.0,0.6311473411536865,0.31557367057684327,short-term,0.31557367057684327
184,188,0.0,0.6176392548759141,0.30881962743795704,short-term,0.30881962743795704
