low,high,recent_strength,all_strength,avg_strength,zone_type,strength
151,155,1.0,0.29806239221895015,0.649031196109475,short-term,0.649031196109475
196,200,0.0,1.0,0.5,short-term,0.5
176,180,0.0,0.6521088726417247,0.32605443632086234,short-term,0.32605443632086234
217,221,0.0,0.5733577257931443,0.28667886289657213,short-term,0.28667886289657213
184,188,0.0,0.572860639951364,0.286430319975682,short-term,0.286430319975682
192,196,0.0,0.5267451584057671,0.26337257920288354,short-term,0.26337257920288354
180,184,0.0,0.48484747390680094,0.24242373695340047,short-term,0.24242373695340047
188,192,0.0,0.46036424750504795,0.23018212375252398,short-term,0.23018212375252398
225,229,0.0,0.4590763356309316,0.2295381678154658,short-term,0.2295381678154658
