low,high,recent_strength,all_strength,avg_strength,zone_type,strength
199,204,1.0,1.0,1.0,persistent,1.0
195,199,0.6193491057943684,0.6393614459441814,0.6293552758692749,short-term,0.6293552758692749
187,191,0.5890331772430112,0.5210786123337954,0.5550558947884032,short-term,0.5550558947884032
217,221,0.0,0.7025328778508136,0.3512664389254068,short-term,0.3512664389254068
225,229,0.0,0.5639361310579191,0.28196806552895953,short-term,0.28196806552895953
221,225,0.0,0.5613555833545154,0.2806777916772577,short-term,0.2806777916772577
174,178,0.0,0.5187386720387643,0.25936933601938217,short-term,0.25936933601938217
