low,high,recent_strength,all_strength,avg_strength,zone_type,strength
164,169,1.0,0.39862432740149445,0.6993121637007472,short-term,0.6993121637007472
152,156,0.4967778171516657,0.5260877277376313,0.5114327724446486,short-term,0.5114327724446486
197,201,0.0,1.0,0.5,short-term,0.5
177,181,0.0,0.6729371623345528,0.3364685811672764,short-term,0.3364685811672764
185,189,0.0,0.5916297811414949,0.29581489057074745,short-term,0.29581489057074745
217,221,0.0,0.5885755317095648,0.2942877658547824,short-term,0.2942877658547824
193,197,0.0,0.5438780010180185,0.27193900050900927,short-term,0.27193900050900927
201,205,0.0,0.5247154590118016,0.2623577295059008,short-term,0.2623577295059008
181,185,0.0,0.4829941176826168,0.2414970588413084,short-term,0.2414970588413084
