low,high,recent_strength,all_strength,avg_strength,zone_type,strength
164,168,1.0,0.5885154296863925,0.7942577148431962,persistent,0.7942577148431962
196,200,0.0,1.0,0.5,short-term,0.5
168,172,0.41783683332251376,0.5280896080812958,0.4729632207019048,short-term,0.4729632207019048
176,180,0.0,0.7238493468505576,0.3619246734252788,short-term,0.3619246734252788
184,188,0.0,0.5836247053064133,0.29181235265320665,short-term,0.29181235265320665
192,196,0.0,0.5618091134737624,0.2809045567368812,short-term,0.2809045567368812
216,220,0.0,0.5504560198016306,0.2752280099008153,short-term,0.2752280099008153
200,204,0.0,0.5195528488968623,0.25977642444843113,short-term,0.25977642444843113
