low,high,recent_strength,all_strength,avg_strength,zone_type,strength
191,195,1.0,0.5802746100745395,0.7901373050372698,persistent,0.7901373050372698
199,204,0.38995810776186574,1.0,0.6949790538809328,short-term,0.6949790538809328
195,199,0.33760956308457696,0.632711502749457,0.485160532917017,short-term,0.485160532917017
216,221,0.0,0.6423013986621627,0.32115069933108137,short-term,0.32115069933108137
187,191,0.06630154062177947,0.5145123849390673,0.2904069627804234,short-term,0.2904069627804234
221,225,0.0,0.552790948768603,0.2763954743843015,short-term,0.2763954743843015
225,229,0.0,0.4964257517346886,0.2482128758673443,short-term,0.2482128758673443
