low,high,recent_strength,all_strength,avg_strength,zone_type,strength
164,168,1.0,0.5055467250849004,0.7527733625424502,persistent,0.7527733625424502
196,200,0.0,1.0,0.5,short-term,0.5
176,180,0.0,0.6900209566388932,0.3450104783194466,short-term,0.3450104783194466
184,188,0.0,0.5949802278874818,0.2974901139437409,short-term,0.2974901139437409
216,220,0.0,0.5521168855143334,0.2760584427571667,short-term,0.2760584427571667
192,196,0.0,0.5415413346189358,0.2707706673094679,short-term,0.2707706673094679
152,156,0.0,0.49626041696977924,0.24813020848488962,short-term,0.24813020848488962
180,184,0.0,0.49030428133223536,0.24515214066611768,short-term,0.24515214066611768
