low,high,recent_strength,all_strength,avg_strength,zone_type,strength
187,191,1.0,0.37835982293804343,0.6891799114690217,short-term,0.6891799114690217
183,187,0.7218895996974378,0.5607368030002279,0.6413132013488329,short-term,0.6413132013488329
200,204,0.0,1.0,0.5,short-term,0.5
196,200,0.33209561007204336,0.5848287983926072,0.45846220423232525,short-term,0.45846220423232525
217,221,0.0,0.9055527454479473,0.45277637272397364,short-term,0.45277637272397364
230,234,0.0,0.6481792351706077,0.32408961758530386,short-term,0.32408961758530386
226,230,0.0,0.6416934424026322,0.3208467212013161,short-term,0.3208467212013161
174,178,0.0,0.622233997081305,0.3111169985406525,short-term,0.3111169985406525
