low,high,recent_strength,all_strength,avg_strength,zone_type,strength
156,160,1.0,0.7500860822767004,0.8750430411383502,persistent,0.8750430411383502
152,156,0.8863165719501302,0.6537948899999386,0.7700557309750344,short-term,0.7700557309750344
199,203,0.0,1.0,0.5,short-term,0.5
175,179,0.0,0.9271223972784511,0.46356119863922557,short-term,0.46356119863922557
218,222,0.0,0.7812826025042676,0.3906413012521338,short-term,0.3906413012521338
164,168,0.0,0.6598802628619274,0.3299401314309637,short-term,0.3299401314309637
172,175,0.0,0.6540941246452664,0.3270470623226332,short-term,0.3270470623226332
191,195,0.0,0.6234791842531576,0.3117395921265788,short-term,0.3117395921265788
168,172,0.0,0.6180346295805856,0.3090173147902928,short-term,0.3090173147902928
