low,high,recent_strength,all_strength,avg_strength,zone_type,strength
176,180,1.0,0.9592281775281897,0.9796140887640948,persistent,0.9796140887640948
168,172,0.44791863709574614,0.6394575900666111,0.5436881135811786,short-term,0.5436881135811786
200,204,0.0,1.0,0.5,short-term,0.5
164,168,0.3305317647868463,0.6523997887541527,0.4914657767704995,short-term,0.4914657767704995
196,200,0.0,0.6599839115684969,0.32999195578424845,short-term,0.32999195578424845
184,188,0.0,0.6558886597551226,0.3279443298775613,short-term,0.3279443298775613
192,196,0.0,0.6367364390529698,0.3183682195264849,short-term,0.3183682195264849
216,220,0.0,0.623254594406256,0.311627297203128,short-term,0.311627297203128
