low,high,recent_strength,all_strength,avg_strength,zone_type,strength
176,180,1.0,0.9260611395082395,0.9630305697541197,persistent,0.9630305697541197
168,172,0.4713320494962924,0.6331405749862378,0.5522363122412651,short-term,0.5522363122412651
164,168,0.3654139412029625,0.6587168038345245,0.5120653725187435,short-term,0.5120653725187435
200,204,0.0,1.0,0.5,short-term,0.5
196,200,0.0,0.6599839115684956,0.3299919557842478,short-term,0.3299919557842478
184,188,0.0,0.6584695610146152,0.3292347805073076,short-term,0.3292347805073076
192,196,0.0,0.6367364390529703,0.31836821952648514,short-term,0.31836821952648514
216,220,0.0,0.6232545944062655,0.31162729720313276,short-term,0.31162729720313276
