low,high,recent_strength,all_strength,avg_strength,zone_type,strength
148,152,1.0,0.4223061023358006,0.7111530511679003,short-term,0.7111530511679003
197,201,0.0,1.0,0.5,short-term,0.5
217,221,0.0,0.7063087558055506,0.3531543779027753,short-term,0.3531543779027753
177,181,0.0,0.6770953959643771,0.33854769798218853,short-term,0.33854769798218853
185,189,0.0,0.6196981373831684,0.3098490686915842,short-term,0.3098490686915842
193,197,0.0,0.5515791774171895,0.27578958870859477,short-term,0.27578958870859477
201,205,0.0,0.5313805464461954,0.2656902732230977,short-term,0.2656902732230977
189,193,0.0,0.4893040513363063,0.24465202566815314,short-term,0.24465202566815314
181,185,0.0,0.48813260698879973,0.24406630349439987,short-term,0.24406630349439987
