low,high,recent_strength,all_strength,avg_strength,zone_type,strength
178,182,1.0,0.6472619729889617,0.8236309864944809,persistent,0.8236309864944809
182,186,0.6995175902611142,0.6727156662243069,0.6861166282427105,short-term,0.6861166282427105
199,203,0.0,1.0,0.5,short-term,0.5
174,178,0.3152061916606381,0.5180018917603179,0.416604041710478,short-term,0.416604041710478
186,190,0.07059298885461529,0.6098783912424389,0.3402356900485271,short-term,0.3402356900485271
190,195,0.0,0.6436790246918034,0.3218395123459017,short-term,0.3218395123459017
195,199,0.0,0.6149606682236893,0.30748033411184467,short-term,0.30748033411184467
216,220,0.0,0.5979826220478832,0.2989913110239416,short-term,0.2989913110239416
