low,high,recent_strength,all_strength,avg_strength,zone_type,strength
156,160,1.0,0.6985420363727526,0.8492710181863763,persistent,0.8492710181863763
199,203,0.0,1.0,0.5,short-term,0.5
176,180,0.0,0.9674827854690607,0.4837413927345304,short-term,0.4837413927345304
219,223,0.0,0.7658771682794692,0.3829385841397346,short-term,0.3829385841397346
172,176,0.0,0.7110427371857366,0.3555213685928683,short-term,0.3555213685928683
164,168,0.0,0.7067256484896632,0.3533628242448316,short-term,0.3533628242448316
168,172,0.0,0.6801797706497505,0.3400898853248753,short-term,0.3400898853248753
184,187,0.0,0.6646155362579453,0.33230776812897267,short-term,0.33230776812897267
