low,high,recent_strength,all_strength,avg_strength,zone_type,strength
148,152,1.0,0.4255229921091416,0.7127614960545707,short-term,0.7127614960545707
197,201,0.0,1.0,0.5,short-term,0.5
217,221,0.0,0.7073958441759939,0.35369792208799694,short-term,0.35369792208799694
177,181,0.0,0.6681103878704933,0.33405519393524663,short-term,0.33405519393524663
185,189,0.0,0.6193835896583181,0.30969179482915904,short-term,0.30969179482915904
189,193,0.0,0.5673263132261289,0.28366315661306446,short-term,0.28366315661306446
201,205,0.0,0.5377600555009925,0.26888002775049624,short-term,0.26888002775049624
152,157,0.0,0.4896719533834963,0.24483597669174814,short-term,0.24483597669174814
193,197,0.0,0.4785796749150808,0.2392898374575404,short-term,0.2392898374575404
