low,high,recent_strength,all_strength,avg_strength,zone_type,strength
156,160,1.0,0.5886585013951885,0.7943292506975943,short-term,0.7943292506975943
199,203,0.0,1.0,0.5,short-term,0.5
176,180,0.0,0.8949021683032653,0.44745108415163265,short-term,0.44745108415163265
164,168,0.15649597703682044,0.6535003414799613,0.4049981592583909,short-term,0.4049981592583909
172,176,0.0,0.6680865953669927,0.33404329768349633,short-term,0.33404329768349633
219,223,0.0,0.6638878478345948,0.3319439239172974,short-term,0.3319439239172974
168,172,0.0,0.640790415064421,0.3203952075322105,short-term,0.3203952075322105
192,195,0.0,0.6398517673999835,0.31992588369999175,short-term,0.31992588369999175
184,188,0.0,0.6117448324550684,0.3058724162275342,short-term,0.3058724162275342
