low,high,recent_strength,all_strength,avg_strength,zone_type,strength
147,151,1.0,0.20760153216775745,0.6038007660838787,short-term,0.6038007660838787
196,201,0.0,1.0,0.5,short-term,0.5
176,180,0.0,0.6807882470531658,0.3403941235265829,short-term,0.3403941235265829
184,188,0.0,0.5995866519375869,0.29979332596879343,short-term,0.29979332596879343
217,221,0.0,0.5948892599638499,0.29744462998192495,short-term,0.29744462998192495
192,196,0.0,0.5571587502092329,0.27857937510461644,short-term,0.27857937510461644
201,205,0.0,0.5140998052800533,0.25704990264002664,short-term,0.25704990264002664
180,184,0.0,0.48949157890911243,0.24474578945455622,short-term,0.24474578945455622
221,225,0.0,0.47152019109279186,0.23576009554639593,short-term,0.23576009554639593
