low,high,recent_strength,all_strength,avg_strength,zone_type,strength
182,186,1.0,0.551738084329605,0.7758690421648025,persistent,0.7758690421648025
186,191,0.9177347408142901,0.6000989786712545,0.7589168597427722,short-term,0.7589168597427722
191,195,0.5009617037618229,0.6500611646021657,0.5755114341819942,short-term,0.5755114341819942
199,203,0.0,1.0,0.5,short-term,0.5
195,199,0.08387409056336058,0.6303203969474639,0.35709724375541224,short-term,0.35709724375541224
220,225,0.0,0.5980736869857609,0.29903684349288046,short-term,0.29903684349288046
216,220,0.0,0.5970601482074992,0.2985300741037496,short-term,0.2985300741037496
