low,high,recent_strength,all_strength,avg_strength,zone_type,strength
156,160,1.0,0.7391173506170114,0.8695586753085057,persistent,0.8695586753085057
152,156,0.8725053367031831,0.6602297492698544,0.7663675429865188,short-term,0.7663675429865188
199,203,0.0,1.0,0.5,short-term,0.5
175,179,0.0,0.9142362532243623,0.45711812661218115,short-term,0.45711812661218115
218,222,0.0,0.7776373494791468,0.3888186747395734,short-term,0.3888186747395734
164,168,0.0,0.6502306377030536,0.3251153188515268,short-term,0.3251153188515268
172,175,0.0,0.6438576696608426,0.3219288348304213,short-term,0.3219288348304213
191,195,0.0,0.612847933761225,0.3064239668806125,short-term,0.3064239668806125
168,172,0.0,0.6089969255510844,0.3044984627755422,short-term,0.3044984627755422
