low,high,recent_strength,all_strength,avg_strength,zone_type,strength
147,151,1.0,0.20967790264184188,0.6048389513209209,short-term,0.6048389513209209
196,201,0.0,1.0,0.5,short-term,0.5
176,180,0.0,0.6692235891142039,0.33461179455710194,short-term,0.33461179455710194
217,221,0.0,0.5907750472755274,0.2953875236377637,short-term,0.2953875236377637
184,188,0.0,0.5907311950142784,0.2953655975071392,short-term,0.2953655975071392
192,196,0.0,0.5508429631160977,0.27542148155804885,short-term,0.27542148155804885
180,184,0.0,0.49623868826360146,0.24811934413180073,short-term,0.24811934413180073
221,225,0.0,0.4675769702383098,0.2337884851191549,short-term,0.2337884851191549
188,192,0.0,0.4661375990187708,0.2330687995093854,short-term,0.2330687995093854
