low,high,recent_strength,all_strength,avg_strength,zone_type,strength
230,232,1.0,0.8197270598106116,0.9098635299053057,persistent,0.9098635299053057
222,225,0.5901899257400886,0.834176254109929,0.7121830899250088,short-term,0.7121830899250088
225,227,0.5298806825853986,0.6989364295136969,0.6144085560495478,short-term,0.6144085560495478
232,235,0.0,1.0,0.5,short-term,0.5
218,220,0.0,0.9915590740930688,0.4957795370465344,short-term,0.4957795370465344
220,222,0.23196998136489103,0.7396562887450796,0.4858131350549853,short-term,0.4858131350549853
200,203,0.6668458575846853,0.21650718578011122,0.44167652168239824,short-term,0.44167652168239824
227,230,0.06800179895677017,0.8045777402244964,0.43628976959063326,short-term,0.43628976959063326
237,239,0.0,0.501447045706681,0.2507235228533405,short-term,0.2507235228533405
