low,high,recent_strength,all_strength,avg_strength,zone_type,strength
172,176,1.0,0.4025279475143752,0.7012639737571876,short-term,0.7012639737571876
196,200,0.0,1.0,0.5,short-term,0.5
176,180,0.0,0.6842983342310591,0.34214916711552956,short-term,0.34214916711552956
184,188,0.0,0.5862843346723021,0.29314216733615106,short-term,0.29314216733615106
192,196,0.0,0.5461964577816353,0.27309822889081764,short-term,0.27309822889081764
217,221,0.0,0.5296777055913101,0.26483885279565506,short-term,0.26483885279565506
221,225,0.0,0.5213428046049421,0.26067140230247104,short-term,0.26067140230247104
152,156,0.0,0.4918927665042715,0.24594638325213575,short-term,0.24594638325213575
180,184,0.0,0.4488826985327427,0.22444134926637135,short-term,0.22444134926637135
