low,high,recent_strength,all_strength,avg_strength,zone_type,strength
187,191,1.0,0.39233007141284976,0.6961650357064249,short-term,0.6961650357064249
200,204,0.0,1.0,0.5,short-term,0.5
217,221,0.0,0.78466738126038,0.39233369063019,short-term,0.39233369063019
230,234,0.0,0.6454929496919081,0.32274647484595403,short-term,0.32274647484595403
221,226,0.0,0.6323567349440933,0.31617836747204664,short-term,0.31617836747204664
226,230,0.0,0.6165653492391674,0.3082826746195837,short-term,0.3082826746195837
174,178,0.0,0.6144615329459491,0.30723076647297454,short-term,0.30723076647297454
196,200,0.04781893250125496,0.5650323471315662,0.3064256398164106,short-term,0.3064256398164106
