low,high,recent_strength,all_strength,avg_strength,zone_type,strength
172,176,0.8285198047314543,0.6766698134131333,0.7525948090722938,short-term,0.7525948090722938
160,164,1.0,0.5024194742683804,0.7512097371341901,short-term,0.7512097371341901
176,180,0.11969138382480789,0.9229288334027541,0.521310108613781,short-term,0.521310108613781
200,204,0.0,1.0,0.5,short-term,0.5
164,168,0.13197648382822505,0.6693316778679288,0.4006540808480769,short-term,0.4006540808480769
168,172,0.13414943578571084,0.6398372427446739,0.38699333926519236,short-term,0.38699333926519236
219,223,0.0,0.6609101768475809,0.33045508842379046,short-term,0.33045508842379046
184,188,0.0,0.649137420539592,0.324568710269796,short-term,0.324568710269796
196,200,0.0,0.6316872657234704,0.3158436328617352,short-term,0.3158436328617352
