low,high,recent_strength,all_strength,avg_strength,zone_type,strength
176,180,1.0,0.9612730140283066,0.9806365070141533,persistent,0.9806365070141533
168,172,0.38323968731607566,0.6529258292549222,0.5180827582854989,short-term,0.5180827582854989
200,204,0.0,1.0,0.5,short-term,0.5
196,200,0.0,0.6618663510910677,0.33093317554553386,short-term,0.33093317554553386
184,188,0.0,0.6591884795780114,0.3295942397890057,short-term,0.3295942397890057
164,168,0.0,0.6542605964577014,0.3271302982288507,short-term,0.3271302982288507
192,196,0.0,0.6385525709575861,0.31927628547879305,short-term,0.31927628547879305
216,220,0.0,0.5987860430749725,0.29939302153748626,short-term,0.29939302153748626
