low,high,recent_strength,all_strength,avg_strength,zone_type,strength
156,160,1.0,0.6950037206798003,0.8475018603399002,persistent,0.8475018603399002
199,203,0.0,1.0,0.5,short-term,0.5
176,180,0.0,0.9596838789734605,0.47984193948673026,short-term,0.47984193948673026
219,223,0.0,0.7497005041684909,0.37485025208424544,short-term,0.37485025208424544
172,176,0.0,0.7147848120641133,0.35739240603205663,short-term,0.35739240603205663
164,168,0.0,0.704469922182749,0.3522349610913745,short-term,0.3522349610913745
195,199,0.0,0.6751831982308861,0.33759159911544306,short-term,0.33759159911544306
168,172,0.0,0.6656799256377924,0.3328399628188962,short-term,0.3328399628188962
