low,high,recent_strength,all_strength,avg_strength,zone_type,strength
191,196,1.0,0.5093195528288866,0.7546597764144434,short-term,0.7546597764144434
200,204,0.0,1.0,0.5,short-term,0.5
196,200,0.34451120625666815,0.5825596233468934,0.46353541480178073,short-term,0.46353541480178073
217,221,0.0,0.913881985242581,0.4569409926212905,short-term,0.4569409926212905
183,187,0.18197287440325902,0.532822010360908,0.35739744238208354,short-term,0.35739744238208354
230,234,0.0,0.6524878832569421,0.32624394162847103,short-term,0.32624394162847103
226,230,0.0,0.6482862268299262,0.3241431134149631,short-term,0.3241431134149631
174,178,0.0,0.6222339970813059,0.31111699854065294,short-term,0.31111699854065294
