low,high,recent_strength,all_strength,avg_strength,zone_type,strength
164,168,0.9761716057964334,0.6392931485617435,0.8077323771790884,short-term,0.8077323771790884
168,172,1.0,0.6121614926137277,0.8060807463068638,persistent,0.8060807463068638
176,180,0.7607118726792073,0.83703297571088,0.7988724241950436,short-term,0.7988724241950436
200,204,0.0,1.0,0.5,short-term,0.5
196,200,0.0,0.6462218249751249,0.32311091248756246,short-term,0.32311091248756246
184,188,0.0,0.6136569804082104,0.3068284902041052,short-term,0.3068284902041052
192,196,0.0,0.6106801533312203,0.30534007666561014,short-term,0.30534007666561014
216,220,0.0,0.6027011480295484,0.3013505740147742,short-term,0.3013505740147742
