low,high,recent_strength,all_strength,avg_strength,zone_type,strength
172,176,1.0,0.4193563241180005,0.7096781620590003,short-term,0.7096781620590003
196,200,0.0,1.0,0.5,short-term,0.5
176,180,0.0,0.7073693566249661,0.35368467831248307,short-term,0.35368467831248307
184,188,0.0,0.6114729289698805,0.30573646448494024,short-term,0.30573646448494024
192,196,0.0,0.5828894707400859,0.29144473537004295,short-term,0.29144473537004295
216,220,0.0,0.5603030623790226,0.2801515311895113,short-term,0.2801515311895113
220,224,0.0,0.5459510617304719,0.27297553086523596,short-term,0.27297553086523596
152,156,0.0,0.5069678693428773,0.25348393467143865,short-term,0.25348393467143865
200,204,0.0,0.49770812288201516,0.24885406144100758,short-term,0.24885406144100758
