low,high,recent_strength,all_strength,avg_strength,zone_type,strength
156,160,1.0,0.5906270374197162,0.7953135187098581,short-term,0.7953135187098581
199,203,0.0,1.0,0.5,short-term,0.5
176,180,0.0,0.8949021683032522,0.4474510841516261,short-term,0.4474510841516261
164,168,0.14238762965365748,0.652679256600691,0.39753344312717426,short-term,0.39753344312717426
172,176,0.0,0.6680865953669886,0.3340432976834943,short-term,0.3340432976834943
219,223,0.0,0.6634383042720121,0.33171915213600606,short-term,0.33171915213600606
168,172,0.0,0.6407904150644161,0.32039520753220807,short-term,0.32039520753220807
192,195,0.0,0.6398517673999837,0.31992588369999186,short-term,0.31992588369999186
184,188,0.0,0.6117448324550638,0.3058724162275319,short-term,0.3058724162275319
