low,high,recent_strength,all_strength,avg_strength,zone_type,strength
155,159,1.0,0.4922913725413385,0.7461456862706692,short-term,0.7461456862706692
196,200,0.0,1.0,0.5,short-term,0.5
176,180,0.0,0.7138627823627002,0.3569313911813501,short-term,0.3569313911813501
184,188,0.0,0.6010624655678015,0.30053123278390076,short-term,0.30053123278390076
217,221,0.0,0.592544173308749,0.2962720866543745,short-term,0.2962720866543745
192,196,0.0,0.5593619550039743,0.27968097750198717,short-term,0.27968097750198717
180,184,0.0,0.5208188092263192,0.2604094046131596,short-term,0.2604094046131596
188,192,0.0,0.5180394889866822,0.2590197444933411,short-term,0.2590197444933411
221,225,0.0,0.5135649391490614,0.2567824695745307,short-term,0.2567824695745307
