low,high,recent_strength,all_strength,avg_strength,zone_type,strength
165,169,1.0,0.39730031065996674,0.6986501553299833,short-term,0.6986501553299833
152,156,0.6382451005643871,0.5341456056200876,0.5861953530922374,short-term,0.5861953530922374
197,201,0.0,1.0,0.5,short-term,0.5
177,181,0.0,0.6698586738913418,0.3349293369456709,short-term,0.3349293369456709
185,189,0.0,0.619755206126033,0.3098776030630165,short-term,0.3098776030630165
217,221,0.0,0.6076687554369418,0.3038343777184709,short-term,0.3038343777184709
193,197,0.0,0.5474587214007749,0.27372936070038745,short-term,0.27372936070038745
201,205,0.0,0.5147898290604795,0.25739491453023977,short-term,0.25739491453023977
181,185,0.0,0.4888666800964507,0.24443334004822534,short-term,0.24443334004822534
