low,high,recent_strength,all_strength,avg_strength,zone_type,strength
172,176,1.0,0.40344258287942686,0.7017212914397134,short-term,0.7017212914397134
196,200,0.0,1.0,0.5,short-term,0.5
176,180,0.0,0.6842983342310609,0.34214916711553045,short-term,0.34214916711553045
184,188,0.0,0.5862843346723002,0.2931421673361501,short-term,0.2931421673361501
192,196,0.0,0.5461964577816327,0.27309822889081636,short-term,0.27309822889081636
217,221,0.0,0.5296777055913069,0.26483885279565345,short-term,0.26483885279565345
221,225,0.0,0.521342804604943,0.2606714023024715,short-term,0.2606714023024715
152,156,0.0,0.49189276650427305,0.24594638325213652,short-term,0.24594638325213652
180,184,0.0,0.448882698532737,0.2244413492663685,short-term,0.2244413492663685
