low,high,recent_strength,all_strength,avg_strength,zone_type,strength
187,191,1.0,0.4457281518448311,0.7228640759224155,short-term,0.7228640759224155
200,204,0.0,1.0,0.5,short-term,0.5
217,221,0.0,0.7941085709913119,0.39705428549565597,short-term,0.39705428549565597
230,234,0.0,0.6451867268895772,0.3225933634447886,short-term,0.3225933634447886
221,225,0.0,0.6222629907329662,0.3111314953664831,short-term,0.3111314953664831
225,230,0.0,0.6168398832881293,0.30841994164406467,short-term,0.30841994164406467
174,178,0.0,0.609083520139098,0.304541760069549,short-term,0.304541760069549
195,200,0.0,0.5571301677133839,0.27856508385669193,short-term,0.27856508385669193
