low,high,recent_strength,all_strength,avg_strength,zone_type,strength
176,180,0.7312366043504752,0.9476065927554412,0.8394215985529583,short-term,0.8394215985529583
172,176,1.0,0.5773538147325074,0.7886769073662536,short-term,0.7886769073662536
168,172,0.4457095512968611,0.6519983648451925,0.5488539580710268,short-term,0.5488539580710268
200,204,0.0,1.0,0.5,short-term,0.5
184,188,0.0,0.6636608209685032,0.3318304104842516,short-term,0.3318304104842516
164,168,0.0,0.6533326923632697,0.32666634618163487,short-term,0.32666634618163487
196,200,0.0,0.6458329313319549,0.3229164656659774,short-term,0.3229164656659774
192,196,0.0,0.6339925808672049,0.31699629043360245,short-term,0.31699629043360245
216,220,0.0,0.5945100311272203,0.29725501556361017,short-term,0.29725501556361017
