low,high,recent_strength,all_strength,avg_strength,zone_type,strength
160,164,1.0,0.5124066634191913,0.7562033317095956,short-term,0.7562033317095956
172,176,0.754968109213993,0.6766698134131435,0.7158189613135683,short-term,0.7158189613135683
176,180,0.11199793293176104,0.9229288334027586,0.5174633831672598,short-term,0.5174633831672598
200,204,0.0,1.0,0.5,short-term,0.5
164,168,0.11537081565800521,0.6686046756308822,0.3919877456444437,short-term,0.3919877456444437
168,172,0.1255266589109947,0.6398372427446802,0.38268195082783746,short-term,0.38268195082783746
219,223,0.0,0.6609101768475839,0.33045508842379195,short-term,0.33045508842379195
184,188,0.0,0.6520585159292329,0.32602925796461646,short-term,0.32602925796461646
196,200,0.0,0.6316872657234719,0.31584363286173595,short-term,0.31584363286173595
