low,high,recent_strength,all_strength,avg_strength,zone_type,strength
168,172,1.0,0.5757797005209967,0.7878898502604983,persistent,0.7878898502604983
164,168,0.959101517718014,0.6003433008062228,0.7797224092621184,short-term,0.7797224092621184
176,180,0.43749276965462136,0.7669006831696509,0.6021967264121362,short-term,0.6021967264121362
196,200,0.0,1.0,0.5,short-term,0.5
192,196,0.0,0.5734735931591257,0.28673679657956286,short-term,0.28673679657956286
216,220,0.0,0.5659807201465852,0.2829903600732926,short-term,0.2829903600732926
184,188,0.0,0.5638881775827458,0.2819440887913729,short-term,0.2819440887913729
200,204,0.0,0.5459234100791476,0.2729617050395738,short-term,0.2729617050395738
