low,high,recent_strength,all_strength,avg_strength,zone_type,strength
151,155,1.0,0.3234907552769752,0.6617453776384876,short-term,0.6617453776384876
196,200,0.0,1.0,0.5,short-term,0.5
176,180,0.0,0.6800329723599104,0.3400164861799552,short-term,0.3400164861799552
217,221,0.0,0.5928444772555738,0.2964222386277869,short-term,0.2964222386277869
184,188,0.0,0.5818268803913622,0.2909134401956811,short-term,0.2909134401956811
192,196,0.0,0.5492061043125821,0.27460305215629105,short-term,0.27460305215629105
188,192,0.0,0.5139702689024735,0.2569851344512368,short-term,0.2569851344512368
180,184,0.0,0.5078791317451101,0.25393956587255506,short-term,0.25393956587255506
200,204,0.0,0.5041646208682363,0.25208231043411816,short-term,0.25208231043411816
