low,high,recent_strength,all_strength,avg_strength,zone_type,strength
156,160,1.0,0.6301092418099155,0.8150546209049577,persistent,0.8150546209049577
199,203,0.0,1.0,0.5,short-term,0.5
176,180,0.0,0.9079503741736975,0.45397518708684875,short-term,0.45397518708684875
219,223,0.0,0.6825806370281221,0.34129031851406105,short-term,0.34129031851406105
172,176,0.0,0.6581380846788903,0.3290690423394452,short-term,0.3290690423394452
164,168,0.0,0.6553155160724646,0.3276577580362323,short-term,0.3276577580362323
168,172,0.0,0.6425947651769699,0.32129738258848495,short-term,0.32129738258848495
184,188,0.0,0.6217062953115401,0.31085314765577005,short-term,0.31085314765577005
