low,high,recent_strength,all_strength,avg_strength,zone_type,strength
172,176,1.0,0.6661533420486143,0.8330766710243072,persistent,0.8330766710243072
176,180,0.10528847082286139,0.9235658758638977,0.5144271733433795,short-term,0.5144271733433795
200,204,0.0,1.0,0.5,short-term,0.5
168,172,0.11800673118042435,0.647410387293161,0.3827085592367927,short-term,0.3827085592367927
164,168,0.0,0.6625849240005941,0.33129246200029705,short-term,0.33129246200029705
219,223,0.0,0.6551438922401578,0.3275719461200789,short-term,0.3275719461200789
184,188,0.0,0.6521629233989291,0.32608146169946456,short-term,0.32608146169946456
196,200,0.0,0.6328386673214946,0.3164193336607473,short-term,0.3164193336607473
