low,high,recent_strength,all_strength,avg_strength,zone_type,strength
147,151,1.0,0.2119384193904175,0.6059692096952087,short-term,0.6059692096952087
196,201,0.0,1.0,0.5,short-term,0.5
176,180,0.0,0.6725369624124082,0.3362684812062041,short-term,0.3362684812062041
217,221,0.0,0.5963440769443957,0.29817203847219786,short-term,0.29817203847219786
184,188,0.0,0.5943456927812261,0.29717284639061303,short-term,0.29717284639061303
192,196,0.0,0.5585212962580807,0.27926064812904033,short-term,0.27926064812904033
201,205,0.0,0.5178025752831481,0.25890128764157405,short-term,0.25890128764157405
180,184,0.0,0.49976269792870326,0.24988134896435163,short-term,0.24988134896435163
221,225,0.0,0.46912678457337276,0.23456339228668638,short-term,0.23456339228668638
