low,high,recent_strength,all_strength,avg_strength,zone_type,strength
191,195,1.0,0.5590336612765372,0.7795168306382686,persistent,0.7795168306382686
199,204,0.3826543171944881,1.0,0.691327158597244,short-term,0.691327158597244
187,191,0.5487228404140436,0.5227755446003549,0.5357491925071993,short-term,0.5357491925071993
195,199,0.32663135039231356,0.6187097092664208,0.4726705298293672,short-term,0.4726705298293672
216,221,0.0,0.660886305538733,0.3304431527693665,short-term,0.3304431527693665
221,225,0.0,0.5432409924885571,0.27162049624427853,short-term,0.27162049624427853
225,229,0.0,0.5339815631339325,0.26699078156696626,short-term,0.26699078156696626
