low,high,recent_strength,all_strength,avg_strength,zone_type,strength
155,159,1.0,0.4095569959460043,0.7047784979730022,short-term,0.7047784979730022
197,201,0.0,1.0,0.5,short-term,0.5
176,180,0.0,0.7181047741017552,0.3590523870508776,short-term,0.3590523870508776
218,222,0.0,0.7103498543064114,0.3551749271532057,short-term,0.3551749271532057
184,188,0.0,0.5883509851220654,0.2941754925610327,short-term,0.2941754925610327
193,197,0.0,0.5440869790951945,0.2720434895475973,short-term,0.2720434895475973
201,205,0.0,0.5198304189363936,0.2599152094681968,short-term,0.2599152094681968
180,184,0.0,0.4900866080083973,0.24504330400419866,short-term,0.24504330400419866
226,230,0.0,0.48356474672328903,0.24178237336164451,short-term,0.24178237336164451
