low,high,recent_strength,all_strength,avg_strength,zone_type,strength
176,180,1.0,0.9649091190955862,0.9824545595477931,persistent,0.9824545595477931
168,172,0.4384942765481943,0.6388844084916449,0.5386893425199195,short-term,0.5386893425199195
200,204,0.0,1.0,0.5,short-term,0.5
164,168,0.033657506219588004,0.6542605964576996,0.3439590513386438,short-term,0.3439590513386438
196,200,0.0,0.6618663510910652,0.3309331755455326,short-term,0.3309331755455326
184,188,0.0,0.6577594185931556,0.3288797092965778,short-term,0.3288797092965778
192,196,0.0,0.6385525709575806,0.3192762854787903,short-term,0.3192762854787903
216,220,0.0,0.598786043074963,0.2993930215374815,short-term,0.2993930215374815
