low,high,recent_strength,all_strength,avg_strength,zone_type,strength
151,155,1.0,0.45985818893271685,0.7299290944663585,short-term,0.7299290944663585
200,204,0.0,1.0,0.5,short-term,0.5
175,180,0.0,0.775780060695654,0.387890030347827,short-term,0.387890030347827
184,188,0.0,0.6479453096125339,0.32397265480626697,short-term,0.32397265480626697
196,200,0.0,0.633152352047072,0.316576176023536,short-term,0.316576176023536
216,220,0.0,0.6254781402686219,0.31273907013431096,short-term,0.31273907013431096
192,196,0.0,0.6136481072442269,0.30682405362211346,short-term,0.30682405362211346
220,224,0.0,0.599582805025045,0.2997914025125225,short-term,0.2997914025125225
188,192,0.0,0.5915164346125386,0.2957582173062693,short-term,0.2957582173062693
