low,high,recent_strength,all_strength,avg_strength,zone_type,strength
199,204,1.0,1.0,1.0,persistent,1.0
195,199,0.41108696256172034,0.6224237026154453,0.5167553325885829,short-term,0.5167553325885829
187,191,0.29239473032740254,0.513925194020671,0.4031599621740368,short-term,0.4031599621740368
216,221,0.0,0.6829082163181103,0.34145410815905514,short-term,0.34145410815905514
225,229,0.0,0.5411586809451743,0.27057934047258714,short-term,0.27057934047258714
221,225,0.0,0.5398681506674614,0.2699340753337307,short-term,0.2699340753337307
174,178,0.0,0.5003946777333742,0.2501973388666871,short-term,0.2501973388666871
