low,high,recent_strength,all_strength,avg_strength,zone_type,strength
151,155,1.0,0.33850876050543055,0.6692543802527153,short-term,0.6692543802527153
196,200,0.0,1.0,0.5,short-term,0.5
176,180,0.0,0.7200052759356212,0.3600026379678106,short-term,0.3600026379678106
217,221,0.0,0.6171916802628129,0.30859584013140645,short-term,0.30859584013140645
184,188,0.0,0.6016566443465775,0.30082832217328875,short-term,0.30082832217328875
192,196,0.0,0.5669921657290568,0.2834960828645284,short-term,0.2834960828645284
188,192,0.0,0.5254369298810123,0.26271846494050616,short-term,0.26271846494050616
200,204,0.0,0.5210905906078618,0.2605452953039309,short-term,0.2605452953039309
180,184,0.0,0.5209179554566075,0.26045897772830373,short-term,0.26045897772830373
