low,high,recent_strength,all_strength,avg_strength,zone_type,strength
182,186,1.0,0.5829647339741917,0.7914823669870958,persistent,0.7914823669870958
186,191,0.5987666073516162,0.6282745673446607,0.6135205873481384,short-term,0.6135205873481384
199,203,0.0,1.0,0.5,short-term,0.5
191,195,0.22881194114371897,0.6579991981806806,0.4434055696621998,short-term,0.4434055696621998
195,199,0.00896546915413316,0.632623368824948,0.3207944189895406,short-term,0.3207944189895406
216,220,0.0,0.5927262528735638,0.2963631264367819,short-term,0.2963631264367819
220,224,0.0,0.560177709584562,0.280088854792281,short-term,0.280088854792281
