low,high,recent_strength,all_strength,avg_strength,zone_type,strength
176,180,1.0,0.96467669289565,0.982338346447825,persistent,0.982338346447825
168,172,0.37444554002354274,0.6393206665489385,0.5068831032862406,short-term,0.5068831032862406
200,204,0.0,1.0,0.5,short-term,0.5
196,200,0.0,0.661866351091063,0.3309331755455315,short-term,0.3309331755455315
184,188,0.0,0.6587696312198349,0.32938481560991745,short-term,0.32938481560991745
164,168,0.0,0.6542605964577027,0.32713029822885137,short-term,0.32713029822885137
192,196,0.0,0.6385525709575828,0.3192762854787914,short-term,0.3192762854787914
216,220,0.0,0.5987860430749656,0.2993930215374828,short-term,0.2993930215374828
