low,high,recent_strength,all_strength,avg_strength,zone_type,strength
176,180,1.0,0.9646766928956471,0.9823383464478235,persistent,0.9823383464478235
168,172,0.43931704232483854,0.6372370872898603,0.5382770648073494,short-term,0.5382770648073494
200,204,0.0,1.0,0.5,short-term,0.5
196,200,0.0,0.6618663510910648,0.3309331755455324,short-term,0.3309331755455324
184,188,0.0,0.6587696312198414,0.3293848156099207,short-term,0.3293848156099207
164,168,0.0,0.6542605964577057,0.32713029822885287,short-term,0.32713029822885287
192,196,0.0,0.6385525709575804,0.3192762854787902,short-term,0.3192762854787902
216,220,0.0,0.5987860430749684,0.2993930215374842,short-term,0.2993930215374842
