low,high,recent_strength,all_strength,avg_strength,zone_type,strength
191,195,1.0,0.6141767363114157,0.8070883681557078,persistent,0.8070883681557078
199,204,0.14841801927482076,1.0,0.5742090096374104,short-term,0.5742090096374104
195,199,0.29415118024130954,0.617972588131135,0.4560618841862223,short-term,0.4560618841862223
187,191,0.1883905070290435,0.523160800400025,0.35577565371453423,short-term,0.35577565371453423
216,221,0.0,0.6108485044342298,0.3054242522171149,short-term,0.3054242522171149
221,225,0.0,0.582402713196884,0.291201356598442,short-term,0.291201356598442
174,178,0.0,0.5061430006557639,0.25307150032788195,short-term,0.25307150032788195
