low,high,recent_strength,all_strength,avg_strength,zone_type,strength
151,155,1.0,0.2992355736818962,0.6496177868409481,short-term,0.6496177868409481
196,200,0.0,1.0,0.5,short-term,0.5
176,180,0.0,0.6452818360016449,0.32264091800082245,short-term,0.32264091800082245
217,221,0.0,0.5698511762210084,0.2849255881105042,short-term,0.2849255881105042
184,188,0.0,0.5419625600767792,0.2709812800383896,short-term,0.2709812800383896
192,196,0.0,0.5174078680177085,0.2587039340088543,short-term,0.2587039340088543
188,192,0.0,0.48494331548872804,0.24247165774436402,short-term,0.24247165774436402
180,184,0.0,0.4847210962800598,0.2423605481400299,short-term,0.2423605481400299
225,229,0.0,0.45862842413372196,0.22931421206686098,short-term,0.22931421206686098
