low,high,recent_strength,all_strength,avg_strength,zone_type,strength
172,176,1.0,0.41935632411799645,0.7096781620589983,short-term,0.7096781620589983
196,200,0.0,1.0,0.5,short-term,0.5
176,180,0.0,0.707369356624965,0.3536846783124825,short-term,0.3536846783124825
184,188,0.0,0.6114729289698783,0.30573646448493913,short-term,0.30573646448493913
192,196,0.0,0.582889470740091,0.2914447353700455,short-term,0.2914447353700455
216,220,0.0,0.5603030623790239,0.28015153118951197,short-term,0.28015153118951197
220,224,0.0,0.5459510617304714,0.2729755308652357,short-term,0.2729755308652357
152,156,0.0,0.5069678693428754,0.2534839346714377,short-term,0.2534839346714377
200,204,0.0,0.49770812288201255,0.24885406144100627,short-term,0.24885406144100627
