low,high,recent_strength,all_strength,avg_strength,zone_type,strength
182,186,1.0,0.6080833996438315,0.8040416998219158,persistent,0.8040416998219158
174,178,0.5025464254077902,0.5422068117462164,0.5223766185770033,short-term,0.5223766185770033
199,203,0.0,1.0,0.5,short-term,0.5
186,191,0.3362615723537274,0.6189112878068622,0.4775864300802948,short-term,0.4775864300802948
191,195,0.0,0.6448902255164451,0.3224451127582226,short-term,0.3224451127582226
216,220,0.0,0.5917057295097212,0.2958528647548606,short-term,0.2958528647548606
195,199,0.0,0.563360668316575,0.2816803341582875,short-term,0.2816803341582875
220,224,0.0,0.5390415934321943,0.26952079671609713,short-term,0.26952079671609713
