low,high,recent_strength,all_strength,avg_strength,zone_type,strength
164,168,1.0,0.4122882418941833,0.7061441209470917,short-term,0.7061441209470917
197,201,0.0,1.0,0.5,short-term,0.5
177,181,0.0,0.664236354924156,0.332118177462078,short-term,0.332118177462078
185,189,0.0,0.5823818638086603,0.29119093190433015,short-term,0.29119093190433015
217,221,0.0,0.5795287371928094,0.2897643685964047,short-term,0.2897643685964047
193,197,0.0,0.5231008288818497,0.26155041444092486,short-term,0.26155041444092486
201,205,0.0,0.5166502359746583,0.25832511798732916,short-term,0.25832511798732916
152,156,0.0,0.5012667994237622,0.2506333997118811,short-term,0.2506333997118811
181,185,0.0,0.46933445184833,0.234667225924165,short-term,0.234667225924165
