low,high,recent_strength,all_strength,avg_strength,zone_type,strength
172,176,1.0,0.40138872927612074,0.7006943646380603,short-term,0.7006943646380603
196,201,0.0,1.0,0.5,short-term,0.5
176,180,0.0,0.6842983342310627,0.34214916711553134,short-term,0.34214916711553134
184,188,0.0,0.5862843346723072,0.2931421673361536,short-term,0.2931421673361536
192,196,0.0,0.5461964577816333,0.27309822889081664,short-term,0.27309822889081664
217,221,0.0,0.5259854437568965,0.26299272187844824,short-term,0.26299272187844824
221,225,0.0,0.5213428046049412,0.2606714023024706,short-term,0.2606714023024706
152,156,0.0,0.49189276650427244,0.24594638325213622,short-term,0.24594638325213622
180,184,0.0,0.4488826985327378,0.2244413492663689,short-term,0.2244413492663689
