low,high,recent_strength,all_strength,avg_strength,zone_type,strength
199,204,1.0,1.0,1.0,persistent,1.0
191,195,0.9108504374671079,0.547278641403149,0.7290645394351285,short-term,0.7290645394351285
187,191,0.5458081893505697,0.5196232205863901,0.5327157049684799,short-term,0.5327157049684799
195,199,0.3656044276518653,0.6037971791587868,0.48470080340532606,short-term,0.48470080340532606
216,221,0.0,0.6650522970607805,0.33252614853039025,short-term,0.33252614853039025
225,229,0.0,0.532833844764772,0.266416922382386,short-term,0.266416922382386
221,225,0.0,0.5318649611427655,0.26593248057138275,short-term,0.26593248057138275
