low,high,recent_strength,all_strength,avg_strength,zone_type,strength
156,160,1.0,0.5755601284096453,0.7877800642048227,short-term,0.7877800642048227
199,203,0.0,1.0,0.5,short-term,0.5
176,180,0.0,0.8806775340204374,0.4403387670102187,short-term,0.4403387670102187
164,168,0.15345153976131562,0.6423047999751922,0.3978781698682539,short-term,0.3978781698682539
172,176,0.0,0.6563292960688898,0.3281646480344449,short-term,0.3281646480344449
219,223,0.0,0.6512549546317056,0.3256274773158528,short-term,0.3256274773158528
168,172,0.0,0.6317428739519898,0.3158714369759949,short-term,0.3158714369759949
192,195,0.0,0.6284436399671929,0.31422181998359644,short-term,0.31422181998359644
184,188,0.0,0.6184055020601366,0.3092027510300683,short-term,0.3092027510300683
