low,high,recent_strength,all_strength,avg_strength,zone_type,strength
187,191,1.0,0.4182222453117475,0.7091111226558737,short-term,0.7091111226558737
200,204,0.0,1.0,0.5,short-term,0.5
217,221,0.0,0.7945331891839345,0.3972665945919672,short-term,0.3972665945919672
230,234,0.0,0.6472106566391692,0.3236053283195846,short-term,0.3236053283195846
221,225,0.0,0.6320315454867353,0.3160157727433677,short-term,0.3160157727433677
225,230,0.0,0.6186518771929426,0.3093259385964713,short-term,0.3093259385964713
174,178,0.0,0.6144615329459494,0.3072307664729747,short-term,0.3072307664729747
195,200,0.0,0.5650323471315629,0.28251617356578146,short-term,0.28251617356578146
