low,high,recent_strength,all_strength,avg_strength,zone_type,strength
191,195,1.0,0.5985169602494964,0.7992584801247482,persistent,0.7992584801247482
199,204,0.15892166184258263,1.0,0.5794608309212913,short-term,0.5794608309212913
195,199,0.3149684561572411,0.6179725881311324,0.46647052214418677,short-term,0.46647052214418677
187,191,0.1307951196702679,0.5222007560642097,0.3264979378672388,short-term,0.3264979378672388
216,221,0.0,0.6108485044342198,0.3054242522171099,short-term,0.3054242522171099
221,225,0.0,0.583897228705068,0.291948614352534,short-term,0.291948614352534
174,178,0.0,0.5061430006557619,0.25307150032788095,short-term,0.25307150032788095
