low,high,recent_strength,all_strength,avg_strength,zone_type,strength
172,176,1.0,0.624114154823369,0.8120570774116844,short-term,0.8120570774116844
168,172,0.4278171229705632,0.6567486668969775,0.5422828949337704,short-term,0.5422828949337704
176,180,0.12680710772797735,0.9495299403388793,0.5381685240334283,short-term,0.5381685240334283
200,204,0.0,1.0,0.5,short-term,0.5
184,188,0.0,0.678811720179978,0.339405860089989,short-term,0.339405860089989
220,223,0.0,0.6730113883462846,0.3365056941731423,short-term,0.3365056941731423
164,168,0.0,0.6649735828562081,0.33248679142810406,short-term,0.33248679142810406
196,200,0.0,0.6626273145097894,0.3313136572548947,short-term,0.3313136572548947
192,196,0.0,0.6346883100050442,0.3173441550025221,short-term,0.3173441550025221
