low,high,recent_strength,all_strength,avg_strength,zone_type,strength
156,160,1.0,0.6653135998277598,0.8326567999138799,persistent,0.8326567999138799
199,203,0.0,1.0,0.5,short-term,0.5
176,180,0.0,0.9333846342809076,0.4666923171404538,short-term,0.4666923171404538
219,223,0.0,0.7044360100666671,0.35221800503333356,short-term,0.35221800503333356
172,176,0.0,0.688819205867035,0.3444096029335175,short-term,0.3444096029335175
164,168,0.0,0.6799141601915558,0.3399570800957779,short-term,0.3399570800957779
168,172,0.0,0.6565912974378858,0.3282956487189429,short-term,0.3282956487189429
184,188,0.0,0.6470310792369475,0.32351553961847374,short-term,0.32351553961847374
