low,high,recent_strength,all_strength,avg_strength,zone_type,strength
191,196,1.0,0.5092878093569881,0.7546439046784941,short-term,0.7546439046784941
200,204,0.0,1.0,0.5,short-term,0.5
196,200,0.3473738150313954,0.5869837165862815,0.46717876580883844,short-term,0.46717876580883844
217,221,0.0,0.9236983971029632,0.4618491985514816,short-term,0.4618491985514816
230,234,0.0,0.6524878832569455,0.32624394162847276,short-term,0.32624394162847276
226,230,0.0,0.6420437505573838,0.3210218752786919,short-term,0.3210218752786919
174,178,0.0,0.6262076590847961,0.31310382954239807,short-term,0.31310382954239807
221,226,0.0,0.5212513312937382,0.2606256656468691,short-term,0.2606256656468691
