low,high,recent_strength,all_strength,avg_strength,zone_type,strength
172,176,0.8804020665776054,0.6734302386151202,0.7769161525963628,short-term,0.7769161525963628
160,164,1.0,0.5024194742683881,0.751209737134194,short-term,0.751209737134194
176,180,0.1196913838248078,0.9229288334027682,0.521310108613788,short-term,0.521310108613788
200,204,0.0,1.0,0.5,short-term,0.5
168,172,0.1341494357857109,0.6430768175427077,0.38861312666420933,short-term,0.38861312666420933
164,168,0.09225603435136401,0.6660050522138131,0.37913054328258855,short-term,0.37913054328258855
219,223,0.0,0.6609101768475913,0.3304550884237957,short-term,0.3304550884237957
184,188,0.0,0.6491374205396078,0.3245687102698039,short-term,0.3245687102698039
196,200,0.0,0.6316872657234828,0.3158436328617414,short-term,0.3158436328617414
