low,high,recent_strength,all_strength,avg_strength,zone_type,strength
151,155,1.0,0.3402864870397352,0.6701432435198675,short-term,0.6701432435198675
196,200,0.0,1.0,0.5,short-term,0.5
176,180,0.0,0.7174755831206688,0.3587377915603344,short-term,0.3587377915603344
217,221,0.0,0.6179009021709297,0.30895045108546487,short-term,0.30895045108546487
184,188,0.0,0.6026967913781763,0.30134839568908817,short-term,0.30134839568908817
192,196,0.0,0.5652479862349659,0.28262399311748293,short-term,0.28262399311748293
180,184,0.0,0.5205631836511708,0.2602815918255854,short-term,0.2602815918255854
188,192,0.0,0.5194480702176602,0.2597240351088301,short-term,0.2597240351088301
200,204,0.0,0.5013577000565232,0.2506788500282616,short-term,0.2506788500282616
