low,high,recent_strength,all_strength,avg_strength,zone_type,strength
176,180,0.886867960260004,0.9476065927554445,0.9172372765077242,short-term,0.9172372765077242
172,176,1.0,0.5697881038303171,0.7848940519151586,short-term,0.7848940519151586
168,172,0.3914942097287455,0.65430363537274,0.5228989225507428,short-term,0.5228989225507428
200,204,0.0,1.0,0.5,short-term,0.5
184,188,0.0,0.6636608209684995,0.33183041048424977,short-term,0.33183041048424977
164,168,0.0,0.6533326923632622,0.3266663461816311,short-term,0.3266663461816311
196,200,0.0,0.6458329313319506,0.3229164656659753,short-term,0.3229164656659753
192,196,0.0,0.6339925808671978,0.3169962904335989,short-term,0.3169962904335989
216,220,0.0,0.5945100311272018,0.2972550155636009,short-term,0.2972550155636009
