low,high,recent_strength,all_strength,avg_strength,zone_type,strength
164,168,1.0,0.5155574788659819,0.7577787394329909,persistent,0.7577787394329909
196,200,0.0,1.0,0.5,short-term,0.5
176,180,0.0,0.7069697589852246,0.3534848794926123,short-term,0.3534848794926123
184,188,0.0,0.6095837586720391,0.30479187933601953,short-term,0.30479187933601953
216,220,0.0,0.5586238119732184,0.2793119059866092,short-term,0.2793119059866092
192,196,0.0,0.5560178602386827,0.27800893011934136,short-term,0.27800893011934136
152,156,0.0,0.5061355507871047,0.25306777539355235,short-term,0.25306777539355235
180,184,0.0,0.5042872284838643,0.25214361424193216,short-term,0.25214361424193216
