low,high,recent_strength,all_strength,avg_strength,zone_type,strength
156,160,1.0,0.6947046524800701,0.8473523262400351,persistent,0.8473523262400351
199,203,0.0,1.0,0.5,short-term,0.5
176,180,0.0,0.962274586442539,0.4811372932212695,short-term,0.4811372932212695
219,223,0.0,0.7618144526708845,0.3809072263354423,short-term,0.3809072263354423
164,168,0.0,0.7085979077079475,0.35429895385397375,short-term,0.35429895385397375
172,176,0.0,0.7077620420385493,0.35388102101927466,short-term,0.35388102101927466
168,172,0.0,0.6759711710830568,0.3379855855415284,short-term,0.3379855855415284
184,187,0.0,0.6610377465122855,0.33051887325614276,short-term,0.33051887325614276
