low,high,recent_strength,all_strength,avg_strength,zone_type,strength
229,231,1.0,0.688044021495037,0.8440220107475185,persistent,0.8440220107475185
224,227,0.6479791538943516,0.6037423531970728,0.6258607535457121,persistent,0.6258607535457121
219,222,0.20781151996321226,1.0,0.6039057599816061,short-term,0.6039057599816061
222,224,0.4704715272948473,0.5085987343081764,0.48953513080151184,short-term,0.48953513080151184
227,229,0.1428405710266374,0.6938630478433381,0.41835180943498773,short-term,0.41835180943498773
231,234,0.0,0.7651118718591188,0.3825559359295594,short-term,0.3825559359295594
251,253,0.0,0.43259377261427573,0.21629688630713786,short-term,0.21629688630713786
234,236,0.0,0.4266074100547831,0.21330370502739154,short-term,0.21330370502739154
