low,high,recent_strength,all_strength,avg_strength,zone_type,strength
191,196,1.0,0.46588393907609443,0.7329419695380472,short-term,0.7329419695380472
196,200,0.3655502069644638,1.0,0.6827751034822319,short-term,0.6827751034822319
187,191,0.6926386988566755,0.30701977326948265,0.49982923606307905,short-term,0.49982923606307905
217,222,0.0,0.8565099913166411,0.42825499565832054,short-term,0.42825499565832054
174,178,0.18726825684038576,0.6246788643220226,0.40597356058120415,short-term,0.40597356058120415
230,234,0.0,0.6131386540957214,0.3065693270478607,short-term,0.3065693270478607
226,230,0.0,0.5933193711934753,0.29665968559673767,short-term,0.29665968559673767
222,226,0.0,0.48535940921793047,0.24267970460896524,short-term,0.24267970460896524
200,204,0.0,0.4715489531822275,0.23577447659111375,short-term,0.23577447659111375
