low,high,recent_strength,all_strength,avg_strength,zone_type,strength
147,151,1.0,0.20468374166951905,0.6023418708347595,short-term,0.6023418708347595
197,201,0.0,1.0,0.5,short-term,0.5
217,221,0.0,0.682979023834973,0.3414895119174865,short-term,0.3414895119174865
176,180,0.0,0.6747069753937338,0.3373534876968669,short-term,0.3373534876968669
184,188,0.0,0.581339824151711,0.2906699120758555,short-term,0.2906699120758555
192,197,0.0,0.5516036532554534,0.2758018266277267,short-term,0.2758018266277267
180,184,0.0,0.5178801986034969,0.25894009930174844,short-term,0.25894009930174844
201,205,0.0,0.5174765211075047,0.2587382605537524,short-term,0.2587382605537524
226,230,0.0,0.4661417916035077,0.23307089580175386,short-term,0.23307089580175386
