low,high,recent_strength,all_strength,avg_strength,zone_type,strength
156,160,1.0,0.6427459598977375,0.8213729799488687,persistent,0.8213729799488687
199,203,0.0,1.0,0.5,short-term,0.5
176,180,0.0,0.9079503741736898,0.4539751870868449,short-term,0.4539751870868449
219,223,0.0,0.6825806370281216,0.3412903185140608,short-term,0.3412903185140608
172,176,0.0,0.6700492302263259,0.33502461511316295,short-term,0.33502461511316295
164,168,0.0,0.6472996196689268,0.3236498098344634,short-term,0.3236498098344634
168,172,0.0,0.6386995160330651,0.31934975801653254,short-term,0.31934975801653254
184,188,0.0,0.6217062953115334,0.3108531476557667,short-term,0.3108531476557667
