low,high,recent_strength,all_strength,avg_strength,zone_type,strength
172,176,1.0,0.6450199495562686,0.8225099747781344,persistent,0.8225099747781344
168,172,0.5557041626177096,0.653707315415911,0.6047057390168102,short-term,0.6047057390168102
176,180,0.09413016850625254,0.9451327417819219,0.5196314551440872,short-term,0.5196314551440872
200,204,0.0,1.0,0.5,short-term,0.5
184,188,0.0,0.6775430591984429,0.33877152959922147,short-term,0.33877152959922147
219,223,0.0,0.6749015102491295,0.33745075512456474,short-term,0.33745075512456474
164,168,0.0,0.6659749457877543,0.33298747289387715,short-term,0.33298747289387715
196,200,0.0,0.6653135974763635,0.33265679873818177,short-term,0.33265679873818177
