low,high,recent_strength,all_strength,avg_strength,zone_type,strength
172,176,1.0,0.6219845696140736,0.8109922848070368,short-term,0.8109922848070368
168,172,0.3690135707901863,0.6579399680428939,0.5134767694165401,short-term,0.5134767694165401
176,180,0.0709779096395381,0.9451567885337446,0.5080673490866414,short-term,0.5080673490866414
200,204,0.0,1.0,0.5,short-term,0.5
220,224,0.0,0.6730113883462749,0.33650569417313747,short-term,0.33650569417313747
184,188,0.0,0.6721516604112769,0.33607583020563847,short-term,0.33607583020563847
164,168,0.0,0.6649735828562104,0.3324867914281052,short-term,0.3324867914281052
196,200,0.0,0.662627314509796,0.331313657254898,short-term,0.331313657254898
192,196,0.0,0.6346883100050414,0.3173441550025207,short-term,0.3173441550025207
