low,high,recent_strength,all_strength,avg_strength,zone_type,strength
191,195,1.0,0.6058760474660665,0.8029380237330332,persistent,0.8029380237330332
199,204,0.15892166184258247,1.0,0.5794608309212912,short-term,0.5794608309212912
195,199,0.314968456157241,0.6179725881311381,0.46647052214418955,short-term,0.46647052214418955
187,191,0.1933223669232958,0.5221754870602879,0.35774892699179184,short-term,0.35774892699179184
216,221,0.0,0.610848504434231,0.3054242522171155,short-term,0.3054242522171155
221,225,0.0,0.5838972287050684,0.2919486143525342,short-term,0.2919486143525342
174,178,0.0,0.5061430006557651,0.25307150032788256,short-term,0.25307150032788256
