low,high,recent_strength,all_strength,avg_strength,zone_type,strength
151,155,1.0,0.20855644918877284,0.6042782245943864,short-term,0.6042782245943864
197,201,0.0,1.0,0.5,short-term,0.5
176,180,0.0,0.7143710377643137,0.3571855188821568,short-term,0.3571855188821568
217,222,0.0,0.7103498543064245,0.35517492715321225,short-term,0.35517492715321225
184,188,0.0,0.5880171718471929,0.29400858592359647,short-term,0.29400858592359647
193,197,0.0,0.5457288677757722,0.2728644338878861,short-term,0.2728644338878861
201,205,0.0,0.5198304189363926,0.2599152094681963,short-term,0.2599152094681963
180,184,0.0,0.49216626693609244,0.24608313346804622,short-term,0.24608313346804622
226,230,0.0,0.4839300563027816,0.2419650281513908,short-term,0.2419650281513908
