low,high,recent_strength,all_strength,avg_strength,zone_type,strength
191,196,1.0,0.453637819712454,0.726818909856227,short-term,0.726818909856227
196,200,0.3790804462427641,1.0,0.6895402231213821,short-term,0.6895402231213821
187,191,0.651851349463144,0.2940743524023563,0.47296285093275015,short-term,0.47296285093275015
217,222,0.0,0.8696099806185098,0.4348049903092549,short-term,0.4348049903092549
174,178,0.2114308059618225,0.6269487626963661,0.4191897843290943,short-term,0.4191897843290943
226,230,0.0,0.6622782932781737,0.33113914663908683,short-term,0.33113914663908683
230,234,0.0,0.5485636439163604,0.2742818219581802,short-term,0.2742818219581802
200,204,0.0,0.4795083565031902,0.2397541782515951,short-term,0.2397541782515951
222,226,0.0,0.475620511409423,0.2378102557047115,short-term,0.2378102557047115
