low,high,recent_strength,all_strength,avg_strength,zone_type,strength
191,195,0.952492915746495,0.6292633887127353,0.7908781522296151,persistent,0.7908781522296151
182,187,1.0,0.5065194694761241,0.7532597347380621,short-term,0.7532597347380621
195,199,0.5202377502543125,0.6285758505871563,0.5744068004207343,short-term,0.5744068004207343
187,191,0.5663144861037277,0.5353561779406126,0.5508353320221702,short-term,0.5508353320221702
199,203,0.0990751182425737,1.0,0.5495375591212869,short-term,0.5495375591212869
216,220,0.0,0.6130937986131987,0.30654689930659934,short-term,0.30654689930659934
220,225,0.0,0.583200719330534,0.291600359665267,short-term,0.291600359665267
174,178,0.0,0.5080752217455853,0.25403761087279264,short-term,0.25403761087279264
