low,high,recent_strength,all_strength,avg_strength,zone_type,strength
178,182,1.0,0.5821466693188577,0.7910733346594289,persistent,0.7910733346594289
182,186,0.6481247569494715,0.6773136558649832,0.6627192064072274,short-term,0.6627192064072274
199,203,0.0,1.0,0.5,short-term,0.5
174,178,0.44605710783427605,0.5386544936062843,0.4923558007202802,short-term,0.4923558007202802
190,195,0.0,0.6810882788511853,0.34054413942559264,short-term,0.34054413942559264
186,190,0.051781880486177996,0.6156078500394565,0.3336948652628173,short-term,0.3336948652628173
216,220,0.0,0.5988384306978446,0.2994192153489223,short-term,0.2994192153489223
195,199,0.0,0.5721181683953339,0.28605908419766696,short-term,0.28605908419766696
