low,high,recent_strength,all_strength,avg_strength,zone_type,strength
148,152,1.0,0.47111679466779544,0.7355583973338977,short-term,0.7355583973338977
197,201,0.0,1.0,0.5,short-term,0.5
177,181,0.0,0.670931406225413,0.3354657031127065,short-term,0.3354657031127065
185,189,0.0,0.6247756604506332,0.3123878302253166,short-term,0.3123878302253166
217,221,0.0,0.6202507017806911,0.31012535089034554,short-term,0.31012535089034554
193,197,0.0,0.5538479988228854,0.2769239994114427,short-term,0.2769239994114427
201,205,0.0,0.5269707115311167,0.26348535576555837,short-term,0.26348535576555837
152,156,0.0,0.49762856096857916,0.24881428048428958,short-term,0.24881428048428958
189,193,0.0,0.4933131849092391,0.24665659245461954,short-term,0.24665659245461954
