low,high,recent_strength,all_strength,avg_strength,zone_type,strength
187,191,1.0,0.4837541142148245,0.7418770571074123,short-term,0.7418770571074123
200,204,0.0,1.0,0.5,short-term,0.5
195,200,0.22290500889421977,0.6381111515344916,0.4305080802143557,short-term,0.4305080802143557
217,221,0.0,0.8132460584285518,0.4066230292142759,short-term,0.4066230292142759
225,230,0.0,0.6448799429395586,0.3224399714697793,short-term,0.3224399714697793
221,225,0.0,0.6433131263394152,0.3216565631697076,short-term,0.3216565631697076
174,178,0.0,0.6295222980383788,0.3147611490191894,short-term,0.3147611490191894
230,234,0.0,0.5802393543993484,0.2901196771996742,short-term,0.2901196771996742
