low,high,recent_strength,all_strength,avg_strength,zone_type,strength
156,160,1.0,0.5978343627261569,0.7989171813630784,short-term,0.7989171813630784
199,203,0.0,1.0,0.5,short-term,0.5
176,180,0.0,0.9185535142522939,0.45927675712614696,short-term,0.45927675712614696
164,168,0.06404411038708283,0.6624161268982866,0.3632301186426847,short-term,0.3632301186426847
219,223,0.0,0.672945351277844,0.336472675638922,short-term,0.336472675638922
172,176,0.0,0.6657592970788738,0.3328796485394369,short-term,0.3328796485394369
168,172,0.0,0.6495327973956927,0.32476639869784635,short-term,0.32476639869784635
195,199,0.0,0.6340699130764706,0.3170349565382353,short-term,0.3170349565382353
184,188,0.0,0.629717677531875,0.3148588387659375,short-term,0.3148588387659375
