low,high,recent_strength,all_strength,avg_strength,zone_type,strength
178,182,1.0,0.5368770051157502,0.768438502557875,persistent,0.768438502557875
182,186,0.6644844860604631,0.6180400716902605,0.6412622788753618,short-term,0.6412622788753618
199,203,0.0,1.0,0.5,short-term,0.5
174,178,0.42559783109556093,0.5380299951256631,0.481813913110612,short-term,0.481813913110612
186,191,0.11662617790607988,0.6049617683284664,0.3607939731172731,short-term,0.3607939731172731
191,195,0.0,0.6541198120530379,0.32705990602651897,short-term,0.32705990602651897
216,220,0.0,0.5838158757018552,0.2919079378509276,short-term,0.2919079378509276
195,199,0.0,0.5575219686152983,0.2787609843076492,short-term,0.2787609843076492
