low,high,recent_strength,all_strength,avg_strength,zone_type,strength
156,160,0.9373573746045091,0.756115469932851,0.84673642226868,short-term,0.84673642226868
152,156,1.0,0.6590909486507265,0.8295454743253632,persistent,0.8295454743253632
199,203,0.0,1.0,0.5,short-term,0.5
175,179,0.0,0.9425864448336828,0.4712932224168414,short-term,0.4712932224168414
218,222,0.0,0.7943140979731116,0.3971570489865558,short-term,0.3971570489865558
164,168,0.0,0.67088681366429,0.335443406832145,short-term,0.335443406832145
172,175,0.0,0.6650041648716662,0.3325020824358331,short-term,0.3325020824358331
191,195,0.0,0.6338785789644599,0.31693928948222994,short-term,0.31693928948222994
168,172,0.0,0.6283432111990066,0.3141716055995033,short-term,0.3141716055995033
