low,high,recent_strength,all_strength,avg_strength,zone_type,strength
191,195,1.0,0.6597809565349179,0.829890478267459,persistent,0.829890478267459
187,191,0.6927854713979761,0.5626427521057252,0.6277141117518507,short-term,0.6277141117518507
199,203,0.0,1.0,0.5,short-term,0.5
195,199,0.2381398664934117,0.6317834932094228,0.43496167985141726,short-term,0.43496167985141726
216,220,0.0,0.6162224358302412,0.3081112179151206,short-term,0.3081112179151206
220,225,0.0,0.5861768112101634,0.2930884056050817,short-term,0.2930884056050817
174,178,0.0,0.5106679458139166,0.2553339729069583,short-term,0.2553339729069583
