low,high,recent_strength,all_strength,avg_strength,zone_type,strength
178,182,1.0,0.5611254316347682,0.7805627158173841,persistent,0.7805627158173841
182,186,0.8265460600931095,0.6782778639602232,0.7524119620266663,short-term,0.7524119620266663
199,203,0.0,1.0,0.5,short-term,0.5
174,178,0.4025118518958932,0.5558454868725327,0.47917866938421294,short-term,0.47917866938421294
186,190,0.1242785658980428,0.6180214818602767,0.37115002387915974,short-term,0.37115002387915974
190,195,0.0,0.6857406904592246,0.3428703452296123,short-term,0.3428703452296123
216,220,0.0,0.6031474501670081,0.30157372508350405,short-term,0.30157372508350405
195,199,0.0,0.5785679465791614,0.2892839732895807,short-term,0.2892839732895807
