low,high,recent_strength,all_strength,avg_strength,zone_type,strength
182,186,1.0,0.5805523831082969,0.7902761915541485,persistent,0.7902761915541485
186,191,0.598766607351616,0.6203454963244611,0.6095560518380385,short-term,0.6095560518380385
199,203,0.0,1.0,0.5,short-term,0.5
191,195,0.22881194114371858,0.6523812766835118,0.4405966089136152,short-term,0.4405966089136152
195,199,0.03975357267184518,0.6272221032410967,0.33348783795647097,short-term,0.33348783795647097
220,224,0.0,0.6050712117715691,0.30253560588578454,short-term,0.30253560588578454
216,220,0.0,0.5876656242783306,0.2938328121391653,short-term,0.2938328121391653
