low,high,recent_strength,all_strength,avg_strength,zone_type,strength
152,156,1.0,0.6728300672092743,0.8364150336046372,persistent,0.8364150336046372
156,160,0.6379075458056003,0.7640289681550423,0.7009682569803213,short-term,0.7009682569803213
199,203,0.0,1.0,0.5,short-term,0.5
175,179,0.0,0.9629412498834675,0.48147062494173376,short-term,0.48147062494173376
218,222,0.0,0.8094851517331711,0.4047425758665856,short-term,0.4047425758665856
164,168,0.0,0.6832031116967112,0.3416015558483556,short-term,0.3416015558483556
172,175,0.0,0.6822624234438763,0.34113121172193817,short-term,0.34113121172193817
191,195,0.0,0.6455706586247181,0.32278532931235904,short-term,0.32278532931235904
168,172,0.0,0.6414413760149482,0.3207206880074741,short-term,0.3207206880074741
