low,high,recent_strength,all_strength,avg_strength,zone_type,strength
148,152,1.0,0.42338231044923197,0.711691155224616,short-term,0.711691155224616
197,201,0.0,1.0,0.5,short-term,0.5
217,221,0.0,0.7038371426768762,0.3519185713384381,short-term,0.3519185713384381
177,181,0.0,0.6647493200066409,0.33237466000332044,short-term,0.33237466000332044
185,189,0.0,0.6162676520581947,0.30813382602909734,short-term,0.30813382602909734
189,193,0.0,0.5644722605511202,0.2822361302755601,short-term,0.2822361302755601
201,205,0.0,0.5300240346297465,0.2650120173148732,short-term,0.2650120173148732
152,157,0.0,0.48720855707020977,0.24360427853510488,short-term,0.24360427853510488
193,197,0.0,0.4761720806090348,0.2380860403045174,short-term,0.2380860403045174
