low,high,recent_strength,all_strength,avg_strength,zone_type,strength
148,152,1.0,0.4520694927140996,0.7260347463570498,short-term,0.7260347463570498
197,201,0.0,1.0,0.5,short-term,0.5
177,181,0.0,0.676082403187407,0.3380412015937035,short-term,0.3380412015937035
185,189,0.0,0.6196981373831737,0.30984906869158685,short-term,0.30984906869158685
217,221,0.0,0.6152099528442847,0.30760497642214235,short-term,0.30760497642214235
193,197,0.0,0.5515791774171906,0.2757895887085953,short-term,0.2757895887085953
201,205,0.0,0.5123288149465836,0.2561644074732918,short-term,0.2561644074732918
152,156,0.011392818399542157,0.49439344061307045,0.2528931295063063,short-term,0.2528931295063063
189,193,0.0,0.48930405133631044,0.24465202566815522,short-term,0.24465202566815522
