low,high,recent_strength,all_strength,avg_strength,zone_type,strength
156,160,1.0,0.6124652070533879,0.806232603526694,short-term,0.806232603526694
199,203,0.0,1.0,0.5,short-term,0.5
176,180,0.0,0.909850473920826,0.454925236960413,short-term,0.454925236960413
219,223,0.0,0.6851213324553894,0.3425606662276947,short-term,0.3425606662276947
164,168,0.013489614737038766,0.6553155160724603,0.33440256540474955,short-term,0.33440256540474955
172,176,0.0,0.6594514119925738,0.3297257059962869,short-term,0.3297257059962869
168,172,0.0,0.6433786539030946,0.3216893269515473,short-term,0.3216893269515473
184,188,0.0,0.6237512768160139,0.31187563840800697,short-term,0.31187563840800697
191,195,0.0,0.6165032931066435,0.30825164655332177,short-term,0.30825164655332177
