low,high,recent_strength,all_strength,avg_strength,zone_type,strength
156,160,1.0,0.6710175546641173,0.8355087773320586,persistent,0.8355087773320586
199,203,0.0,1.0,0.5,short-term,0.5
176,180,0.0,0.9358198965375807,0.46790994826879034,short-term,0.46790994826879034
219,223,0.0,0.7393167296320751,0.36965836481603753,short-term,0.36965836481603753
172,176,0.0,0.6863839436103575,0.34319197180517874,short-term,0.34319197180517874
164,168,0.0,0.6822165705269091,0.34110828526345455,short-term,0.34110828526345455
168,172,0.0,0.6565912974378816,0.3282956487189408,short-term,0.3282956487189408
184,187,0.0,0.6426028431073664,0.3213014215536832,short-term,0.3213014215536832
