low,high,recent_strength,all_strength,avg_strength,zone_type,strength
148,152,1.0,0.42620436113636107,0.7131021805681805,short-term,0.7131021805681805
197,201,0.0,1.0,0.5,short-term,0.5
217,222,0.0,0.7081358690320078,0.3540679345160039,short-term,0.3540679345160039
177,181,0.0,0.6612205911792822,0.3306102955896411,short-term,0.3306102955896411
185,189,0.0,0.6214286356126026,0.3107143178063013,short-term,0.3107143178063013
189,193,0.0,0.566620030069098,0.283310015034549,short-term,0.283310015034549
201,205,0.0,0.5353584595542663,0.26767922977713315,short-term,0.26767922977713315
152,157,0.0,0.49362494107934024,0.24681247053967012,short-term,0.24681247053967012
226,230,0.0,0.4767031311550884,0.2383515655775442,short-term,0.2383515655775442
