low,high,recent_strength,all_strength,avg_strength,zone_type,strength
149,153,1.0,0.45628941352849994,0.7281447067642499,short-term,0.7281447067642499
198,202,0.0,1.0,0.5,short-term,0.5
218,222,0.0,0.711965451764111,0.3559827258820555,short-term,0.3559827258820555
190,194,0.0,0.6031168757406421,0.30155843787032105,short-term,0.30155843787032105
178,182,0.0,0.596351171552684,0.298175585776342,short-term,0.298175585776342
182,186,0.0,0.5775178970969034,0.2887589485484517,short-term,0.2887589485484517
186,190,0.0,0.5496090727559787,0.27480453637798935,short-term,0.27480453637798935
226,230,0.0,0.5279722806628868,0.2639861403314434,short-term,0.2639861403314434
202,206,0.0,0.5136750853354255,0.25683754266771275,short-term,0.25683754266771275
