low,high,recent_strength,all_strength,avg_strength,zone_type,strength
166,170,1.0,0.37171467800170055,0.6858573390008502,short-term,0.6858573390008502
196,200,0.0,1.0,0.5,short-term,0.5
217,222,0.0,0.9180552927626893,0.45902764638134463,short-term,0.45902764638134463
174,179,0.2545768505127691,0.6605050820962678,0.45754096630451846,short-term,0.45754096630451846
187,191,0.4737968859292736,0.29133059676914747,0.38256374134921056,short-term,0.38256374134921056
226,230,0.0,0.6509585922916754,0.3254792961458377,short-term,0.3254792961458377
230,235,0.0,0.5743058919923464,0.2871529459961732,short-term,0.2871529459961732
222,226,0.0,0.5196836658270982,0.2598418329135491,short-term,0.2598418329135491
200,204,0.0,0.511290282462136,0.255645141231068,short-term,0.255645141231068
