low,high,recent_strength,all_strength,avg_strength,zone_type,strength
164,168,1.0,0.5885154296863915,0.7942577148431957,persistent,0.7942577148431957
196,200,0.0,1.0,0.5,short-term,0.5
168,172,0.35509975370144403,0.5325595360060011,0.44382964485372256,short-term,0.44382964485372256
176,180,0.0,0.7238493468505584,0.3619246734252792,short-term,0.3619246734252792
184,188,0.0,0.5967712122540109,0.29838560612700543,short-term,0.29838560612700543
192,196,0.0,0.5596120279873309,0.27980601399366545,short-term,0.27980601399366545
216,220,0.0,0.5508529968511737,0.27542649842558686,short-term,0.27542649842558686
200,204,0.0,0.5195528488968628,0.2597764244484314,short-term,0.2597764244484314
