low,high,recent_strength,all_strength,avg_strength,zone_type,strength
160,164,1.0,0.31797596259384114,0.6589879812969206,short-term,0.6589879812969206
197,201,0.0,1.0,0.5,short-term,0.5
177,181,0.0,0.6597080842970396,0.3298540421485198,short-term,0.3298540421485198
185,189,0.0,0.5962192909117688,0.2981096454558844,short-term,0.2981096454558844
217,221,0.0,0.5786874974080858,0.2893437487040429,short-term,0.2893437487040429
193,197,0.0,0.5155820805401985,0.25779104027009925,short-term,0.25779104027009925
201,205,0.0,0.5025535034681171,0.25127675173405856,short-term,0.25127675173405856
152,156,0.0,0.49879230867080376,0.24939615433540188,short-term,0.24939615433540188
221,225,0.0,0.46277311502079943,0.23138655751039972,short-term,0.23138655751039972
