low,high,recent_strength,all_strength,avg_strength,zone_type,strength
172,176,1.0,0.6240780188160229,0.8120390094080114,persistent,0.8120390094080114
168,172,0.44001486302070647,0.653707315415909,0.5468610892183077,short-term,0.5468610892183077
176,180,0.09362560575895779,0.9451327417819207,0.5193791737704393,short-term,0.5193791737704393
200,204,0.0,1.0,0.5,short-term,0.5
184,188,0.0,0.675668196432467,0.3378340982162335,short-term,0.3378340982162335
220,223,0.0,0.6698947254798038,0.3349473627399019,short-term,0.3349473627399019
196,200,0.0,0.665313597476362,0.332656798738181,short-term,0.332656798738181
164,168,0.0,0.6618941424354985,0.33094707121774924,short-term,0.33094707121774924
