low,high,recent_strength,all_strength,avg_strength,zone_type,strength
172,176,1.0,0.6200121647147457,0.8100060823573729,short-term,0.8100060823573729
168,172,0.4337271621479663,0.6579399680428837,0.545833565095425,short-term,0.545833565095425
176,180,0.12799365018198253,0.9498238594779311,0.5389087548299568,short-term,0.5389087548299568
200,204,0.0,1.0,0.5,short-term,0.5
220,223,0.0,0.6730113883462737,0.33650569417313686,short-term,0.33650569417313686
184,188,0.0,0.6721516604112736,0.3360758302056368,short-term,0.3360758302056368
164,168,0.0,0.6649735828561956,0.3324867914280978,short-term,0.3324867914280978
196,200,0.0,0.6626273145097866,0.3313136572548933,short-term,0.3313136572548933
192,196,0.0,0.6346883100050418,0.3173441550025209,short-term,0.3173441550025209
