low,high,recent_strength,all_strength,avg_strength,zone_type,strength
199,204,1.0,1.0,1.0,persistent,1.0
195,199,0.5575015328183566,0.6304393477962894,0.5939704403073229,short-term,0.5939704403073229
187,191,0.3981335667587163,0.5205015287871574,0.4593175477729369,short-term,0.4593175477729369
216,221,0.0,0.6864005244128016,0.3432002622064008,short-term,0.3432002622064008
221,225,0.0,0.5484651024096548,0.2742325512048274,short-term,0.2742325512048274
225,229,0.0,0.5464573730198043,0.2732286865099022,short-term,0.2732286865099022
174,178,0.0,0.5068268087464826,0.2534134043732413,short-term,0.2534134043732413
