low,high,recent_strength,all_strength,avg_strength,zone_type,strength
148,152,1.0,0.42552299210914,0.7127614960545701,short-term,0.7127614960545701
197,201,0.0,1.0,0.5,short-term,0.5
217,221,0.0,0.7073958441759897,0.35369792208799483,short-term,0.35369792208799483
177,181,0.0,0.6681103878704926,0.3340551939352463,short-term,0.3340551939352463
185,189,0.0,0.6193835896583174,0.3096917948291587,short-term,0.3096917948291587
189,193,0.0,0.5673263132261253,0.28366315661306263,short-term,0.28366315661306263
201,205,0.0,0.5317582372746601,0.26587911863733005,short-term,0.26587911863733005
152,157,0.0,0.48967195338349373,0.24483597669174686,short-term,0.24483597669174686
193,197,0.0,0.4785796749150819,0.23928983745754095,short-term,0.23928983745754095
