low,high,recent_strength,all_strength,avg_strength,zone_type,strength
160,164,1.0,0.527054701507341,0.7635273507536705,short-term,0.7635273507536705
172,176,0.5612236942758583,0.6715897039728994,0.6164066991243788,short-term,0.6164066991243788
200,203,0.0,1.0,0.5,short-term,0.5
176,180,0.0694421550367047,0.9080735574705835,0.4887578562536441,short-term,0.4887578562536441
164,168,0.09386163765907002,0.661249433168823,0.3775555354139465,short-term,0.3775555354139465
168,172,0.10212407451623971,0.6304346108072691,0.36627934266175444,short-term,0.36627934266175444
219,223,0.0,0.6582858530246074,0.3291429265123037,short-term,0.3291429265123037
184,188,0.0,0.6351931807046093,0.31759659035230464,short-term,0.31759659035230464
196,200,0.0,0.6084273027934571,0.30421365139672857,short-term,0.30421365139672857
