low,high,recent_strength,all_strength,avg_strength,zone_type,strength
156,160,0.9415368604386624,0.6974294807336814,0.8194831705861718,short-term,0.8194831705861718
148,152,1.0,0.5799008019939104,0.7899504009969551,short-term,0.7899504009969551
199,203,0.0,1.0,0.5,short-term,0.5
176,180,0.0,0.9669903792188811,0.48349518960944055,short-term,0.48349518960944055
219,223,0.0,0.729111001026944,0.364555500513472,short-term,0.364555500513472
172,176,0.0,0.7133226823469841,0.3566613411734921,short-term,0.3566613411734921
164,168,0.0,0.7069287219640195,0.35346436098200973,short-term,0.35346436098200973
195,199,0.0,0.676155451061385,0.3380777255306925,short-term,0.3380777255306925
183,187,0.0,0.675956638960902,0.337978319480451,short-term,0.337978319480451
