low,high,recent_strength,all_strength,avg_strength,zone_type,strength
178,182,1.0,0.6489959349942784,0.8244979674971392,persistent,0.8244979674971392
182,186,0.786597381535213,0.6542555075362192,0.720426444535716,short-term,0.720426444535716
199,203,0.0,1.0,0.5,short-term,0.5
186,190,0.09231523157384221,0.5922901591131488,0.3423026953434955,short-term,0.3423026953434955
190,195,0.0,0.6257329780737442,0.3128664890368721,short-term,0.3128664890368721
216,220,0.0,0.574878855146059,0.2874394275730295,short-term,0.2874394275730295
195,199,0.0,0.5717792254680472,0.2858896127340236,short-term,0.2858896127340236
220,224,0.0,0.5244873869670675,0.26224369348353377,short-term,0.26224369348353377
