low,high,recent_strength,all_strength,avg_strength,zone_type,strength
151,155,1.0,0.32101147777502154,0.6605057388875107,short-term,0.6605057388875107
196,200,0.0,1.0,0.5,short-term,0.5
176,180,0.0,0.6779689856210772,0.3389844928105386,short-term,0.3389844928105386
217,221,0.0,0.6079029377051098,0.3039514688525549,short-term,0.3039514688525549
184,188,0.0,0.5744295272595697,0.2872147636297849,short-term,0.2872147636297849
192,196,0.0,0.5436174828752481,0.27180874143762407,short-term,0.27180874143762407
188,192,0.0,0.5117047654122812,0.2558523827061406,short-term,0.2558523827061406
180,184,0.0,0.5020650762888262,0.2510325381444131,short-term,0.2510325381444131
200,204,0.0,0.493052732811368,0.246526366405684,short-term,0.246526366405684
