low,high,recent_strength,all_strength,avg_strength,zone_type,strength
164,168,1.0,0.5667051566400512,0.7833525783200256,persistent,0.7833525783200256
196,200,0.0,1.0,0.5,short-term,0.5
176,180,0.0,0.7025824872798885,0.35129124363994424,short-term,0.35129124363994424
184,188,0.0,0.597402481550962,0.298701240775481,short-term,0.298701240775481
192,196,0.0,0.5670874610854729,0.28354373054273646,short-term,0.28354373054273646
216,220,0.0,0.5524340634155147,0.27621703170775735,short-term,0.27621703170775735
180,184,0.0,0.5165067116750521,0.25825335583752607,short-term,0.25825335583752607
200,204,0.0,0.509491000777343,0.2547455003886715,short-term,0.2547455003886715
