low,high,recent_strength,all_strength,avg_strength,zone_type,strength
147,151,1.0,0.21090998912288167,0.6054549945614408,short-term,0.6054549945614408
197,201,0.0,1.0,0.5,short-term,0.5
217,221,0.0,0.6829790238349702,0.3414895119174851,short-term,0.3414895119174851
176,180,0.0,0.6747069753937326,0.3373534876968663,short-term,0.3373534876968663
184,188,0.0,0.5813398241517082,0.2906699120758541,short-term,0.2906699120758541
192,197,0.0,0.5571587502092317,0.27857937510461583,short-term,0.27857937510461583
180,184,0.0,0.5178801986034992,0.2589400993017496,short-term,0.2589400993017496
201,205,0.0,0.5140998052800531,0.25704990264002653,short-term,0.25704990264002653
226,230,0.0,0.4621294728326984,0.2310647364163492,short-term,0.2310647364163492
