low,high,recent_strength,all_strength,avg_strength,zone_type,strength
147,151,1.0,0.3477254810842705,0.6738627405421352,short-term,0.6738627405421352
200,204,0.0,1.0,0.5,short-term,0.5
175,179,0.0,0.7970273214753852,0.3985136607376926,short-term,0.3985136607376926
196,200,0.0,0.664458262976012,0.332229131488006,short-term,0.332229131488006
192,196,0.0,0.6619520838379647,0.33097604191898233,short-term,0.33097604191898233
183,188,0.0,0.6613380210493535,0.33066901052467673,short-term,0.33066901052467673
216,220,0.0,0.6251342066435563,0.3125671033217782,short-term,0.3125671033217782
188,192,0.0,0.5900541076285863,0.29502705381429317,short-term,0.29502705381429317
179,183,0.0,0.5577116256218327,0.27885581281091637,short-term,0.27885581281091637
