low,high,recent_strength,all_strength,avg_strength,zone_type,strength
156,160,1.0,0.5929953400433882,0.7964976700216941,short-term,0.7964976700216941
199,203,0.0,1.0,0.5,short-term,0.5
176,180,0.0,0.8949021683032616,0.4474510841516308,short-term,0.4474510841516308
164,168,0.13829532364328675,0.6526792566006986,0.3954872901219927,short-term,0.3954872901219927
172,176,0.0,0.6680865953669897,0.33404329768349483,short-term,0.33404329768349483
219,223,0.0,0.6638878478345861,0.33194392391729305,short-term,0.33194392391729305
168,172,0.0,0.640790415064421,0.3203952075322105,short-term,0.3203952075322105
195,199,0.0,0.6255356533330154,0.3127678266665077,short-term,0.3127678266665077
184,188,0.0,0.6212419966735422,0.3106209983367711,short-term,0.3106209983367711
