low,high,recent_strength,all_strength,avg_strength,zone_type,strength
187,191,1.0,0.5159444158237351,0.7579722079118676,short-term,0.7579722079118676
200,204,0.0,1.0,0.5,short-term,0.5
195,200,0.19145549644492138,0.625497487379226,0.4084764919120737,short-term,0.4084764919120737
217,221,0.0,0.8074528170687795,0.40372640853438974,short-term,0.40372640853438974
221,225,0.0,0.6422898901071549,0.32114494505357744,short-term,0.32114494505357744
225,230,0.0,0.630269989035836,0.315134994517918,short-term,0.315134994517918
174,178,0.0,0.6269510190970132,0.3134755095485066,short-term,0.3134755095485066
230,234,0.0,0.5866327077395667,0.29331635386978333,short-term,0.29331635386978333
