low,high,recent_strength,all_strength,avg_strength,zone_type,strength
178,182,1.0,0.5772123637658714,0.7886061818829357,persistent,0.7886061818829357
182,186,0.7571795744736363,0.6741060197348129,0.7156427971042245,short-term,0.7156427971042245
199,203,0.0,1.0,0.5,short-term,0.5
174,178,0.387629966261613,0.5374403516040105,0.4625351589328117,short-term,0.4625351589328117
186,190,0.11968367162157469,0.61422025306118,0.36695196234137734,short-term,0.36695196234137734
190,195,0.0,0.6795530871904362,0.3397765435952181,short-term,0.3397765435952181
216,220,0.0,0.5994377062099262,0.2997188531049631,short-term,0.2997188531049631
195,199,0.0,0.5708285983522736,0.2854142991761368,short-term,0.2854142991761368
