low,high,recent_strength,all_strength,avg_strength,zone_type,strength
164,168,1.0,0.5414505521895309,0.7707252760947654,persistent,0.7707252760947654
196,200,0.0,1.0,0.5,short-term,0.5
168,172,0.35046083294894026,0.5062616583612962,0.42836124565511824,short-term,0.42836124565511824
176,180,0.0,0.703473707991359,0.3517368539956795,short-term,0.3517368539956795
184,188,0.0,0.6033970874520431,0.30169854372602156,short-term,0.30169854372602156
192,196,0.0,0.5679904135744924,0.2839952067872462,short-term,0.2839952067872462
216,220,0.0,0.5608108385057586,0.2804054192528793,short-term,0.2804054192528793
180,184,0.0,0.5114628229431702,0.2557314114715851,short-term,0.2557314114715851
