low,high,recent_strength,all_strength,avg_strength,zone_type,strength
156,160,1.0,0.7611098237287038,0.8805549118643519,persistent,0.8805549118643519
152,156,0.8825279074780435,0.6580895644967069,0.7703087359873753,short-term,0.7703087359873753
199,203,0.0,1.0,0.5,short-term,0.5
175,179,0.0,0.9425864448336787,0.47129322241683935,short-term,0.47129322241683935
218,222,0.0,0.7943140979731078,0.3971570489865539,short-term,0.3971570489865539
164,168,0.0,0.6708868136642914,0.3354434068321457,short-term,0.3354434068321457
172,175,0.0,0.6650041648716691,0.33250208243583457,short-term,0.33250208243583457
191,195,0.0,0.6338785789644664,0.3169392894822332,short-term,0.3169392894822332
168,172,0.0,0.6283432111990102,0.3141716055995051,short-term,0.3141716055995051
