low,high,recent_strength,all_strength,avg_strength,zone_type,strength
164,168,1.0,0.48619493720975715,0.7430974686048786,short-term,0.7430974686048786
196,200,0.0,1.0,0.5,short-term,0.5
176,180,0.0,0.6851227507668551,0.34256137538342757,short-term,0.34256137538342757
184,188,0.0,0.5922867238536321,0.29614336192681606,short-term,0.29614336192681606
192,196,0.0,0.544164301715102,0.272082150857551,short-term,0.272082150857551
216,220,0.0,0.5296652540242822,0.2648326270121411,short-term,0.2648326270121411
220,224,0.0,0.4998717613002614,0.2499358806501307,short-term,0.2499358806501307
152,156,0.0,0.49273764615380194,0.24636882307690097,short-term,0.24636882307690097
180,184,0.0,0.4873994804308813,0.24369974021544066,short-term,0.24369974021544066
