low,high,recent_strength,all_strength,avg_strength,zone_type,strength
187,191,1.0,0.3834713338707058,0.6917356669353529,short-term,0.6917356669353529
200,204,0.0,1.0,0.5,short-term,0.5
217,221,0.0,0.7846673812603788,0.3923336906301894,short-term,0.3923336906301894
226,230,0.0,0.6336779059800646,0.3168389529900323,short-term,0.3168389529900323
221,226,0.0,0.6323567349441014,0.3161783674720507,short-term,0.3161783674720507
230,234,0.0,0.628380392951012,0.314190196475506,short-term,0.314190196475506
196,200,0.053749936605702625,0.5650323471315657,0.30939114186863415,short-term,0.30939114186863415
174,178,0.0,0.6144615329459515,0.30723076647297576,short-term,0.30723076647297576
