low,high,recent_strength,all_strength,avg_strength,zone_type,strength
152,156,1.0,0.6602259561512909,0.8301129780756454,persistent,0.8301129780756454
199,203,0.0,1.0,0.5,short-term,0.5
176,179,0.0,0.9602960917971378,0.4801480458985689,short-term,0.4801480458985689
156,160,0.014665560014868285,0.692344179951062,0.35350486998296515,short-term,0.35350486998296515
218,222,0.0,0.7037844618567272,0.3518922309283636,short-term,0.3518922309283636
164,168,0.0,0.680054308749016,0.340027154374508,short-term,0.340027154374508
172,176,0.0,0.6726024726612808,0.3363012363306404,short-term,0.3363012363306404
191,195,0.0,0.6484313154696231,0.32421565773481154,short-term,0.32421565773481154
168,172,0.0,0.6474651695455245,0.32373258477276223,short-term,0.32373258477276223
