low,high,recent_strength,all_strength,avg_strength,zone_type,strength
178,182,1.0,0.6276598762957722,0.8138299381478862,persistent,0.8138299381478862
182,186,0.9175538637821896,0.675437361852396,0.7964956128172929,short-term,0.7964956128172929
199,203,0.0,1.0,0.5,short-term,0.5
186,190,0.0642368304618656,0.624135470566934,0.34418615051439977,short-term,0.34418615051439977
190,195,0.0,0.6799335043267241,0.33996675216336203,short-term,0.33996675216336203
216,220,0.0,0.590056005338221,0.2950280026691105,short-term,0.2950280026691105
195,199,0.0,0.5760174097192183,0.28800870485960917,short-term,0.28800870485960917
220,224,0.0,0.5397854742275224,0.2698927371137612,short-term,0.2698927371137612
