low,high,recent_strength,all_strength,avg_strength,zone_type,strength
160,164,1.0,0.3179759625938388,0.6589879812969194,short-term,0.6589879812969194
197,201,0.0,1.0,0.5,short-term,0.5
176,180,0.0,0.659708084297032,0.329854042148516,short-term,0.329854042148516
185,189,0.0,0.5952926848924482,0.2976463424462241,short-term,0.2976463424462241
217,221,0.0,0.5746075123777826,0.2873037561888913,short-term,0.2873037561888913
193,197,0.0,0.5187721089796775,0.25938605448983876,short-term,0.25938605448983876
152,156,0.0,0.4944201671371475,0.24721008356857374,short-term,0.24721008356857374
221,225,0.0,0.4714298142667103,0.23571490713335516,short-term,0.23571490713335516
189,193,0.0,0.4601149895708081,0.23005749478540405,short-term,0.23005749478540405
