low,high,recent_strength,all_strength,avg_strength,zone_type,strength
176,180,1.0,0.9646766928956451,0.9823383464478226,persistent,0.9823383464478226
168,172,0.4393170423248384,0.6388844084916429,0.5391007254082406,short-term,0.5391007254082406
200,204,0.0,1.0,0.5,short-term,0.5
164,168,0.05705711112037675,0.6542605964577,0.35565885378903833,short-term,0.35565885378903833
196,200,0.0,0.6618663510910634,0.3309331755455317,short-term,0.3309331755455317
184,188,0.0,0.6577594185931515,0.32887970929657573,short-term,0.32887970929657573
192,196,0.0,0.6385525709575836,0.3192762854787918,short-term,0.3192762854787918
216,220,0.0,0.5987860430749752,0.2993930215374876,short-term,0.2993930215374876
