low,high,recent_strength,all_strength,avg_strength,zone_type,strength
152,156,1.0,0.6728300672092747,0.8364150336046374,persistent,0.8364150336046374
156,160,0.6379075458055998,0.7640289681550434,0.7009682569803216,short-term,0.7009682569803216
199,203,0.0,1.0,0.5,short-term,0.5
175,179,0.0,0.9629412498834659,0.4814706249417329,short-term,0.4814706249417329
218,222,0.0,0.8094851517331686,0.4047425758665843,short-term,0.4047425758665843
164,168,0.0,0.6832031116967126,0.3416015558483563,short-term,0.3416015558483563
172,175,0.0,0.6822624234438742,0.3411312117219371,short-term,0.3411312117219371
191,195,0.0,0.6455706586247174,0.3227853293123587,short-term,0.3227853293123587
168,172,0.0,0.6414413760149534,0.3207206880074767,short-term,0.3207206880074767
