low,high,recent_strength,all_strength,avg_strength,zone_type,strength
152,156,1.0,0.6740014880832017,0.8370007440416009,persistent,0.8370007440416009
199,203,0.0,1.0,0.5,short-term,0.5
156,160,0.2470407194264888,0.7216161707847472,0.484328445105618,short-term,0.484328445105618
176,179,0.0,0.9629412498834612,0.4814706249417306,short-term,0.4814706249417306
218,222,0.0,0.7604394117330475,0.38021970586652376,short-term,0.38021970586652376
172,176,0.0,0.6822624234438696,0.3411312117219348,short-term,0.3411312117219348
164,168,0.0,0.681927534277358,0.340963767138679,short-term,0.340963767138679
191,195,0.0,0.6476162699712882,0.3238081349856441,short-term,0.3238081349856441
168,172,0.0,0.6414413760149442,0.3207206880074721,short-term,0.3207206880074721
