low,high,recent_strength,all_strength,avg_strength,zone_type,strength
156,160,1.0,0.6974294807336762,0.848714740366838,persistent,0.848714740366838
199,203,0.0,1.0,0.5,short-term,0.5
176,180,0.0,0.9669903792188866,0.4834951896094433,short-term,0.4834951896094433
219,223,0.0,0.729111001026932,0.364555500513466,short-term,0.364555500513466
172,176,0.0,0.7133226823469776,0.3566613411734888,short-term,0.3566613411734888
164,168,0.0,0.7069287219640183,0.3534643609820092,short-term,0.3534643609820092
195,199,0.0,0.6761554510613764,0.3380777255306882,short-term,0.3380777255306882
183,187,0.0,0.6720405879601289,0.33602029398006444,short-term,0.33602029398006444
