low,high,recent_strength,all_strength,avg_strength,zone_type,strength
191,195,1.0,0.6597809565349219,0.829890478267461,persistent,0.829890478267461
187,191,0.6077970142856279,0.5554445309381365,0.5816207726118823,short-term,0.5816207726118823
199,203,0.0,1.0,0.5,short-term,0.5
195,199,0.27275232427522056,0.6317834932094288,0.4522679087423247,short-term,0.4522679087423247
216,220,0.0,0.6162224358302474,0.3081112179151237,short-term,0.3081112179151237
220,225,0.0,0.5861768112101702,0.2930884056050851,short-term,0.2930884056050851
174,178,0.0,0.5106679458139203,0.25533397290696014,short-term,0.25533397290696014
