low,high,recent_strength,all_strength,avg_strength,zone_type,strength
155,159,1.0,0.5216538540033021,0.760826927001651,persistent,0.760826927001651
196,200,0.0,1.0,0.5,short-term,0.5
175,180,0.0,0.7195374928323701,0.35976874641618506,short-term,0.35976874641618506
184,188,0.0,0.599635762545376,0.299817881272688,short-term,0.299817881272688
216,221,0.0,0.5672519869532653,0.28362599347663264,short-term,0.28362599347663264
192,196,0.0,0.5661734614481201,0.28308673072406004,short-term,0.28308673072406004
221,225,0.0,0.5549038121273961,0.2774519060636981,short-term,0.2774519060636981
188,192,0.0,0.5400458908799285,0.27002294543996425,short-term,0.27002294543996425
