low,high,recent_strength,all_strength,avg_strength,zone_type,strength
187,191,1.0,0.43607322486362926,0.7180366124318146,short-term,0.7180366124318146
200,204,0.0,1.0,0.5,short-term,0.5
217,221,0.0,0.7945331891839302,0.3972665945919651,short-term,0.3972665945919651
230,234,0.0,0.6431686379475703,0.32158431897378514,short-term,0.32158431897378514
221,225,0.0,0.6254208730346671,0.31271043651733355,short-term,0.31271043651733355
225,230,0.0,0.6252625496450115,0.31263127482250574,short-term,0.31263127482250574
174,178,0.0,0.6121745187958547,0.30608725939792736,short-term,0.30608725939792736
195,200,0.0,0.5650323471315661,0.28251617356578307,short-term,0.28251617356578307
