low,high,recent_strength,all_strength,avg_strength,zone_type,strength
151,155,1.0,0.33980608602718054,0.6699030430135903,short-term,0.6699030430135903
196,200,0.0,1.0,0.5,short-term,0.5
176,180,0.0,0.7144761823481519,0.35723809117407596,short-term,0.35723809117407596
217,221,0.0,0.620300237054196,0.310150118527098,short-term,0.310150118527098
184,188,0.0,0.6026967913781758,0.3013483956890879,short-term,0.3013483956890879
192,196,0.0,0.5652479862349634,0.2826239931174817,short-term,0.2826239931174817
180,184,0.0,0.5205631836511733,0.26028159182558663,short-term,0.26028159182558663
188,192,0.0,0.5194480702176614,0.2597240351088307,short-term,0.2597240351088307
200,204,0.0,0.5013577000565224,0.2506788500282612,short-term,0.2506788500282612
