low,high,recent_strength,all_strength,avg_strength,zone_type,strength
191,195,1.0,0.6256873596067091,0.8128436798033545,persistent,0.8128436798033545
195,199,0.6700486405924336,0.6276901255727592,0.6488693830825965,short-term,0.6488693830825965
199,204,0.15521563111680836,1.0,0.5776078155584041,short-term,0.5776078155584041
187,191,0.3854134699051684,0.5251859160381677,0.45529969297166806,short-term,0.45529969297166806
216,221,0.0,0.6131804429603447,0.30659022148017234,short-term,0.30659022148017234
221,225,0.0,0.5846260587805446,0.2923130293902723,short-term,0.2923130293902723
174,178,0.0,0.5080752217455866,0.2540376108727933,short-term,0.2540376108727933
