low,high,recent_strength,all_strength,avg_strength,zone_type,strength
172,176,1.0,0.41744733161352093,0.7087236658067605,short-term,0.7087236658067605
196,200,0.0,1.0,0.5,short-term,0.5
176,180,0.0,0.7012491355825078,0.3506245677912539,short-term,0.3506245677912539
184,188,0.0,0.6082981469251268,0.3041490734625634,short-term,0.3041490734625634
192,196,0.0,0.5805107633092816,0.2902553816546408,short-term,0.2902553816546408
216,220,0.0,0.5573939555031747,0.27869697775158736,short-term,0.27869697775158736
152,156,0.0,0.5043356800625292,0.2521678400312646,short-term,0.2521678400312646
180,184,0.0,0.4988718648635646,0.2494359324317823,short-term,0.2494359324317823
220,224,0.0,0.49637625025694837,0.24818812512847419,short-term,0.24818812512847419
