low,high,recent_strength,all_strength,avg_strength,zone_type,strength
164,169,1.0,0.3987316267562534,0.6993658133781266,short-term,0.6993658133781266
152,156,0.4961021048442842,0.5260877277376316,0.5110949162909579,short-term,0.5110949162909579
197,201,0.0,1.0,0.5,short-term,0.5
177,181,0.0,0.6729371623345536,0.3364685811672768,short-term,0.3364685811672768
185,189,0.0,0.5941401363136557,0.29707006815682785,short-term,0.29707006815682785
217,221,0.0,0.5885755317095707,0.29428776585478533,short-term,0.29428776585478533
193,197,0.0,0.5438780010180199,0.27193900050900993,short-term,0.27193900050900993
201,205,0.0,0.5247154590117995,0.26235772950589975,short-term,0.26235772950589975
181,185,0.0,0.48299411768262174,0.24149705884131087,short-term,0.24149705884131087
