low,high,recent_strength,all_strength,avg_strength,zone_type,strength
191,195,1.0,0.6601017426132121,0.830050871306606,persistent,0.830050871306606
182,187,0.6886293571044633,0.5073971651125686,0.5980132611085159,short-term,0.5980132611085159
199,203,0.02920716783879931,1.0,0.5146035839193996,short-term,0.5146035839193996
187,191,0.45951966358039364,0.5430333722531507,0.5012765179167722,short-term,0.5012765179167722
195,199,0.340874563499234,0.631783493209426,0.48632902835433,short-term,0.48632902835433
216,220,0.0,0.616222435830246,0.308111217915123,short-term,0.308111217915123
220,225,0.0,0.5861768112101648,0.2930884056050824,short-term,0.2930884056050824
174,178,0.0,0.510667945813922,0.255333972906961,short-term,0.255333972906961
