low,high,recent_strength,all_strength,avg_strength,zone_type,strength
156,160,1.0,0.7500860822767058,0.875043041138353,persistent,0.875043041138353
152,156,0.9322235546035824,0.6713240030556061,0.8017737788295942,short-term,0.8017737788295942
199,203,0.0,1.0,0.5,short-term,0.5
175,179,0.0,0.9271223972784572,0.4635611986392286,short-term,0.4635611986392286
218,222,0.0,0.7891777299178776,0.3945888649589388,short-term,0.3945888649589388
164,168,0.0,0.6598802628619317,0.32994013143096584,short-term,0.32994013143096584
172,175,0.0,0.654094124645266,0.327047062322633,short-term,0.327047062322633
191,195,0.0,0.6234791842531698,0.3117395921265849,short-term,0.3117395921265849
168,172,0.0,0.6180346295805902,0.3090173147902951,short-term,0.3090173147902951
