low,high,recent_strength,all_strength,avg_strength,zone_type,strength
176,180,1.0,0.9646766928956448,0.9823383464478224,persistent,0.9823383464478224
168,172,0.384925966133951,0.6465273472226892,0.5157266566783201,short-term,0.5157266566783201
200,204,0.0,1.0,0.5,short-term,0.5
196,200,0.0,0.6618663510910641,0.33093317554553203,short-term,0.33093317554553203
184,188,0.0,0.6591884795780079,0.32959423978900393,short-term,0.32959423978900393
164,168,0.0,0.6542605964577035,0.32713029822885176,short-term,0.32713029822885176
192,196,0.0,0.6385525709575842,0.3192762854787921,short-term,0.3192762854787921
216,220,0.0,0.598786043074965,0.2993930215374825,short-term,0.2993930215374825
