low,high,recent_strength,all_strength,avg_strength,zone_type,strength
156,160,1.0,0.6982172993139331,0.8491086496569665,persistent,0.8491086496569665
199,203,0.0,1.0,0.5,short-term,0.5
176,180,0.0,0.9661417788076867,0.48307088940384335,short-term,0.48307088940384335
219,223,0.0,0.7531669913979969,0.37658349569899846,short-term,0.37658349569899846
172,176,0.0,0.7180898550900766,0.3590449275450383,short-term,0.3590449275450383
164,168,0.0,0.7077272709176627,0.35386363545883137,short-term,0.35386363545883137
195,199,0.0,0.6829289595468485,0.34146447977342426,short-term,0.34146447977342426
168,172,0.0,0.6687579160464046,0.3343789580232023,short-term,0.3343789580232023
