low,high,recent_strength,all_strength,avg_strength,zone_type,strength
200,204,1.0,1.0,1.0,persistent,1.0
195,200,0.807127698387288,0.604791597851411,0.7059596481193495,short-term,0.7059596481193495
191,195,0.4191840655399755,0.5125039684426399,0.46584401699130773,short-term,0.46584401699130773
217,221,0.0,0.6942606230610404,0.3471303115305202,short-term,0.3471303115305202
221,225,0.0,0.5607712347430331,0.28038561737151657,short-term,0.28038561737151657
225,229,0.0,0.5582450286197653,0.27912251430988266,short-term,0.27912251430988266
174,178,0.0,0.53542747226351,0.267713736131755,short-term,0.267713736131755
