low,high,recent_strength,all_strength,avg_strength,zone_type,strength
191,195,1.0,0.5972107904530776,0.7986053952265388,persistent,0.7986053952265388
199,204,0.160711383299934,1.0,0.580355691649967,short-term,0.580355691649967
195,199,0.31851552329609256,0.6179725881311374,0.468244055713615,short-term,0.468244055713615
216,221,0.0,0.6049139151976207,0.30245695759881036,short-term,0.30245695759881036
221,225,0.0,0.585090415553214,0.292545207776607,short-term,0.292545207776607
187,191,0.023062472865384903,0.5095346749251453,0.26629857389526507,short-term,0.26629857389526507
174,178,0.0,0.48156490229539467,0.24078245114769734,short-term,0.24078245114769734
