low,high,recent_strength,all_strength,avg_strength,zone_type,strength
187,191,1.0,0.3798560613228353,0.6899280306614176,short-term,0.6899280306614176
196,200,0.7164752413276766,0.5848287983926093,0.6506520198601429,short-term,0.6506520198601429
183,187,0.6165218304836629,0.5492244396195184,0.5828731350515907,short-term,0.5828731350515907
200,204,0.0,1.0,0.5,short-term,0.5
217,221,0.0,0.9055527454479457,0.45277637272397286,short-term,0.45277637272397286
226,230,0.0,0.6468683890368927,0.32343419451844635,short-term,0.32343419451844635
230,234,0.0,0.6430042885363444,0.3215021442681722,short-term,0.3215021442681722
174,178,0.0,0.6222339970813067,0.31111699854065333,short-term,0.31111699854065333
