low,high,recent_strength,all_strength,avg_strength,zone_type,strength
172,176,1.0,0.6473846216263336,0.8236923108131669,persistent,0.8236923108131669
176,180,0.09132465059233993,0.9451264434181937,0.5182255470052668,short-term,0.5182255470052668
200,204,0.0,1.0,0.5,short-term,0.5
168,172,0.3377023790650715,0.6537073154159128,0.49570484724049213,short-term,0.49570484724049213
184,188,0.0,0.6794940751164793,0.33974703755823965,short-term,0.33974703755823965
219,223,0.0,0.6755085846711404,0.3377542923355702,short-term,0.3377542923355702
164,168,0.0,0.6690997770155405,0.33454988850777023,short-term,0.33454988850777023
196,200,0.0,0.6653135974763615,0.33265679873818077,short-term,0.33265679873818077
