low,high,recent_strength,all_strength,avg_strength,zone_type,strength
147,151,1.0,0.21193841939041677,0.6059692096952084,short-term,0.6059692096952084
196,201,0.0,1.0,0.5,short-term,0.5
176,180,0.0,0.6725369624124049,0.33626848120620245,short-term,0.33626848120620245
217,221,0.0,0.5937000162974208,0.2968500081487104,short-term,0.2968500081487104
184,188,0.0,0.5929380028100014,0.2964690014050007,short-term,0.2964690014050007
192,196,0.0,0.5585212962580772,0.2792606481290386,short-term,0.2792606481290386
201,205,0.0,0.5178025752831459,0.25890128764157294,short-term,0.25890128764157294
180,184,0.0,0.4994135451996394,0.2497067725998197,short-term,0.2497067725998197
221,225,0.0,0.47085950695371365,0.23542975347685682,short-term,0.23542975347685682
