low,high,recent_strength,all_strength,avg_strength,zone_type,strength
200,204,1.0,1.0,1.0,persistent,1.0
195,200,0.8717692189446082,0.6073125335506642,0.7395408762476362,short-term,0.7395408762476362
191,195,0.5579359262798768,0.5221496094865672,0.540042767883222,short-term,0.540042767883222
217,221,0.0,0.707327036539419,0.3536635182697095,short-term,0.3536635182697095
221,225,0.0,0.5713252955330872,0.2856626477665436,short-term,0.2856626477665436
225,229,0.0,0.5687515446512005,0.28437577232560024,short-term,0.28437577232560024
174,178,0.0,0.5455045477995374,0.2727522738997687,short-term,0.2727522738997687
