low,high,recent_strength,all_strength,avg_strength,zone_type,strength
152,156,0.5787045308698554,0.5377135155392275,0.5582090232045415,short-term,0.5582090232045415
144,148,1.0,0.11050405912376136,0.5552520295618807,short-term,0.5552520295618807
197,201,0.0,1.0,0.5,short-term,0.5
177,181,0.0,0.6701559054565637,0.33507795272828184,short-term,0.33507795272828184
185,189,0.0,0.6247756604506375,0.31238783022531874,short-term,0.31238783022531874
217,221,0.0,0.6175006443302451,0.30875032216512255,short-term,0.30875032216512255
193,197,0.0,0.5538479988228816,0.2769239994114408,short-term,0.2769239994114408
201,205,0.0,0.526970711531116,0.263485355765558,short-term,0.263485355765558
189,193,0.0,0.4933131849092399,0.24665659245461996,short-term,0.24665659245461996
