low,high,recent_strength,all_strength,avg_strength,zone_type,strength
160,164,1.0,0.3179759625938394,0.6589879812969197,short-term,0.6589879812969197
197,201,0.0,1.0,0.5,short-term,0.5
176,181,0.0,0.6597080842970349,0.32985404214851743,short-term,0.32985404214851743
185,189,0.0,0.5997651613763086,0.2998825806881543,short-term,0.2998825806881543
217,221,0.0,0.5818146134923602,0.2909073067461801,short-term,0.2909073067461801
193,197,0.0,0.5187721089796807,0.25938605448984037,short-term,0.25938605448984037
152,156,0.0,0.4987923086708019,0.24939615433540094,short-term,0.24939615433540094
221,225,0.0,0.4642227131521439,0.23211135657607196,short-term,0.23211135657607196
189,193,0.0,0.45564251308695625,0.22782125654347812,short-term,0.22782125654347812
