low,high,recent_strength,all_strength,avg_strength,zone_type,strength
156,160,1.0,0.5890659800619757,0.7945329900309879,short-term,0.7945329900309879
199,203,0.0,1.0,0.5,short-term,0.5
176,180,0.0,0.894902168303267,0.4474510841516335,short-term,0.4474510841516335
164,168,0.14522012414994434,0.6526792566006967,0.3989496903753205,short-term,0.3989496903753205
172,176,0.0,0.668086595366994,0.334043297683497,short-term,0.334043297683497
219,223,0.0,0.6602908005720253,0.33014540028601264,short-term,0.33014540028601264
168,172,0.0,0.6407904150644224,0.3203952075322112,short-term,0.3203952075322112
192,195,0.0,0.6385942122261363,0.31929710611306816,short-term,0.31929710611306816
184,188,0.0,0.6283939391048914,0.3141969695524457,short-term,0.3141969695524457
