low,high,recent_strength,all_strength,avg_strength,zone_type,strength
187,191,1.0,0.4961388216969972,0.7480694108484987,short-term,0.7480694108484987
200,204,0.0,1.0,0.5,short-term,0.5
195,200,0.19713018523158743,0.6300809787565761,0.41360558199408176,short-term,0.41360558199408176
217,221,0.0,0.8119853774164063,0.40599268870820315,short-term,0.40599268870820315
183,187,0.10483041376022628,0.5767195367145682,0.34077497523739725,short-term,0.34077497523739725
225,230,0.0,0.6417186816552028,0.3208593408276014,short-term,0.3208593408276014
221,225,0.0,0.6401595457353356,0.3200797728676678,short-term,0.3200797728676678
174,178,0.0,0.626436321353546,0.313218160676773,short-term,0.313218160676773
