low,high,recent_strength,all_strength,avg_strength,zone_type,strength
160,164,1.0,0.5165078074640141,0.7582539037320071,short-term,0.7582539037320071
172,176,0.6775063529213844,0.6760470431604799,0.6767766980409322,short-term,0.6767766980409322
200,204,0.0,1.0,0.5,short-term,0.5
176,180,0.07965681722932252,0.9188338910958951,0.4992453541626088,short-term,0.4992453541626088
164,168,0.10766830770015057,0.6656381440049082,0.38665322585252937,short-term,0.38665322585252937
168,172,0.11714611584496548,0.6346188037443214,0.37588245979464346,short-term,0.37588245979464346
219,223,0.0,0.6647076436880421,0.33235382184402107,short-term,0.33235382184402107
184,188,0.0,0.6411127540011377,0.3205563770005688,short-term,0.3205563770005688
196,200,0.0,0.62444763361517,0.312223816807585,short-term,0.312223816807585
