low,high,recent_strength,all_strength,avg_strength,zone_type,strength
178,182,1.0,0.6421780657796642,0.8210890328898321,persistent,0.8210890328898321
182,186,0.7349835291316872,0.6717465413272343,0.7033650352294607,short-term,0.7033650352294607
199,203,0.0,1.0,0.5,short-term,0.5
186,190,0.07551279235829235,0.6118042777555398,0.34365853505691607,short-term,0.34365853505691607
190,195,0.0,0.6428463977841986,0.3214231988920993,short-term,0.3214231988920993
195,199,0.0,0.6138674086181976,0.3069337043090988,short-term,0.3069337043090988
216,220,0.0,0.5962787674726792,0.2981393837363396,short-term,0.2981393837363396
220,224,0.0,0.5176789034644823,0.25883945173224115,short-term,0.25883945173224115
