low,high,recent_strength,all_strength,avg_strength,zone_type,strength
187,191,1.0,0.40110984661381344,0.7005549233069067,short-term,0.7005549233069067
200,204,0.0,1.0,0.5,short-term,0.5
217,221,0.0,0.7846673812603724,0.3923336906301862,short-term,0.3923336906301862
230,234,0.0,0.6454929496919121,0.32274647484595603,short-term,0.32274647484595603
221,226,0.0,0.6285525000430626,0.3142762500215313,short-term,0.3142762500215313
226,230,0.0,0.6203695841401986,0.3101847920700993,short-term,0.3101847920700993
174,178,0.0,0.6144615329459515,0.30723076647297576,short-term,0.30723076647297576
196,200,0.0451988669558363,0.5650323471315639,0.3051156070437001,short-term,0.3051156070437001
