low,high,recent_strength,all_strength,avg_strength,zone_type,strength
166,170,1.0,0.37568826741854583,0.6878441337092729,short-term,0.6878441337092729
196,200,0.0,1.0,0.5,short-term,0.5
170,174,0.4471210300990586,0.4838088324768772,0.46546493128796795,short-term,0.46546493128796795
217,222,0.0,0.9156983766503138,0.4578491883251569,short-term,0.4578491883251569
174,179,0.24784470176507456,0.6088728685285248,0.4283587851467997,short-term,0.4283587851467997
226,230,0.0,0.6654671022505046,0.3327335511252523,short-term,0.3327335511252523
230,235,0.0,0.5705364189111732,0.2852682094555866,short-term,0.2852682094555866
222,226,0.0,0.5347540694239492,0.2673770347119746,short-term,0.2673770347119746
200,205,0.0,0.5229908907777823,0.26149544538889113,short-term,0.26149544538889113
