low,high,recent_strength,all_strength,avg_strength,zone_type,strength
151,155,1.0,0.47533345194587956,0.7376667259729398,short-term,0.7376667259729398
200,204,0.0,1.0,0.5,short-term,0.5
175,179,0.0,0.7757800606956563,0.38789003034782815,short-term,0.38789003034782815
184,188,0.0,0.6435431768108211,0.32177158840541054,short-term,0.32177158840541054
196,200,0.0,0.6412687150311117,0.32063435751555586,short-term,0.32063435751555586
216,220,0.0,0.6170445970310178,0.3085222985155089,short-term,0.3085222985155089
192,196,0.0,0.6104536112936061,0.30522680564680305,short-term,0.30522680564680305
188,192,0.0,0.5986190028198553,0.2993095014099276,short-term,0.2993095014099276
220,224,0.0,0.5598920464419401,0.27994602322097006,short-term,0.27994602322097006
