low,high,recent_strength,all_strength,avg_strength,zone_type,strength
178,182,1.0,0.6394903180415584,0.8197451590207792,persistent,0.8197451590207792
182,186,0.8002428105542713,0.6646383895515149,0.7324406000528931,short-term,0.7324406000528931
199,203,0.0,1.0,0.5,short-term,0.5
174,178,0.3682182069928758,0.5157441438691762,0.441981175431026,short-term,0.441981175431026
186,190,0.08075784310921533,0.6025555998312138,0.34165672147021453,short-term,0.34165672147021453
190,195,0.0,0.6359503900963124,0.3179751950481562,short-term,0.3179751950481562
216,220,0.0,0.6084078437472785,0.30420392187363926,short-term,0.30420392187363926
195,199,0.0,0.5955698842894762,0.2977849421447381,short-term,0.2977849421447381
