low,high,recent_strength,all_strength,avg_strength,zone_type,strength
151,155,1.0,0.3308518325399505,0.6654259162699753,short-term,0.6654259162699753
196,200,0.0,1.0,0.5,short-term,0.5
176,180,0.0,0.7148278838588931,0.35741394192944653,short-term,0.35741394192944653
217,221,0.0,0.6084582233345716,0.3042291116672858,short-term,0.3042291116672858
184,188,0.0,0.5959832364453064,0.2979916182226532,short-term,0.2979916182226532
192,196,0.0,0.5657104659402215,0.2828552329701107,short-term,0.2828552329701107
188,192,0.0,0.5216586339594278,0.2608293169797139,short-term,0.2608293169797139
180,184,0.0,0.5185191880102681,0.25925959400513404,short-term,0.25925959400513404
200,204,0.0,0.5099918804945689,0.25499594024728445,short-term,0.25499594024728445
