low,high,recent_strength,all_strength,avg_strength,zone_type,strength
191,195,1.0,0.6551510321152662,0.827575516057633,persistent,0.827575516057633
187,191,0.791869481913277,0.5722584875777852,0.6820639847455311,short-term,0.6820639847455311
182,187,0.7680217402864032,0.5142730447878382,0.6411473925371207,short-term,0.6411473925371207
199,203,0.0,1.0,0.5,short-term,0.5
195,199,0.11660564525487033,0.63639538397045,0.3765005146126602,short-term,0.3765005146126602
216,220,0.0,0.6111242729339654,0.3055621364669827,short-term,0.3055621364669827
220,225,0.0,0.5912749741064408,0.2956374870532204,short-term,0.2956374870532204
