low,high,recent_strength,all_strength,avg_strength,zone_type,strength
156,160,1.0,0.5886585013951885,0.7943292506975943,short-term,0.7943292506975943
199,203,0.0,1.0,0.5,short-term,0.5
176,180,0.0,0.8949021683032644,0.4474510841516322,short-term,0.4474510841516322
164,168,0.15649597703682153,0.653500341479958,0.4049981592583897,short-term,0.4049981592583897
172,176,0.0,0.6680865953669962,0.3340432976834981,short-term,0.3340432976834981
219,223,0.0,0.6638878478345892,0.3319439239172946,short-term,0.3319439239172946
168,172,0.0,0.6407904150644202,0.3203952075322101,short-term,0.3203952075322101
195,199,0.0,0.6255356533330144,0.3127678266665072,short-term,0.3127678266665072
184,188,0.0,0.6212419966735484,0.3106209983367742,short-term,0.3106209983367742
