low,high,recent_strength,all_strength,avg_strength,zone_type,strength
164,168,1.0,0.5645810311868984,0.7822905155934492,persistent,0.7822905155934492
196,200,0.0,1.0,0.5,short-term,0.5
176,180,0.0,0.7025824872798866,0.3512912436399433,short-term,0.3512912436399433
184,188,0.0,0.6036559828515164,0.3018279914257582,short-term,0.3018279914257582
192,196,0.0,0.5670874610854764,0.2835437305427382,short-term,0.2835437305427382
216,220,0.0,0.5524340634155149,0.27621703170775747,short-term,0.27621703170775747
180,184,0.0,0.5165067116750537,0.25825335583752684,short-term,0.25825335583752684
200,204,0.0,0.5094910007773436,0.2547455003886718,short-term,0.2547455003886718
