low,high,recent_strength,all_strength,avg_strength,zone_type,strength
172,176,1.0,0.6130590378964043,0.8065295189482021,persistent,0.8065295189482021
176,180,0.202733223741462,0.9451955571674058,0.5739643904544339,short-term,0.5739643904544339
168,172,0.40671548740440533,0.6589502117431301,0.5328328495737678,short-term,0.5328328495737678
200,204,0.0,1.0,0.5,short-term,0.5
184,188,0.0,0.6721516604112715,0.33607583020563575,short-term,0.33607583020563575
164,168,0.0,0.6649735828562062,0.3324867914281031,short-term,0.3324867914281031
196,200,0.0,0.6626273145097937,0.33131365725489687,short-term,0.33131365725489687
192,196,0.0,0.6346883100050431,0.31734415500252156,short-term,0.31734415500252156
