low,high,recent_strength,all_strength,avg_strength,zone_type,strength
148,152,1.0,0.4225050424890124,0.7112525212445062,short-term,0.7112525212445062
197,201,0.0,1.0,0.5,short-term,0.5
217,221,0.0,0.7073958441759811,0.35369792208799056,short-term,0.35369792208799056
177,181,0.0,0.6681103878704925,0.33405519393524624,short-term,0.33405519393524624
185,189,0.0,0.619383589658318,0.309691794829159,short-term,0.309691794829159
189,193,0.0,0.5673263132261284,0.2836631566130642,short-term,0.2836631566130642
201,205,0.0,0.5317582372746622,0.2658791186373311,short-term,0.2658791186373311
152,157,0.0,0.49434403820093703,0.24717201910046852,short-term,0.24717201910046852
193,197,0.0,0.4785796749150824,0.2392898374575412,short-term,0.2392898374575412
