low,high,recent_strength,all_strength,avg_strength,zone_type,strength
156,160,1.0,0.694046274760037,0.8470231373800186,persistent,0.8470231373800186
199,203,0.0,1.0,0.5,short-term,0.5
176,180,0.0,0.9622995427718978,0.4811497713859489,short-term,0.4811497713859489
219,223,0.0,0.7413471814965449,0.37067359074827244,short-term,0.37067359074827244
172,176,0.0,0.7098623790092004,0.3549311895046002,short-term,0.3549311895046002
164,168,0.0,0.7034994355040155,0.35174971775200775,short-term,0.35174971775200775
195,199,0.0,0.6728754446602537,0.33643772233012686,short-term,0.33643772233012686
183,187,0.0,0.6702837967627941,0.3351418983813971,short-term,0.3351418983813971
