low,high,recent_strength,all_strength,avg_strength,zone_type,strength
160,164,1.0,0.3080912153336428,0.6540456076668214,short-term,0.6540456076668214
197,201,0.0,1.0,0.5,short-term,0.5
152,156,0.477048593303731,0.5090918777010268,0.49307023550237894,short-term,0.49307023550237894
177,181,0.0,0.67293716233455,0.336468581167275,short-term,0.336468581167275
185,189,0.0,0.5963757440267146,0.2981878720133573,short-term,0.2981878720133573
217,221,0.0,0.5885755317095663,0.29428776585478317,short-term,0.29428776585478317
193,197,0.0,0.5468773551227077,0.27343867756135387,short-term,0.27343867756135387
201,205,0.0,0.5247154590117995,0.26235772950589975,short-term,0.26235772950589975
181,185,0.0,0.47824815479740546,0.23912407739870273,short-term,0.23912407739870273
