low,high,recent_strength,all_strength,avg_strength,zone_type,strength
164,168,1.0,0.5211708956720605,0.7605854478360303,persistent,0.7605854478360303
196,200,0.0,1.0,0.5,short-term,0.5
176,180,0.0,0.6999098317895376,0.3499549158947688,short-term,0.3499549158947688
184,188,0.0,0.6034963455950291,0.30174817279751454,short-term,0.30174817279751454
216,220,0.0,0.5583393937834296,0.2791696968917148,short-term,0.2791696968917148
192,196,0.0,0.5504653658598315,0.27523268292991576,short-term,0.27523268292991576
152,156,0.0,0.5010811901241626,0.2505405950620813,short-term,0.2505405950620813
180,184,0.0,0.499251325499954,0.249625662749977,short-term,0.249625662749977
