low,high,recent_strength,all_strength,avg_strength,zone_type,strength
199,204,1.0,1.0,1.0,persistent,1.0
195,199,0.7157788343400684,0.6420408469150296,0.678909840627549,short-term,0.678909840627549
187,191,0.6158141732439154,0.51704924960437,0.5664317114241427,short-term,0.5664317114241427
217,221,0.0,0.6983231138945944,0.3491615569472972,short-term,0.3491615569472972
225,229,0.0,0.5605568756906736,0.2802784378453368,short-term,0.2802784378453368
221,225,0.0,0.5579917913158349,0.27899589565791744,short-term,0.27899589565791744
174,178,0.0,0.5156302518735384,0.2578151259367692,short-term,0.2578151259367692
