low,high,recent_strength,all_strength,avg_strength,zone_type,strength
164,168,1.0,0.5008369900511034,0.7504184950255517,persistent,0.7504184950255517
196,200,0.0,1.0,0.5,short-term,0.5
176,180,0.0,0.6875798896714417,0.34378994483572084,short-term,0.34378994483572084
184,188,0.0,0.5928219202244412,0.2964109601122206,short-term,0.2964109601122206
192,196,0.0,0.5461159042195167,0.27305795210975836,short-term,0.27305795210975836
216,220,0.0,0.5446461764862923,0.27232308824314616,short-term,0.27232308824314616
152,156,0.0,0.49450481099946303,0.24725240549973151,short-term,0.24725240549973151
220,224,0.0,0.49010053485753835,0.24505026742876918,short-term,0.24505026742876918
