low,high,recent_strength,all_strength,avg_strength,zone_type,strength
148,152,1.0,0.5955526875178363,0.7977763437589181,short-term,0.7977763437589181
199,203,0.0,1.0,0.5,short-term,0.5
176,179,0.0,0.9957141654923476,0.4978570827461738,short-term,0.4978570827461738
156,160,0.24893825742776501,0.7038390437191574,0.4763886505734612,short-term,0.4763886505734612
219,222,0.0,0.7335568818842084,0.3667784409421042,short-term,0.3667784409421042
164,168,0.0,0.7087915766666408,0.3543957883333204,short-term,0.3543957883333204
172,176,0.0,0.6890267527885598,0.3445133763942799,short-term,0.3445133763942799
183,187,0.0,0.6795693615735967,0.33978468078679835,short-term,0.33978468078679835
168,172,0.0,0.6697636182765839,0.33488180913829196,short-term,0.33488180913829196
