low,high,recent_strength,all_strength,avg_strength,zone_type,strength
172,176,1.0,0.6654297998583721,0.832714899929186,persistent,0.832714899929186
176,180,0.07478361513298708,0.9451264434181987,0.5099550292755929,short-term,0.5099550292755929
200,204,0.0,1.0,0.5,short-term,0.5
168,172,0.1689702064008321,0.6537073154159165,0.4113387609083743,short-term,0.4113387609083743
164,168,0.0,0.6690997770155441,0.33454988850777206,short-term,0.33454988850777206
184,188,0.0,0.6687992525530573,0.33439962627652864,short-term,0.33439962627652864
196,200,0.0,0.6653135974763655,0.33265679873818277,short-term,0.33265679873818277
219,223,0.0,0.6553827875398743,0.32769139376993717,short-term,0.32769139376993717
