low,high,recent_strength,all_strength,avg_strength,zone_type,strength
191,196,1.0,0.5093195528288851,0.7546597764144425,short-term,0.7546597764144425
196,200,0.49560922567210947,0.582559623346893,0.5390844245095012,short-term,0.5390844245095012
200,204,0.0,1.0,0.5,short-term,0.5
217,221,0.0,0.9138819852425842,0.4569409926212921,short-term,0.4569409926212921
183,187,0.3515332199258123,0.5406968504679446,0.44611503519687845,short-term,0.44611503519687845
230,234,0.0,0.6541863006029109,0.32709315030145547,short-term,0.32709315030145547
226,230,0.0,0.6503466840274599,0.32517334201372994,short-term,0.32517334201372994
174,178,0.0,0.6222339970813056,0.3111169985406528,short-term,0.3111169985406528
