low,high,recent_strength,all_strength,avg_strength,zone_type,strength
164,168,1.0,0.5728996367978796,0.7864498183989398,persistent,0.7864498183989398
196,200,0.0,1.0,0.5,short-term,0.5
176,180,0.0,0.7123553006453655,0.3561776503226827,short-term,0.3561776503226827
184,188,0.0,0.5969776285570284,0.2984888142785142,short-term,0.2984888142785142
192,196,0.0,0.5633682860148046,0.2816841430074023,short-term,0.2816841430074023
216,220,0.0,0.5520411904813581,0.27602059524067907,short-term,0.27602059524067907
180,184,0.0,0.5161393890916662,0.2580696945458331,short-term,0.2580696945458331
200,204,0.0,0.5133377771415732,0.2566688885707866,short-term,0.2566688885707866
