low,high,recent_strength,all_strength,avg_strength,zone_type,strength
147,151,1.0,0.19991860198505818,0.599959300992529,short-term,0.599959300992529
196,201,0.0,1.0,0.5,short-term,0.5
176,180,0.0,0.6844679263205894,0.3422339631602947,short-term,0.3422339631602947
217,221,0.0,0.6779618320089307,0.33898091600446534,short-term,0.33898091600446534
184,188,0.0,0.5995866519375845,0.29979332596879227,short-term,0.29979332596879227
192,196,0.0,0.5571587502092359,0.27857937510461794,short-term,0.27857937510461794
201,205,0.0,0.5140998052800541,0.25704990264002703,short-term,0.25704990264002703
180,184,0.0,0.48581189964168664,0.24290594982084332,short-term,0.24290594982084332
225,230,0.0,0.47002545102147747,0.23501272551073873,short-term,0.23501272551073873
