low,high,recent_strength,all_strength,avg_strength,zone_type,strength
191,195,1.0,0.5559196645168353,0.7779598322584176,persistent,0.7779598322584176
199,204,0.4173447277842634,1.0,0.7086723638921317,short-term,0.7086723638921317
187,191,0.5487228404140433,0.5198635171774977,0.5342931787957705,short-term,0.5342931787957705
195,199,0.21338729181039137,0.6155205191338879,0.41445390547213967,short-term,0.41445390547213967
216,221,0.0,0.6572049568892084,0.3286024784446042,short-term,0.3286024784446042
221,225,0.0,0.5402149659582614,0.2701074829791307,short-term,0.2701074829791307
225,229,0.0,0.5310071145943874,0.2655035572971937,short-term,0.2655035572971937
