low,high,recent_strength,all_strength,avg_strength,zone_type,strength
166,170,1.0,0.3758625851192985,0.6879312925596492,short-term,0.6879312925596492
196,200,0.0,1.0,0.5,short-term,0.5
217,222,0.0,0.9283679713942306,0.4641839856971153,short-term,0.4641839856971153
174,179,0.25642135856223197,0.6681525916779186,0.4622869751200753,short-term,0.4622869751200753
187,191,0.4736243155557764,0.2945680904328049,0.38409620299429065,short-term,0.38409620299429065
226,230,0.0,0.6692023826145885,0.33460119130729427,short-term,0.33460119130729427
230,235,0.0,0.5674710994763583,0.28373554973817916,short-term,0.28373554973817916
222,226,0.0,0.5278759814080132,0.2639379907040066,short-term,0.2639379907040066
200,204,0.0,0.5170336972782423,0.25851684863912117,short-term,0.25851684863912117
