low,high,recent_strength,all_strength,avg_strength,zone_type,strength
182,186,0.9359430681596659,0.6756757322149359,0.8058094001873009,short-term,0.8058094001873009
178,182,1.0,0.5904578587023706,0.7952289293511853,persistent,0.7952289293511853
199,203,0.0,1.0,0.5,short-term,0.5
186,190,0.06532692751111024,0.6268799373663514,0.3461034324387308,short-term,0.3461034324387308
190,195,0.0,0.6771890375273056,0.3385945187636528,short-term,0.3385945187636528
216,220,0.0,0.5900560053382145,0.2950280026691072,short-term,0.2950280026691072
195,199,0.0,0.5760174097192179,0.28800870485960894,short-term,0.28800870485960894
220,224,0.0,0.5397854742275184,0.2698927371137592,short-term,0.2698927371137592
