low,high,recent_strength,all_strength,avg_strength,zone_type,strength
151,155,1.0,0.47378984804961327,0.7368949240248066,short-term,0.7368949240248066
200,204,0.0,1.0,0.5,short-term,0.5
175,179,0.0,0.7757800606956536,0.3878900303478268,short-term,0.3878900303478268
184,188,0.0,0.6421617622262229,0.32108088111311145,short-term,0.32108088111311145
196,200,0.0,0.6412687150311045,0.32063435751555225,short-term,0.32063435751555225
216,220,0.0,0.6170445970310122,0.3085222985155061,short-term,0.3085222985155061
192,196,0.0,0.610453611293607,0.3052268056468035,short-term,0.3052268056468035
188,192,0.0,0.6000004174044431,0.30000020870222155,short-term,0.30000020870222155
220,224,0.0,0.5598920464419265,0.27994602322096324,short-term,0.27994602322096324
