low,high,recent_strength,all_strength,avg_strength,zone_type,strength
147,151,1.0,0.20541653752087344,0.6027082687604367,short-term,0.6027082687604367
196,200,0.0,1.0,0.5,short-term,0.5
176,180,0.0,0.6576164330711951,0.32880821653559755,short-term,0.32880821653559755
217,221,0.0,0.5787684974718518,0.2893842487359259,short-term,0.2893842487359259
184,188,0.0,0.5671386489021486,0.2835693244510743,short-term,0.2835693244510743
192,196,0.0,0.5267451584057659,0.26337257920288293,short-term,0.26337257920288293
180,184,0.0,0.48506190452654846,0.24253095226327423,short-term,0.24253095226327423
188,192,0.0,0.4603642475050453,0.23018212375252264,short-term,0.23018212375252264
221,225,0.0,0.4554732807840224,0.2277366403920112,short-term,0.2277366403920112
