low,high,recent_strength,all_strength,avg_strength,zone_type,strength
172,176,1.0,0.39037140212948057,0.6951857010647403,short-term,0.6951857010647403
197,201,0.0,1.0,0.5,short-term,0.5
176,180,0.0,0.6794394794680491,0.33971973973402453,short-term,0.33971973973402453
184,189,0.0,0.5875062401015433,0.29375312005077164,short-term,0.29375312005077164
217,221,0.0,0.5638753228282465,0.28193766141412324,short-term,0.28193766141412324
193,197,0.0,0.5216713051631006,0.2608356525815503,short-term,0.2608356525815503
152,156,0.0,0.5019703780436335,0.25098518902181677,short-term,0.25098518902181677
221,225,0.0,0.4847201149934004,0.2423600574967002,short-term,0.2423600574967002
189,193,0.0,0.46885193531271224,0.23442596765635612,short-term,0.23442596765635612
