low,high,recent_strength,all_strength,avg_strength,zone_type,strength
191,195,1.0,0.5901425165353039,0.795071258267652,persistent,0.795071258267652
199,204,0.4444781369276132,1.0,0.7222390684638066,short-term,0.7222390684638066
195,199,0.4418779470265716,0.6382746141090474,0.5400762805678095,short-term,0.5400762805678095
216,221,0.0,0.6453664432220646,0.3226832216110323,short-term,0.3226832216110323
221,225,0.0,0.5513870334559527,0.2756935167279764,short-term,0.2756935167279764
187,191,0.0,0.5145123849390681,0.2572561924695341,short-term,0.2572561924695341
225,229,0.0,0.4911633139670873,0.24558165698354364,short-term,0.24558165698354364
