low,high,recent_strength,all_strength,avg_strength,zone_type,strength
152,156,1.0,0.6740014880832111,0.8370007440416056,persistent,0.8370007440416056
199,203,0.0,1.0,0.5,short-term,0.5
176,179,0.0,0.9629412498834663,0.48147062494173315,short-term,0.48147062494173315
156,160,0.21059337108180212,0.7177100994035296,0.46415173524266584,short-term,0.46415173524266584
218,222,0.0,0.7097922690150383,0.35489613450751917,short-term,0.35489613450751917
172,176,0.0,0.6822624234438761,0.34113121172193805,short-term,0.34113121172193805
164,168,0.0,0.6819275342773619,0.34096376713868093,short-term,0.34096376713868093
191,195,0.0,0.6476162699713028,0.3238081349856514,short-term,0.3238081349856514
168,172,0.0,0.6414413760149534,0.3207206880074767,short-term,0.3207206880074767
