low,high,recent_strength,all_strength,avg_strength,zone_type,strength
152,156,1.0,0.5860784197163222,0.7930392098581611,short-term,0.7930392098581611
199,203,0.0,1.0,0.5,short-term,0.5
176,179,0.0,0.9415611893103774,0.4707805946551887,short-term,0.4707805946551887
156,160,0.11684957859007726,0.6720912299292653,0.3944704042596713,short-term,0.3944704042596713
218,222,0.0,0.6867879946422848,0.3433939973211424,short-term,0.3433939973211424
164,168,0.0,0.6702431912971983,0.33512159564859917,short-term,0.33512159564859917
172,176,0.0,0.6515532984322627,0.32577664921613136,short-term,0.32577664921613136
183,187,0.0,0.6409626321277211,0.32048131606386054,short-term,0.32048131606386054
168,172,0.0,0.6333378100225145,0.3166689050112573,short-term,0.3166689050112573
