low,high,recent_strength,all_strength,avg_strength,zone_type,strength
148,152,1.0,0.5936764561100046,0.7968382280550024,short-term,0.7968382280550024
156,160,0.317354463136467,0.7038390437191564,0.5105967534278117,short-term,0.5105967534278117
199,203,0.0,1.0,0.5,short-term,0.5
176,180,0.0,0.9957141654923526,0.4978570827461763,short-term,0.4978570827461763
219,222,0.0,0.7335568818842122,0.3667784409421061,short-term,0.3667784409421061
164,168,0.0,0.7087915766666366,0.3543957883333183,short-term,0.3543957883333183
172,176,0.0,0.68902675278856,0.34451337639428,short-term,0.34451337639428
183,187,0.0,0.6832471942127188,0.3416235971063594,short-term,0.3416235971063594
168,172,0.0,0.6697636182765824,0.3348818091382912,short-term,0.3348818091382912
