low,high,recent_strength,all_strength,avg_strength,zone_type,strength
152,156,1.0,0.6740014880832117,0.8370007440416058,persistent,0.8370007440416058
156,160,0.36553812809617275,0.7339514034778957,0.5497447657870342,short-term,0.5497447657870342
199,203,0.0,1.0,0.5,short-term,0.5
175,179,0.0,0.962941249883475,0.4814706249417375,short-term,0.4814706249417375
218,222,0.0,0.7604394117330558,0.3802197058665279,short-term,0.3802197058665279
172,175,0.0,0.6822624234438796,0.3411312117219398,short-term,0.3411312117219398
164,168,0.0,0.6819275342773707,0.34096376713868537,short-term,0.34096376713868537
191,195,0.0,0.6455706586247192,0.3227853293123596,short-term,0.3227853293123596
168,172,0.0,0.6414413760149525,0.3207206880074763,short-term,0.3207206880074763
