low,high,recent_strength,all_strength,avg_strength,zone_type,strength
147,151,1.0,0.20736897503067908,0.6036844875153395,short-term,0.6036844875153395
197,201,0.0,1.0,0.5,short-term,0.5
217,221,0.0,0.682979023834972,0.341489511917486,short-term,0.341489511917486
176,180,0.0,0.6747069753937326,0.3373534876968663,short-term,0.3373534876968663
184,188,0.0,0.581339824151707,0.2906699120758535,short-term,0.2906699120758535
192,197,0.0,0.5571587502092409,0.27857937510462044,short-term,0.27857937510462044
180,184,0.0,0.517880198603496,0.258940099301748,short-term,0.258940099301748
201,205,0.0,0.5174765211075021,0.25873826055375104,short-term,0.25873826055375104
226,230,0.0,0.46212947283269995,0.23106473641634998,short-term,0.23106473641634998
