low,high,recent_strength,all_strength,avg_strength,zone_type,strength
164,168,1.0,0.5579784656950626,0.7789892328475313,persistent,0.7789892328475313
196,200,0.0,1.0,0.5,short-term,0.5
176,180,0.0,0.7050435909468499,0.35252179547342494,short-term,0.35252179547342494
184,188,0.0,0.6095837586720344,0.3047918793360172,short-term,0.3047918793360172
216,220,0.0,0.558623811973217,0.2793119059866085,short-term,0.2793119059866085
192,196,0.0,0.5560178602386832,0.2780089301193416,short-term,0.2780089301193416
180,184,0.0,0.5065432181985401,0.25327160909927005,short-term,0.25327160909927005
152,156,0.0,0.506135550787099,0.2530677753935495,short-term,0.2530677753935495
