low,high,recent_strength,all_strength,avg_strength,zone_type,strength
152,156,1.0,0.6740014880832048,0.8370007440416024,persistent,0.8370007440416024
156,160,0.5357077609583503,0.7532099855855188,0.6444588732719345,short-term,0.6444588732719345
199,203,0.0,1.0,0.5,short-term,0.5
175,179,0.0,0.9629412498834649,0.48147062494173243,short-term,0.48147062494173243
218,222,0.0,0.7604394117330392,0.3802197058665196,short-term,0.3802197058665196
172,175,0.0,0.6822624234438721,0.34113121172193606,short-term,0.34113121172193606
164,168,0.0,0.6819275342773556,0.3409637671386778,short-term,0.3409637671386778
191,195,0.0,0.6455706586247121,0.32278532931235604,short-term,0.32278532931235604
168,172,0.0,0.641441376014944,0.320720688007472,short-term,0.320720688007472
