low,high,recent_strength,all_strength,avg_strength,zone_type,strength
147,151,1.0,0.20967790264184083,0.6048389513209205,short-term,0.6048389513209205
196,201,0.0,1.0,0.5,short-term,0.5
176,180,0.0,0.6692235891142027,0.3346117945571013,short-term,0.3346117945571013
217,221,0.0,0.5907750472755149,0.29538752363775744,short-term,0.29538752363775744
184,188,0.0,0.5907311950142767,0.29536559750713837,short-term,0.29536559750713837
192,196,0.0,0.5508429631160925,0.27542148155804624,short-term,0.27542148155804624
201,205,0.0,0.5037340139802701,0.25186700699013503,short-term,0.25186700699013503
180,184,0.0,0.4962386882636002,0.2481193441318001,short-term,0.2481193441318001
221,225,0.0,0.4675769702383116,0.2337884851191558,short-term,0.2337884851191558
