low,high,recent_strength,all_strength,avg_strength,zone_type,strength
160,164,1.0,0.3195534299393154,0.6597767149696577,short-term,0.6597767149696577
197,201,0.0,1.0,0.5,short-term,0.5
177,181,0.0,0.6642363549241558,0.3321181774620779,short-term,0.3321181774620779
185,189,0.0,0.5823818638086633,0.29119093190433165,short-term,0.29119093190433165
217,221,0.0,0.5795287371928086,0.2897643685964043,short-term,0.2897643685964043
193,197,0.0,0.5231008288818523,0.26155041444092614,short-term,0.26155041444092614
201,205,0.0,0.5166502359746535,0.25832511798732677,short-term,0.25832511798732677
152,156,0.0,0.5012667994237624,0.2506333997118812,short-term,0.2506333997118812
181,185,0.0,0.4693344518483333,0.23466722592416664,short-term,0.23466722592416664
