low,high,recent_strength,all_strength,avg_strength,zone_type,strength
160,164,1.0,0.4838270058946499,0.7419135029473249,short-term,0.7419135029473249
172,176,0.6141500452791177,0.66985892016129,0.6420044827202038,persistent,0.6420044827202038
176,180,0.11306258274763986,0.9004873731250084,0.5067749779363241,short-term,0.5067749779363241
200,203,0.0,1.0,0.5,short-term,0.5
164,168,0.1526327388541647,0.6595327304500085,0.4060827346520866,short-term,0.4060827346520866
168,172,0.1688111245318609,0.6289790133247051,0.39889506892828297,short-term,0.39889506892828297
219,223,0.0,0.645971013771108,0.322985506885554,short-term,0.322985506885554
184,188,0.0,0.6335561959981676,0.3167780979990838,short-term,0.3167780979990838
196,200,0.0,0.6066062737767319,0.30330313688836597,short-term,0.30330313688836597
