low,high,recent_strength,all_strength,avg_strength,zone_type,strength
166,170,1.0,0.3764516219211106,0.6882258109605552,short-term,0.6882258109605552
174,179,0.43741763417869056,0.6757906184757758,0.5566041263272332,short-term,0.5566041263272332
196,200,0.0,1.0,0.5,short-term,0.5
183,187,0.4612639990326718,0.4873940381584824,0.4743290185955771,short-term,0.4743290185955771
217,222,0.0,0.9298228725267896,0.4649114362633948,short-term,0.4649114362633948
226,230,0.0,0.673956632824694,0.336978316412347,short-term,0.336978316412347
230,235,0.0,0.5716956820077952,0.2858478410038976,short-term,0.2858478410038976
222,226,0.0,0.5287032475210921,0.26435162376054605,short-term,0.26435162376054605
200,204,0.0,0.5260854296672429,0.26304271483362146,short-term,0.26304271483362146
