low,high,recent_strength,all_strength,avg_strength,zone_type,strength
151,155,1.0,0.3332481431694619,0.6666240715847309,short-term,0.6666240715847309
196,200,0.0,1.0,0.5,short-term,0.5
176,180,0.0,0.7200052759356181,0.36000263796780907,short-term,0.36000263796780907
217,221,0.0,0.6171916802628097,0.30859584013140484,short-term,0.30859584013140484
184,188,0.0,0.6016566443465762,0.3008283221732881,short-term,0.3008283221732881
192,196,0.0,0.5669921657290535,0.28349608286452677,short-term,0.28349608286452677
188,192,0.0,0.525436929881003,0.2627184649405015,short-term,0.2627184649405015
200,204,0.0,0.5237441841697037,0.26187209208485185,short-term,0.26187209208485185
180,184,0.0,0.5209179554566037,0.26045897772830184,short-term,0.26045897772830184
