low,high,recent_strength,all_strength,avg_strength,zone_type,strength
156,160,1.0,0.5856476501166575,0.7928238250583288,short-term,0.7928238250583288
199,203,0.0,1.0,0.5,short-term,0.5
176,180,0.0,0.8949021683032604,0.4474510841516302,short-term,0.4474510841516302
164,168,0.1627738552994448,0.653500341479958,0.40813709838970136,short-term,0.40813709838970136
172,176,0.0,0.6680865953669898,0.3340432976834949,short-term,0.3340432976834949
219,223,0.0,0.6634383042720123,0.33171915213600617,short-term,0.33171915213600617
168,172,0.0,0.640790415064424,0.320395207532212,short-term,0.320395207532212
192,195,0.0,0.6398517673999834,0.3199258836999917,short-term,0.3199258836999917
184,188,0.0,0.6117448324550679,0.30587241622753397,short-term,0.30587241622753397
