low,high,recent_strength,all_strength,avg_strength,zone_type,strength
164,168,1.0,0.5530248023608969,0.7765124011804485,persistent,0.7765124011804485
196,200,0.0,1.0,0.5,short-term,0.5
176,180,0.0,0.7047137692705405,0.35235688463527026,short-term,0.35235688463527026
184,188,0.0,0.6095837586720381,0.30479187933601903,short-term,0.30479187933601903
216,220,0.0,0.5586238119732173,0.27931190598660866,short-term,0.27931190598660866
192,196,0.0,0.556017860238679,0.2780089301193395,short-term,0.2780089301193395
180,184,0.0,0.5065432181985413,0.25327160909927066,short-term,0.25327160909927066
152,156,0.0,0.5061355507871009,0.25306777539355046,short-term,0.25306777539355046
