low,high,recent_strength,all_strength,avg_strength,zone_type,strength
172,176,1.0,0.6662858067611598,0.83314290338058,persistent,0.83314290338058
176,180,0.09757725346129466,0.9471884368628744,0.5223828451620846,short-term,0.5223828451620846
200,204,0.0,1.0,0.5,short-term,0.5
168,172,0.17268115762221514,0.6537073154159141,0.4131942365190646,short-term,0.4131942365190646
219,223,0.0,0.6691483426083752,0.3345741713041876,short-term,0.3345741713041876
164,168,0.0,0.6690997770155402,0.3345498885077701,short-term,0.3345498885077701
184,188,0.0,0.6687992525530609,0.33439962627653047,short-term,0.33439962627653047
196,200,0.0,0.6653135974763664,0.3326567987381832,short-term,0.3326567987381832
