low,high,recent_strength,all_strength,avg_strength,zone_type,strength
176,180,1.0,0.9653232889275954,0.9826616444637977,persistent,0.9826616444637977
200,204,0.0,1.0,0.5,short-term,0.5
168,172,0.19374114312981616,0.647466052201592,0.4206035976657041,short-term,0.4206035976657041
196,200,0.0,0.664655091261015,0.3323275456305075,short-term,0.3323275456305075
184,188,0.0,0.6628308210395576,0.3314154105197788,short-term,0.3314154105197788
164,168,0.0,0.657017290167772,0.328508645083886,short-term,0.328508645083886
192,196,0.0,0.6412430797020197,0.32062153985100983,short-term,0.32062153985100983
216,220,0.0,0.6013089975789714,0.3006544987894857,short-term,0.3006544987894857
