low,high,recent_strength,all_strength,avg_strength,zone_type,strength
164,168,1.0,0.5235101994943825,0.7617550997471912,persistent,0.7617550997471912
196,200,0.0,1.0,0.5,short-term,0.5
176,180,0.0,0.7066297835674163,0.3533148917837082,short-term,0.3533148917837082
184,188,0.0,0.6117908901582593,0.30589544507912964,short-term,0.30589544507912964
192,196,0.0,0.5670482583098566,0.2835241291549283,short-term,0.2835241291549283
216,220,0.0,0.5598805923760128,0.2799402961880064,short-term,0.2799402961880064
152,156,0.0,0.5047473696418836,0.2523736848209418,short-term,0.2523736848209418
180,184,0.0,0.5044300965102184,0.2522150482551092,short-term,0.2522150482551092
