low,high,recent_strength,all_strength,avg_strength,zone_type,strength
151,155,1.0,0.3166634733459757,0.6583317366729878,short-term,0.6583317366729878
196,200,0.0,1.0,0.5,short-term,0.5
176,180,0.0,0.6779689856210745,0.3389844928105373,short-term,0.3389844928105373
217,221,0.0,0.5987173392194265,0.29935866960971325,short-term,0.29935866960971325
184,188,0.0,0.5694160080137749,0.28470800400688745,short-term,0.28470800400688745
192,196,0.0,0.5436174828752506,0.2718087414376253,short-term,0.2718087414376253
188,192,0.0,0.5095084184033606,0.2547542092016803,short-term,0.2547542092016803
180,184,0.0,0.5092749425435363,0.25463747127176817,short-term,0.25463747127176817
200,205,0.0,0.5054932013045256,0.2527466006522628,short-term,0.2527466006522628
