low,high,recent_strength,all_strength,avg_strength,zone_type,strength
151,155,1.0,0.49814471583177133,0.7490723579158857,short-term,0.7490723579158857
200,204,0.0,1.0,0.5,short-term,0.5
175,179,0.0,0.8039281569763862,0.4019640784881931,short-term,0.4019640784881931
196,200,0.0,0.6752409781920219,0.33762048909601095,short-term,0.33762048909601095
184,188,0.0,0.6658742377187096,0.3329371188593548,short-term,0.3329371188593548
216,220,0.0,0.6322191585301848,0.3161095792650924,short-term,0.3161095792650924
192,196,0.0,0.6227024667546843,0.31135123337734216,short-term,0.31135123337734216
188,192,0.0,0.6221560424043806,0.3110780212021903,short-term,0.3110780212021903
220,224,0.0,0.5705552368197206,0.2852776184098603,short-term,0.2852776184098603
