low,high,recent_strength,all_strength,avg_strength,zone_type,strength
176,180,1.0,0.9711381931974297,0.9855690965987148,persistent,0.9855690965987148
168,172,0.4367336104106256,0.639457590066606,0.5380956002386158,short-term,0.5380956002386158
200,204,0.0,1.0,0.5,short-term,0.5
164,168,0.22637390205339164,0.6523997887541525,0.43938684540377204,short-term,0.43938684540377204
196,200,0.0,0.6599839115684932,0.3299919557842466,short-term,0.3299919557842466
184,188,0.0,0.6558886597551179,0.32794432987755895,short-term,0.32794432987755895
192,196,0.0,0.636736439052965,0.3183682195264825,short-term,0.3183682195264825
216,220,0.0,0.6232545944062677,0.31162729720313387,short-term,0.31162729720313387
