low,high,recent_strength,all_strength,avg_strength,zone_type,strength
152,156,1.0,0.6590909486507266,0.8295454743253633,persistent,0.8295454743253633
156,160,0.8457199712380977,0.7581517334678595,0.8019358523529786,short-term,0.8019358523529786
199,203,0.0,1.0,0.5,short-term,0.5
175,179,0.0,0.9425864448336775,0.47129322241683874,short-term,0.47129322241683874
218,222,0.0,0.7929555508531331,0.39647777542656654,short-term,0.39647777542656654
164,168,0.0,0.6708868136642879,0.33544340683214396,short-term,0.33544340683214396
172,175,0.0,0.6650041648716635,0.33250208243583174,short-term,0.33250208243583174
191,195,0.0,0.63238817429617,0.316194087148085,short-term,0.316194087148085
168,172,0.0,0.6283432111990045,0.31417160559950225,short-term,0.31417160559950225
