low,high,recent_strength,all_strength,avg_strength,zone_type,strength
182,186,1.0,0.580354106461163,0.7901770532305815,persistent,0.7901770532305815
186,191,0.5904777525620777,0.6073506683694768,0.5989142104657772,short-term,0.5989142104657772
199,203,0.0,1.0,0.5,short-term,0.5
191,195,0.28374834457679116,0.6472582640061494,0.46550330429147024,short-term,0.46550330429147024
195,199,0.06097900891433951,0.6235427115995581,0.3422608602569488,short-term,0.3422608602569488
220,224,0.0,0.595692776235598,0.297846388117799,short-term,0.297846388117799
216,220,0.0,0.5915461832591229,0.29577309162956145,short-term,0.29577309162956145
