low,high,recent_strength,all_strength,avg_strength,zone_type,strength
156,160,1.0,0.6689336322906225,0.8344668161453113,persistent,0.8344668161453113
199,203,0.0,1.0,0.5,short-term,0.5
176,180,0.0,0.9358198965375675,0.46790994826878374,short-term,0.46790994826878374
219,223,0.0,0.7501787202428314,0.3750893601214157,short-term,0.3750893601214157
172,176,0.0,0.6863839436103542,0.3431919718051771,short-term,0.3431919718051771
164,168,0.0,0.6822165705269088,0.3411082852634544,short-term,0.3411082852634544
168,172,0.0,0.6565912974378739,0.32829564871893696,short-term,0.32829564871893696
184,187,0.0,0.6470310792369299,0.32351553961846496,short-term,0.32351553961846496
