low,high,recent_strength,all_strength,avg_strength,zone_type,strength
199,204,1.0,1.0,1.0,persistent,1.0
191,195,0.6166385311987826,0.525483292723679,0.5710609119612309,short-term,0.5710609119612309
195,199,0.5011458818944861,0.6037971791587895,0.5524715305266378,short-term,0.5524715305266378
187,191,0.4860365420402036,0.5196232205863889,0.5028298813132962,short-term,0.5028298813132962
216,221,0.0,0.6686202251790773,0.33431011258953863,short-term,0.33431011258953863
225,229,0.0,0.5328338447647665,0.26641692238238324,short-term,0.26641692238238324
221,225,0.0,0.5282970330244656,0.2641485165122328,short-term,0.2641485165122328
