low,high,recent_strength,all_strength,avg_strength,zone_type,strength
152,156,1.0,0.6740014880832106,0.8370007440416053,persistent,0.8370007440416053
156,160,0.6006759963151928,0.760562625853729,0.6806193110844609,short-term,0.6806193110844609
199,203,0.0,1.0,0.5,short-term,0.5
175,179,0.0,0.962941249883464,0.481470624941732,short-term,0.481470624941732
218,222,0.0,0.7604394117330497,0.38021970586652487,short-term,0.38021970586652487
172,175,0.0,0.6822624234438818,0.3411312117219409,short-term,0.3411312117219409
164,168,0.0,0.6819275342773655,0.34096376713868276,short-term,0.34096376713868276
191,195,0.0,0.645570658624721,0.3227853293123605,short-term,0.3227853293123605
168,172,0.0,0.6414413760149537,0.32072068800747683,short-term,0.32072068800747683
