low,high,recent_strength,all_strength,avg_strength,zone_type,strength
155,159,1.0,0.5164747428249243,0.7582373714124622,persistent,0.7582373714124622
196,200,0.0,1.0,0.5,short-term,0.5
176,180,0.0,0.7182918606273104,0.3591459303136552,short-term,0.3591459303136552
217,221,0.0,0.6001246031339881,0.30006230156699404,short-term,0.30006230156699404
184,188,0.0,0.6000974619582155,0.3000487309791077,short-term,0.3000487309791077
192,196,0.0,0.5628324509286387,0.2814162254643193,short-term,0.2814162254643193
188,192,0.0,0.5350928369713481,0.26754641848567406,short-term,0.26754641848567406
180,184,0.0,0.5149051617117533,0.25745258085587663,short-term,0.25745258085587663
