low,high,recent_strength,all_strength,avg_strength,zone_type,strength
160,164,1.0,0.31797596259384125,0.6589879812969206,short-term,0.6589879812969206
197,201,0.0,1.0,0.5,short-term,0.5
176,181,0.0,0.6597080842970386,0.3298540421485193,short-term,0.3298540421485193
185,189,0.0,0.5997651613763129,0.29988258068815643,short-term,0.29988258068815643
217,221,0.0,0.5779614426932587,0.28898072134662933,short-term,0.28898072134662933
193,197,0.0,0.5187721089796782,0.2593860544898391,short-term,0.2593860544898391
152,156,0.0,0.4987923086708017,0.24939615433540085,short-term,0.24939615433540085
221,225,0.0,0.46807588395123717,0.23403794197561859,short-term,0.23403794197561859
189,193,0.0,0.4556425130869563,0.22782125654347815,short-term,0.22782125654347815
