low,high,recent_strength,all_strength,avg_strength,zone_type,strength
172,176,1.0,0.6702129302550591,0.8351064651275295,persistent,0.8351064651275295
176,180,0.14707547867073864,0.9277016145418268,0.5373885466062827,short-term,0.5373885466062827
200,204,0.0,1.0,0.5,short-term,0.5
168,172,0.12668945632945774,0.6503024522595195,0.38849595429448863,short-term,0.38849595429448863
164,168,0.0,0.6618788281601644,0.3309394140800822,short-term,0.3309394140800822
219,223,0.0,0.6558847108366557,0.32794235541832784,short-term,0.32794235541832784
184,188,0.0,0.6540447518873965,0.32702237594369826,short-term,0.32702237594369826
196,200,0.0,0.6401327663939705,0.32006638319698527,short-term,0.32006638319698527
