low,high,recent_strength,all_strength,avg_strength,zone_type,strength
176,180,1.0,0.9653232889275948,0.9826616444637974,persistent,0.9826616444637974
200,204,0.0,1.0,0.5,short-term,0.5
168,172,0.2292587473819509,0.6518842228840149,0.44057148513298294,short-term,0.44057148513298294
196,200,0.0,0.6646550912610131,0.33232754563050654,short-term,0.33232754563050654
184,188,0.0,0.662830821039559,0.3314154105197795,short-term,0.3314154105197795
164,168,0.0,0.6570172901677729,0.32850864508388644,short-term,0.32850864508388644
192,196,0.0,0.6412430797020161,0.32062153985100805,short-term,0.32062153985100805
216,220,0.0,0.6013089975789688,0.3006544987894844,short-term,0.3006544987894844
