low,high,recent_strength,all_strength,avg_strength,zone_type,strength
176,180,1.0,0.9711381931974363,0.9855690965987182,persistent,0.9855690965987182
168,172,0.43673361041062553,0.6370673327951529,0.5369004716028892,short-term,0.5369004716028892
200,204,0.0,1.0,0.5,short-term,0.5
164,168,0.16352835721497505,0.6523997887541528,0.40796407298456394,short-term,0.40796407298456394
196,200,0.0,0.6599839115684966,0.3299919557842483,short-term,0.3299919557842483
184,188,0.0,0.6558886597551177,0.32794432987755884,short-term,0.32794432987755884
192,196,0.0,0.6367364390529645,0.31836821952648225,short-term,0.31836821952648225
216,220,0.0,0.5970830126804042,0.2985415063402021,short-term,0.2985415063402021
