low,high,recent_strength,all_strength,avg_strength,zone_type,strength
164,168,1.0,0.5672426992591156,0.7836213496295579,persistent,0.7836213496295579
196,200,0.0,1.0,0.5,short-term,0.5
176,180,0.0,0.7123553006453657,0.35617765032268284,short-term,0.35617765032268284
184,188,0.0,0.5969776285570261,0.29848881427851304,short-term,0.29848881427851304
192,196,0.0,0.561763890426072,0.280881945213036,short-term,0.280881945213036
216,220,0.0,0.5520411904813644,0.2760205952406822,short-term,0.2760205952406822
180,184,0.0,0.516139389091664,0.258069694545832,short-term,0.258069694545832
200,204,0.0,0.5133377771415718,0.2566688885707859,short-term,0.2566688885707859
