low,high,recent_strength,all_strength,avg_strength,zone_type,strength
187,191,1.0,0.5250309459152522,0.7625154729576261,short-term,0.7625154729576261
191,195,0.9118248172562665,0.563551866256512,0.7376883417563893,persistent,0.7376883417563893
200,204,0.36845519701763674,1.0,0.6842275985088184,short-term,0.6842275985088184
195,200,0.543595168642358,0.6249035789043283,0.5842493737733432,short-term,0.5842493737733432
217,221,0.0,0.7634099967007025,0.38170499835035127,short-term,0.38170499835035127
225,229,0.0,0.6186899423021109,0.30934497115105547,short-term,0.30934497115105547
221,225,0.0,0.6166248700344084,0.3083124350172042,short-term,0.3083124350172042
174,178,0.0,0.5944839328858947,0.29724196644294737,short-term,0.29724196644294737
