low,high,recent_strength,all_strength,avg_strength,zone_type,strength
182,186,1.0,0.6201200897291779,0.8100600448645889,persistent,0.8100600448645889
186,191,0.43332421125847614,0.6311623102258526,0.5322432607421643,short-term,0.5322432607421643
199,203,0.0,1.0,0.5,short-term,0.5
174,178,0.440765685662477,0.5496730852635329,0.4952193854630049,short-term,0.4952193854630049
191,195,0.0,0.6576554873015158,0.3288277436507579,short-term,0.3288277436507579
195,199,0.0,0.6208075678776692,0.3104037839388346,short-term,0.3104037839388346
216,220,0.0,0.6084690098182653,0.3042345049091327,short-term,0.3042345049091327
220,224,0.0,0.5446608598254016,0.2723304299127008,short-term,0.2723304299127008
