low,high,recent_strength,all_strength,avg_strength,zone_type,strength
155,159,1.0,0.5245789139416517,0.7622894569708258,persistent,0.7622894569708258
196,200,0.0,1.0,0.5,short-term,0.5
175,180,0.0,0.7218180225928441,0.36090901129642206,short-term,0.36090901129642206
184,188,0.0,0.6029980889868777,0.30149904449343884,short-term,0.30149904449343884
216,220,0.0,0.5704327284531138,0.2852163642265569,short-term,0.2852163642265569
192,196,0.0,0.5693481553519997,0.28467407767599984,short-term,0.28467407767599984
220,225,0.0,0.5566622760454749,0.27833113802273746,short-term,0.27833113802273746
188,192,0.0,0.5430740801440562,0.2715370400720281,short-term,0.2715370400720281
