low,high,recent_strength,all_strength,avg_strength,zone_type,strength
172,176,1.0,0.39037140212947924,0.6951857010647396,short-term,0.6951857010647396
197,201,0.0,1.0,0.5,short-term,0.5
176,180,0.0,0.6794394794680513,0.33971973973402564,short-term,0.33971973973402564
184,189,0.0,0.5875062401015421,0.29375312005077103,short-term,0.29375312005077103
217,221,0.0,0.5638753228282509,0.28193766141412546,short-term,0.28193766141412546
193,197,0.0,0.5216713051631036,0.2608356525815518,short-term,0.2608356525815518
152,156,0.0,0.5019703780436355,0.25098518902181777,short-term,0.25098518902181777
221,225,0.0,0.4847201149933923,0.24236005749669615,short-term,0.24236005749669615
189,193,0.0,0.46885193531271496,0.23442596765635748,short-term,0.23442596765635748
