low,high,recent_strength,all_strength,avg_strength,zone_type,strength
164,168,1.0,0.5559509745928154,0.7779754872964078,persistent,0.7779754872964078
196,200,0.0,1.0,0.5,short-term,0.5
176,180,0.0,0.7050435909468565,0.35252179547342827,short-term,0.35252179547342827
184,188,0.0,0.6128291894071651,0.30641459470358257,short-term,0.30641459470358257
192,196,0.0,0.5657753884369041,0.28288769421845206,short-term,0.28288769421845206
216,220,0.0,0.5586238119732257,0.2793119059866129,short-term,0.2793119059866129
152,156,0.0,0.5061355507871035,0.25306777539355174,short-term,0.25306777539355174
180,184,0.0,0.5032977874634145,0.25164889373170723,short-term,0.25164889373170723
