low,high,recent_strength,all_strength,avg_strength,zone_type,strength
151,155,1.0,0.32110099486764027,0.6605504974338201,short-term,0.6605504974338201
196,200,0.0,1.0,0.5,short-term,0.5
176,180,0.0,0.6750092866814831,0.33750464334074154,short-term,0.33750464334074154
217,221,0.0,0.6079029377051164,0.3039514688525582,short-term,0.3039514688525582
184,188,0.0,0.5760836230934129,0.28804181154670644,short-term,0.28804181154670644
192,196,0.0,0.5451488909819354,0.2725744454909677,short-term,0.2725744454909677
188,192,0.0,0.5101733573055871,0.25508667865279355,short-term,0.25508667865279355
180,184,0.0,0.505572278666986,0.252786139333493,short-term,0.252786139333493
200,204,0.0,0.49305273281136525,0.24652636640568262,short-term,0.24652636640568262
