low,high,recent_strength,all_strength,avg_strength,zone_type,strength
164,169,1.0,0.398624327401496,0.699312163700748,short-term,0.699312163700748
152,156,0.4967778171516658,0.5090918777010294,0.5029348474263475,short-term,0.5029348474263475
197,201,0.0,1.0,0.5,short-term,0.5
177,181,0.0,0.6729371623345559,0.33646858116727796,short-term,0.33646858116727796
185,189,0.0,0.5916297811414987,0.29581489057074933,short-term,0.29581489057074933
217,221,0.0,0.588575531709567,0.2942877658547835,short-term,0.2942877658547835
193,197,0.0,0.5438780010180209,0.27193900050901043,short-term,0.27193900050901043
201,205,0.0,0.5247154590117996,0.2623577295058998,short-term,0.2623577295058998
181,185,0.0,0.4829941176826219,0.24149705884131095,short-term,0.24149705884131095
