low,high,recent_strength,all_strength,avg_strength,zone_type,strength
191,195,1.0,0.6617044417282812,0.8308522208641407,persistent,0.8308522208641407
182,187,0.6758878839673077,0.5073971651125686,0.5916425245399382,short-term,0.5916425245399382
187,191,0.515482894172193,0.5486173757866266,0.5320501349794098,short-term,0.5320501349794098
199,203,0.028666757615809026,1.0,0.5143333788079045,short-term,0.5143333788079045
195,199,0.29348738635587046,0.631783493209425,0.4626354397826477,short-term,0.4626354397826477
216,220,0.0,0.6162224358302479,0.30811121791512397,short-term,0.30811121791512397
220,225,0.0,0.5861768112101696,0.2930884056050848,short-term,0.2930884056050848
174,178,0.0,0.5106679458139196,0.2553339729069598,short-term,0.2553339729069598
