low,high,recent_strength,all_strength,avg_strength,zone_type,strength
187,191,1.0,0.544371537692771,0.7721857688463856,short-term,0.7721857688463856
191,195,0.8218696792640033,0.5843114551445998,0.7030905672043015,persistent,0.7030905672043015
195,200,0.42314225469060296,0.6405109658819662,0.5318266102862845,short-term,0.5318266102862845
200,204,0.0,1.0,0.5,short-term,0.5
217,221,0.0,0.7915317697503379,0.39576588487516895,short-term,0.39576588487516895
225,229,0.0,0.6499013633628689,0.32495068168143443,short-term,0.32495068168143443
221,225,0.0,0.6393395118740625,0.31966975593703123,short-term,0.31966975593703123
174,178,0.0,0.622693453409806,0.311346726704903,short-term,0.311346726704903
