low,high,recent_strength,all_strength,avg_strength,zone_type,strength
178,182,1.0,0.5861889226392498,0.7930944613196249,persistent,0.7930944613196249
182,186,0.867649801591434,0.6726215461719519,0.7701356738816929,short-term,0.7701356738816929
199,203,0.0,1.0,0.5,short-term,0.5
186,190,0.0629905125891581,0.6268799373663532,0.34493522497775564,short-term,0.34493522497775564
190,195,0.0,0.6771890375273024,0.3385945187636512,short-term,0.3385945187636512
216,220,0.0,0.5937882280771515,0.29689411403857574,short-term,0.29689411403857574
195,199,0.0,0.5760174097192213,0.28800870485961066,short-term,0.28800870485961066
220,224,0.0,0.5360532514885878,0.2680266257442939,short-term,0.2680266257442939
