low,high,recent_strength,all_strength,avg_strength,zone_type,strength
156,160,1.0,0.6945994189410883,0.8472997094705441,persistent,0.8472997094705441
199,203,0.0,1.0,0.5,short-term,0.5
176,180,0.0,0.9622745864425528,0.4811372932212764,short-term,0.4811372932212764
219,223,0.0,0.7614536279451962,0.3807268139725981,short-term,0.3807268139725981
164,168,0.0,0.7085979077079541,0.35429895385397703,short-term,0.35429895385397703
172,176,0.0,0.7072150183392203,0.35360750916961015,short-term,0.35360750916961015
168,172,0.0,0.6765181947824009,0.33825909739120047,short-term,0.33825909739120047
184,187,0.0,0.6610377465122894,0.3305188732561447,short-term,0.3305188732561447
