low,high,recent_strength,all_strength,avg_strength,zone_type,strength
166,170,1.0,0.3696611986842462,0.6848305993421231,short-term,0.6848305993421231
187,191,0.8254325896797804,0.3108738711115586,0.5681532303956696,short-term,0.5681532303956696
196,200,0.0,1.0,0.5,short-term,0.5
217,222,0.0,0.9180552927626867,0.45902764638134336,short-term,0.45902764638134336
174,179,0.24641329226397177,0.6537815514791494,0.4500974218715606,short-term,0.4500974218715606
226,230,0.0,0.6688113437380342,0.3344056718690171,short-term,0.3344056718690171
230,235,0.0,0.5743058919923498,0.2871529459961749,short-term,0.2871529459961749
222,226,0.0,0.5018309143807386,0.2509154571903693,short-term,0.2509154571903693
200,204,0.0,0.49939249151117476,0.24969624575558738,short-term,0.24969624575558738
