low,high,recent_strength,all_strength,avg_strength,zone_type,strength
164,168,1.0,0.516467013988437,0.7582335069942185,persistent,0.7582335069942185
196,200,0.0,1.0,0.5,short-term,0.5
176,180,0.0,0.7047137692705464,0.3523568846352732,short-term,0.3523568846352732
184,188,0.0,0.609583758672041,0.3047918793360205,short-term,0.3047918793360205
216,220,0.0,0.5586238119732254,0.2793119059866127,short-term,0.2793119059866127
192,196,0.0,0.5560178602386853,0.27800893011934263,short-term,0.27800893011934263
180,184,0.0,0.5065432181985425,0.25327160909927127,short-term,0.25327160909927127
152,156,0.0,0.5061355507871046,0.2530677753935523,short-term,0.2530677753935523
