low,high,recent_strength,all_strength,avg_strength,zone_type,strength
172,176,1.0,0.6661533420486174,0.8330766710243087,persistent,0.8330766710243087
176,180,0.1485544033022911,0.9235658758639044,0.5360601395830977,short-term,0.5360601395830977
200,204,0.0,1.0,0.5,short-term,0.5
168,172,0.11183061034124687,0.6474103872931636,0.3796204988172052,short-term,0.3796204988172052
164,168,0.0,0.6589352800246102,0.3294676400123051,short-term,0.3294676400123051
219,223,0.0,0.6529678201074478,0.3264839100537239,short-term,0.3264839100537239
184,188,0.0,0.651136043936517,0.3255680219682585,short-term,0.3255680219682585
196,200,0.0,0.6328386673214992,0.3164193336607496,short-term,0.3164193336607496
