low,high,recent_strength,all_strength,avg_strength,zone_type,strength
152,156,1.0,0.6740014880832054,0.8370007440416027,persistent,0.8370007440416027
199,203,0.0,1.0,0.5,short-term,0.5
176,179,0.0,0.9629412498834671,0.48147062494173354,short-term,0.48147062494173354
156,160,0.1562885341099945,0.7114134969854701,0.4338510155477323,short-term,0.4338510155477323
218,222,0.0,0.70979226901503,0.354896134507515,short-term,0.354896134507515
172,176,0.0,0.6822624234438741,0.34113121172193706,short-term,0.34113121172193706
164,168,0.0,0.6819275342773596,0.3409637671386798,short-term,0.3409637671386798
191,195,0.0,0.6476162699712906,0.3238081349856453,short-term,0.3238081349856453
168,172,0.0,0.6414413760149469,0.32072068800747344,short-term,0.32072068800747344
