low,high,recent_strength,all_strength,avg_strength,zone_type,strength
187,191,1.0,0.45837052687651586,0.729185263438258,short-term,0.729185263438258
200,204,0.0,1.0,0.5,short-term,0.5
217,221,0.0,0.786842298597514,0.393421149298757,short-term,0.393421149298757
221,225,0.0,0.624886325401791,0.3124431627008955,short-term,0.3124431627008955
225,230,0.0,0.6214828210130955,0.31074141050654774,short-term,0.31074141050654774
174,178,0.0,0.6090835201390978,0.3045417600695489,short-term,0.3045417600695489
230,234,0.0,0.6065124313584597,0.30325621567922983,short-term,0.30325621567922983
195,200,0.0,0.6010920185526639,0.30054600927633196,short-term,0.30054600927633196
