low,high,recent_strength,all_strength,avg_strength,zone_type,strength
164,169,1.0,0.38981841371441156,0.6949092068572058,short-term,0.6949092068572058
152,156,0.5355298399889102,0.5219299449670338,0.528729892477972,short-term,0.528729892477972
197,201,0.0,1.0,0.5,short-term,0.5
177,181,0.0,0.6676187973704413,0.33380939868522064,short-term,0.33380939868522064
185,189,0.0,0.5894445209403241,0.29472226047016203,short-term,0.29472226047016203
217,221,0.0,0.5839238945853462,0.2919619472926731,short-term,0.2919619472926731
193,197,0.0,0.5395796179485975,0.2697898089742988,short-term,0.2697898089742988
201,205,0.0,0.5126653097091309,0.25633265485456547,short-term,0.25633265485456547
181,185,0.0,0.4791769128422068,0.2395884564211034,short-term,0.2395884564211034
