low,high,recent_strength,all_strength,avg_strength,zone_type,strength
151,155,1.0,0.3438774762410239,0.671938738120512,short-term,0.671938738120512
196,200,0.0,1.0,0.5,short-term,0.5
176,180,0.0,0.7155904494886142,0.3577952247443071,short-term,0.3577952247443071
217,221,0.0,0.6129424936569029,0.30647124682845145,short-term,0.30647124682845145
184,188,0.0,0.6011132336682159,0.30055661683410795,short-term,0.30055661683410795
192,196,0.0,0.5611353701532772,0.2805676850766386,short-term,0.2805676850766386
180,184,0.0,0.5191954281648576,0.2595977140824288,short-term,0.2595977140824288
188,192,0.0,0.5180832446398836,0.2590416223199418,short-term,0.2590416223199418
200,204,0.0,0.5000404060826176,0.2500202030413088,short-term,0.2500202030413088
