low,high,recent_strength,all_strength,avg_strength,zone_type,strength
166,170,1.0,0.3696611986842461,0.6848305993421231,short-term,0.6848305993421231
187,191,0.7473783844859035,0.3108738711115599,0.5291261277987317,short-term,0.5291261277987317
196,200,0.0,1.0,0.5,short-term,0.5
217,222,0.0,0.9180552927626894,0.4590276463813447,short-term,0.4590276463813447
174,179,0.2231120634085271,0.6537815514791484,0.43844680744383774,short-term,0.43844680744383774
226,230,0.0,0.666902939687386,0.333451469843693,short-term,0.333451469843693
230,235,0.0,0.5743058919923462,0.2871529459961731,short-term,0.2871529459961731
222,226,0.0,0.5037393184313911,0.25186965921569554,short-term,0.25186965921569554
200,204,0.0,0.49939249151117443,0.24969624575558722,short-term,0.24969624575558722
