low,high,recent_strength,all_strength,avg_strength,zone_type,strength
152,156,1.0,0.6168023111729412,0.8084011555864705,persistent,0.8084011555864705
199,203,0.0,1.0,0.5,short-term,0.5
176,179,0.0,0.9406935237911351,0.47034676189556757,short-term,0.47034676189556757
218,222,0.0,0.6865695318836825,0.34328476594184126,short-term,0.34328476594184126
156,160,0.0,0.6737855321120625,0.33689276605603125,short-term,0.33689276605603125
164,168,0.0,0.6634198305280884,0.3317099152640442,short-term,0.3317099152640442
172,176,0.0,0.6561502701843827,0.32807513509219133,short-term,0.32807513509219133
191,195,0.0,0.6325703519315986,0.3162851759657993,short-term,0.3162851759657993
168,172,0.0,0.6316278384337979,0.31581391921689894,short-term,0.31581391921689894
