low,high,recent_strength,all_strength,avg_strength,zone_type,strength
151,155,1.0,0.49649934805009144,0.7482496740250457,short-term,0.7482496740250457
200,204,0.0,1.0,0.5,short-term,0.5
175,179,0.0,0.7991900128411009,0.39959500642055046,short-term,0.39959500642055046
196,200,0.0,0.6652627795195796,0.3326313897597898,short-term,0.3326313897597898
183,188,0.0,0.6578455615450084,0.3289227807725042,short-term,0.3289227807725042
192,196,0.0,0.6507141024117756,0.3253570512058878,short-term,0.3253570512058878
216,220,0.0,0.6254005839619109,0.31270029198095545,short-term,0.31270029198095545
188,192,0.0,0.6037847511748627,0.30189237558743137,short-term,0.30189237558743137
179,183,0.0,0.5597525390379574,0.2798762695189787,short-term,0.2798762695189787
