low,high,recent_strength,all_strength,avg_strength,zone_type,strength
147,151,1.0,0.20137240125372147,0.6006862006268607,short-term,0.6006862006268607
197,201,0.0,1.0,0.5,short-term,0.5
176,180,0.0,0.6927880052658026,0.3463940026329013,short-term,0.3463940026329013
217,221,0.0,0.687810805783145,0.3439054028915725,short-term,0.3439054028915725
184,188,0.0,0.5813398241517047,0.29066991207585235,short-term,0.29066991207585235
192,197,0.0,0.5491744815916844,0.2745872407958422,short-term,0.2745872407958422
201,205,0.0,0.5174765211075032,0.2587382605537516,short-term,0.2587382605537516
180,184,0.0,0.4997991687314239,0.24989958436571194,short-term,0.24989958436571194
226,230,0.0,0.4661417916035206,0.2330708958017603,short-term,0.2330708958017603
