low,high,recent_strength,all_strength,avg_strength,zone_type,strength
172,176,1.0,0.645668480768868,0.822834240384434,persistent,0.822834240384434
168,172,0.4381329125888224,0.6537073154159079,0.5459201140023652,short-term,0.5459201140023652
176,180,0.0933658264921618,0.9451327417819151,0.5192492841370384,short-term,0.5192492841370384
200,204,0.0,1.0,0.5,short-term,0.5
184,188,0.0,0.6775430591984479,0.33877152959922396,short-term,0.33877152959922396
219,223,0.0,0.6749015102491326,0.3374507551245663,short-term,0.3374507551245663
164,168,0.0,0.6659749457877588,0.3329874728938794,short-term,0.3329874728938794
196,200,0.0,0.6653135974763645,0.33265679873818227,short-term,0.33265679873818227
