low,high,recent_strength,all_strength,avg_strength,zone_type,strength
164,168,1.0,0.5859766702399677,0.7929883351199838,persistent,0.7929883351199838
168,172,0.9912476734782044,0.5659579760286245,0.7786028247534145,short-term,0.7786028247534145
196,200,0.0,1.0,0.5,short-term,0.5
176,180,0.0,0.7238493468505653,0.3619246734252827,short-term,0.3619246734252827
192,196,0.0,0.5636912065439608,0.2818456032719804,short-term,0.2818456032719804
216,220,0.0,0.5563261479269611,0.27816307396348056,short-term,0.27816307396348056
184,188,0.0,0.5542693002244209,0.27713465011221045,short-term,0.27713465011221045
188,192,0.0,0.5287383139416687,0.26436915697083435,short-term,0.26436915697083435
