low,high,recent_strength,all_strength,avg_strength,zone_type,strength
164,168,1.0,0.5900407116690349,0.7950203558345175,persistent,0.7950203558345175
168,172,0.9544342482184133,0.5618939345995543,0.7581640914089838,short-term,0.7581640914089838
196,200,0.0,1.0,0.5,short-term,0.5
176,180,0.0,0.7238493468505588,0.3619246734252794,short-term,0.3619246734252794
184,188,0.0,0.5836247053064201,0.29181235265321004,short-term,0.29181235265321004
192,196,0.0,0.5636912065439562,0.2818456032719781,short-term,0.2818456032719781
216,220,0.0,0.5469371451850219,0.27346857259251095,short-term,0.27346857259251095
200,204,0.0,0.5195528488968657,0.25977642444843285,short-term,0.25977642444843285
