low,high,recent_strength,all_strength,avg_strength,zone_type,strength
178,182,1.0,0.636687815451021,0.8183439077255106,persistent,0.8183439077255106
182,186,0.7309388895593637,0.6717465413272362,0.7013427154433,short-term,0.7013427154433
199,203,0.0,1.0,0.5,short-term,0.5
186,190,0.07509724287169417,0.6147488195203985,0.34492303119604634,short-term,0.34492303119604634
190,195,0.0,0.6399018560193414,0.3199509280096707,short-term,0.3199509280096707
195,199,0.0,0.6138674086181979,0.30693370430909894,short-term,0.30693370430909894
216,220,0.0,0.5962787674726794,0.2981393837363397,short-term,0.2981393837363397
224,228,0.0,0.5221543109750111,0.26107715548750554,short-term,0.26107715548750554
