low,high,recent_strength,all_strength,avg_strength,zone_type,strength
172,176,1.0,0.41744733161351855,0.7087236658067593,short-term,0.7087236658067593
196,200,0.0,1.0,0.5,short-term,0.5
176,180,0.0,0.7012491355825055,0.35062456779125273,short-term,0.35062456779125273
184,188,0.0,0.608298146925129,0.3041490734625645,short-term,0.3041490734625645
192,196,0.0,0.5805107633092819,0.29025538165464093,short-term,0.29025538165464093
216,220,0.0,0.5573939555031706,0.2786969777515853,short-term,0.2786969777515853
152,156,0.0,0.5043356800625287,0.25216784003126436,short-term,0.25216784003126436
180,184,0.0,0.49887186486356044,0.24943593243178022,short-term,0.24943593243178022
220,224,0.0,0.49637625025694243,0.24818812512847122,short-term,0.24818812512847122
