low,high,recent_strength,all_strength,avg_strength,zone_type,strength
148,152,1.0,0.42620436113636256,0.7131021805681813,short-term,0.7131021805681813
197,201,0.0,1.0,0.5,short-term,0.5
217,222,0.0,0.7120984032361876,0.3560492016180938,short-term,0.3560492016180938
177,181,0.0,0.6597764604228574,0.3298882302114287,short-term,0.3298882302114287
185,189,0.0,0.6214286356126024,0.3107143178063012,short-term,0.3107143178063012
189,193,0.0,0.5666200300690922,0.2833100150345461,short-term,0.2833100150345461
201,205,0.0,0.5353584595542649,0.26767922977713243,short-term,0.26767922977713243
152,157,0.0,0.48767942005845033,0.24383971002922517,short-term,0.24383971002922517
226,230,0.0,0.47670313115508217,0.23835156557754109,short-term,0.23835156557754109
