low,high,recent_strength,all_strength,avg_strength,zone_type,strength
152,156,0.5787045308698557,0.5377135155392258,0.5582090232045407,short-term,0.5582090232045407
144,148,1.0,0.11050405912376104,0.5552520295618806,short-term,0.5552520295618806
197,201,0.0,1.0,0.5,short-term,0.5
177,181,0.0,0.6701559054565618,0.3350779527282809,short-term,0.3350779527282809
185,189,0.0,0.624775660450636,0.312387830225318,short-term,0.312387830225318
217,221,0.0,0.617500644330235,0.3087503221651175,short-term,0.3087503221651175
193,197,0.0,0.553847998822884,0.276923999411442,short-term,0.276923999411442
201,205,0.0,0.5237482883688389,0.26187414418441946,short-term,0.26187414418441946
189,193,0.0,0.4933131849092395,0.24665659245461974,short-term,0.24665659245461974
