low,high,recent_strength,all_strength,avg_strength,zone_type,strength
160,164,1.0,0.4692230813918967,0.7346115406959484,short-term,0.7346115406959484
172,176,0.5320259459303001,0.6625580574502673,0.5972920016902836,persistent,0.5972920016902836
176,180,0.11306258274763986,0.8910811330493514,0.5020718578984956,short-term,0.5020718578984956
199,203,0.0,1.0,0.5,short-term,0.5
168,172,0.1688111245318608,0.6322420447952817,0.4005265846635713,short-term,0.4005265846635713
164,168,0.15263273885416417,0.6482447326743589,0.40043873576426153,short-term,0.40043873576426153
219,223,0.0,0.6446498767177989,0.32232493835889947,short-term,0.32232493835889947
192,196,0.0,0.6197136884315275,0.30985684421576376,short-term,0.30985684421576376
184,188,0.0,0.6141087246104238,0.3070543623052119,short-term,0.3070543623052119
