low,high,recent_strength,all_strength,avg_strength,zone_type,strength
178,182,1.0,0.6456562882019162,0.8228281441009582,persistent,0.8228281441009582
182,186,0.7014087255943412,0.6717369931778514,0.6865728593860962,short-term,0.6865728593860962
199,203,0.0,1.0,0.5,short-term,0.5
186,190,0.07207612609941531,0.6118042777555422,0.34194020192747876,short-term,0.34194020192747876
190,195,0.0,0.6428463977841972,0.3214231988920986,short-term,0.3214231988920986
195,199,0.0,0.6138674086181958,0.3069337043090979,short-term,0.3069337043090979
216,220,0.0,0.5979826220478843,0.29899131102394216,short-term,0.29899131102394216
220,224,0.0,0.5176789034644883,0.25883945173224415,short-term,0.25883945173224415
