low,high,recent_strength,all_strength,avg_strength,zone_type,strength
164,168,1.0,0.41236218937458613,0.7061810946872931,short-term,0.7061810946872931
197,201,0.0,1.0,0.5,short-term,0.5
152,156,0.42301050628212356,0.5090918777010278,0.4660511919915757,short-term,0.4660511919915757
177,181,0.0,0.6746054866477453,0.33730274332387267,short-term,0.33730274332387267
185,189,0.0,0.5954656835573202,0.2977328417786601,short-term,0.2977328417786601
217,221,0.0,0.588575531709567,0.2942877658547835,short-term,0.2942877658547835
193,197,0.0,0.5468773551227014,0.2734386775613507,short-term,0.2734386775613507
201,205,0.0,0.5247154590117995,0.26235772950589975,short-term,0.26235772950589975
181,185,0.0,0.47666104684355276,0.23833052342177638,short-term,0.23833052342177638
