low,high,recent_strength,all_strength,avg_strength,zone_type,strength
148,152,1.0,0.423791488524971,0.7118957442624855,short-term,0.7118957442624855
197,201,0.0,1.0,0.5,short-term,0.5
217,221,0.0,0.7120984032361811,0.35604920161809056,short-term,0.35604920161809056
177,181,0.0,0.665391767366617,0.3326958836833085,short-term,0.3326958836833085
185,189,0.0,0.6214286356126076,0.3107143178063038,short-term,0.3107143178063038
189,193,0.0,0.5604524037596069,0.28022620187980346,short-term,0.28022620187980346
201,205,0.0,0.5353584595542626,0.2676792297771313,short-term,0.2676792297771313
152,157,0.0,0.48767942005844817,0.24383971002922408,short-term,0.24383971002922408
193,197,0.0,0.4775987279594197,0.23879936397970986,short-term,0.23879936397970986
