low,high,recent_strength,all_strength,avg_strength,zone_type,strength
166,170,1.0,0.37596091812824123,0.6879804590641206,short-term,0.6879804590641206
196,200,0.0,1.0,0.5,short-term,0.5
218,222,0.0,0.9279926287351098,0.4639963143675549,short-term,0.4639963143675549
179,183,0.46858165235364274,0.4083293910024904,0.43845552167806656,short-term,0.43845552167806656
174,179,0.2473151326622693,0.6088728685285243,0.4280940005953968,short-term,0.4280940005953968
226,230,0.0,0.6642412166116067,0.33212060830580337,short-term,0.33212060830580337
230,235,0.0,0.5668280327634926,0.2834140163817463,short-term,0.2834140163817463
222,226,0.0,0.5273940891257243,0.26369704456286214,short-term,0.26369704456286214
200,205,0.0,0.5229908907777797,0.26149544538888986,short-term,0.26149544538888986
