low,high,recent_strength,all_strength,avg_strength,zone_type,strength
164,168,1.0,0.5439098255751488,0.7719549127875744,persistent,0.7719549127875744
196,200,0.0,1.0,0.5,short-term,0.5
176,180,0.0,0.7048079288211128,0.3524039644105564,short-term,0.3524039644105564
184,188,0.0,0.6077197234140972,0.3038598617070486,short-term,0.3038598617070486
216,220,0.0,0.5611709145942045,0.28058545729710227,short-term,0.28058545729710227
192,196,0.0,0.5543176231821899,0.27715881159109496,short-term,0.27715881159109496
220,224,0.0,0.5064367312389122,0.2532183656194561,short-term,0.2532183656194561
152,156,0.0,0.5045878479512854,0.2522939239756427,short-term,0.2522939239756427
