low,high,recent_strength,all_strength,avg_strength,zone_type,strength
199,204,1.0,1.0,1.0,persistent,1.0
191,195,0.9682505045126534,0.5530074602734977,0.7606289823930755,short-term,0.7606289823930755
187,191,0.54580818935057,0.5196232205863909,0.5327157049684804,short-term,0.5327157049684804
195,199,0.21273071986791042,0.6037971791587871,0.40826394951334877,short-term,0.40826394951334877
216,221,0.0,0.6607093324219672,0.3303546662109836,short-term,0.3303546662109836
221,225,0.0,0.5362079257815723,0.26810396289078614,short-term,0.26810396289078614
225,229,0.0,0.5328338447647707,0.26641692238238535,short-term,0.26641692238238535
