low,high,recent_strength,all_strength,avg_strength,zone_type,strength
182,186,1.0,0.6092644552419136,0.8046322276209568,persistent,0.8046322276209568
186,191,0.8615303656294945,0.638080422794013,0.7498053942117537,short-term,0.7498053942117537
191,195,0.3596297769678909,0.6714734695455661,0.5155516232567285,short-term,0.5155516232567285
199,203,0.0,1.0,0.5,short-term,0.5
174,178,0.17537779559446898,0.5295220620317287,0.35244992881309883,short-term,0.35244992881309883
195,199,0.0,0.6464430771275906,0.3232215385637953,short-term,0.3232215385637953
216,220,0.0,0.6089282228104645,0.3044641114052323,short-term,0.3044641114052323
220,224,0.0,0.5676058563687197,0.28380292818435987,short-term,0.28380292818435987
