low,high,recent_strength,all_strength,avg_strength,zone_type,strength
182,186,1.0,0.6055937050728203,0.8027968525364102,persistent,0.8027968525364102
186,191,0.8259290069224839,0.6342360596447802,0.730082533283632,short-term,0.730082533283632
199,203,0.0,1.0,0.5,short-term,0.5
191,195,0.3205738545538889,0.6674279170261744,0.49400088579003165,short-term,0.49400088579003165
195,199,0.0,0.6425483299217424,0.3212741649608712,short-term,0.3212741649608712
216,220,0.0,0.6006033940513739,0.30030169702568693,short-term,0.30030169702568693
174,178,0.0758357345479111,0.5193583101923969,0.29759702237015395,short-term,0.29759702237015395
220,224,0.0,0.5676222910952755,0.28381114554763776,short-term,0.28381114554763776
