low,high,recent_strength,all_strength,avg_strength,zone_type,strength
164,168,1.0,0.5180221138617811,0.7590110569308905,persistent,0.7590110569308905
196,200,0.0,1.0,0.5,short-term,0.5
176,180,0.0,0.7050435909468505,0.35252179547342527,short-term,0.35252179547342527
184,188,0.0,0.6095837586720362,0.3047918793360181,short-term,0.3047918793360181
192,196,0.0,0.5657753884369037,0.28288769421845184,short-term,0.28288769421845184
216,220,0.0,0.5586238119732119,0.27931190598660594,short-term,0.27931190598660594
180,184,0.0,0.5065432181985422,0.2532716090992711,short-term,0.2532716090992711
152,156,0.0,0.5061355507871025,0.25306777539355124,short-term,0.25306777539355124
