low,high,recent_strength,all_strength,avg_strength,zone_type,strength
186,191,1.0,0.5962780299020966,0.7981390149510483,persistent,0.7981390149510483
182,186,0.948383977134768,0.5416595337497857,0.7450217554422769,short-term,0.7450217554422769
191,195,0.6720071861886523,0.6500611646021633,0.6610341753954079,short-term,0.6610341753954079
199,203,0.0,1.0,0.5,short-term,0.5
195,199,0.08858042244492229,0.6303203969474694,0.35945040969619585,short-term,0.35945040969619585
220,225,0.0,0.5980736869857651,0.29903684349288256,short-term,0.29903684349288256
216,220,0.0,0.5970601482074981,0.29853007410374904,short-term,0.29853007410374904
