low,high,recent_strength,all_strength,avg_strength,zone_type,strength
199,204,1.0,1.0,1.0,persistent,1.0
191,195,0.8729121114782112,0.5434922033548759,0.7082021574165436,short-term,0.7082021574165436
195,199,0.5133447836802095,0.6037971791587865,0.558570981419498,short-term,0.558570981419498
187,191,0.5458081893505696,0.5196232205863895,0.5327157049684796,short-term,0.5327157049684796
216,221,0.0,0.6650522970607743,0.33252614853038714,short-term,0.33252614853038714
225,229,0.0,0.5328338447647678,0.2664169223823839,short-term,0.2664169223823839
221,225,0.0,0.5318649611427652,0.2659324805713826,short-term,0.2659324805713826
