low,high,recent_strength,all_strength,avg_strength,zone_type,strength
172,176,0.8916512648883763,0.671589703972899,0.7816204844306376,persistent,0.7816204844306376
160,164,1.0,0.4850771197980643,0.7425385598990322,short-term,0.7425385598990322
176,180,0.11306258274763983,0.9080735574705827,0.5105680701091113,short-term,0.5105680701091113
200,203,0.0,1.0,0.5,short-term,0.5
164,168,0.15263273885416478,0.6612368334166676,0.4069347861354162,short-term,0.4069347861354162
168,172,0.16881112453186084,0.6306041714906092,0.39970764801123504,short-term,0.39970764801123504
219,223,0.0,0.6582858530245993,0.32914292651229965,short-term,0.32914292651229965
184,188,0.0,0.6351931807046066,0.3175965903523033,short-term,0.3175965903523033
196,200,0.0,0.6084273027934542,0.3042136513967271,short-term,0.3042136513967271
