low,high,recent_strength,all_strength,avg_strength,zone_type,strength
182,186,0.9731578933993434,0.6124929028656066,0.7928253981324751,short-term,0.7928253981324751
178,182,1.0,0.5231818170152043,0.7615909085076021,short-term,0.7615909085076021
174,178,0.5044260975048199,0.5422068117462152,0.5233164546255176,short-term,0.5233164546255176
199,203,0.0,1.0,0.5,short-term,0.5
186,191,0.1636515980295463,0.6189112878068617,0.391281442918204,short-term,0.391281442918204
191,195,0.0,0.6448902255164468,0.3224451127582234,short-term,0.3224451127582234
216,220,0.0,0.5860044326838774,0.2930022163419387,short-term,0.2930022163419387
195,199,0.0,0.5633606683165769,0.28168033415828847,short-term,0.28168033415828847
220,224,0.0,0.544742890258043,0.2723714451290215,short-term,0.2723714451290215
