low,high,recent_strength,all_strength,avg_strength,zone_type,strength
199,204,1.0,1.0,1.0,persistent,1.0
191,195,0.944086065138237,0.5505957262215179,0.7473408956798775,short-term,0.7473408956798775
187,191,0.5458081893505702,0.5196232205863884,0.5327157049684793,short-term,0.5327157049684793
195,199,0.287440177923312,0.6037971791587885,0.44561867854105025,short-term,0.44561867854105025
216,221,0.0,0.6607093324219709,0.33035466621098547,short-term,0.33035466621098547
221,225,0.0,0.536207925781576,0.268103962890788,short-term,0.268103962890788
225,229,0.0,0.5328338447647701,0.26641692238238507,short-term,0.26641692238238507
