low,high,recent_strength,all_strength,avg_strength,zone_type,strength
164,168,1.0,0.5002322351534881,0.7501161175767441,persistent,0.7501161175767441
196,200,0.0,1.0,0.5,short-term,0.5
176,180,0.0,0.6999098317895351,0.34995491589476757,short-term,0.34995491589476757
184,188,0.0,0.6047848758468332,0.3023924379234166,short-term,0.3023924379234166
216,220,0.0,0.5583393937834314,0.2791696968917157,short-term,0.2791696968917157
192,196,0.0,0.5504653658598271,0.27523268292991354,short-term,0.27523268292991354
152,156,0.0,0.5010811901241589,0.25054059506207943,short-term,0.25054059506207943
180,184,0.0,0.49986592385162276,0.24993296192581138,short-term,0.24993296192581138
