low,high,recent_strength,all_strength,avg_strength,zone_type,strength
178,182,1.0,0.6574084172793124,0.8287042086396562,persistent,0.8287042086396562
182,186,0.7710826777102128,0.6627361659968649,0.7169094218535388,short-term,0.7169094218535388
199,203,0.0,1.0,0.5,short-term,0.5
186,190,0.09425981961873368,0.5999676039205384,0.347113711769636,short-term,0.347113711769636
190,195,0.0,0.6338439188506759,0.31692195942533796,short-term,0.31692195942533796
216,220,0.0,0.5823306093469532,0.2911653046734766,short-term,0.2911653046734766
195,199,0.0,0.5791908013282877,0.28959540066414385,short-term,0.28959540066414385
220,224,0.0,0.526723636436455,0.2633618182182275,short-term,0.2633618182182275
