low,high,recent_strength,all_strength,avg_strength,zone_type,strength
199,204,1.0,1.0,1.0,persistent,1.0
195,199,0.48607442253712835,0.6224237026154397,0.554249062576284,short-term,0.554249062576284
187,191,0.3457312263349945,0.5139251940206673,0.4298282101778309,short-term,0.4298282101778309
216,221,0.0,0.6829082163181073,0.34145410815905364,short-term,0.34145410815905364
225,229,0.0,0.5410805568960498,0.2705402784480249,short-term,0.2705402784480249
221,225,0.0,0.539067287715084,0.269533643857542,short-term,0.269533643857542
174,178,0.0,0.5003946777333732,0.2501973388666866,short-term,0.2501973388666866
