low,high,recent_strength,all_strength,avg_strength,zone_type,strength
160,164,1.0,0.5228280541559388,0.7614140270779695,short-term,0.7614140270779695
172,176,0.6097239275826978,0.6760470431604839,0.6428854853715908,short-term,0.6428854853715908
200,203,0.0,1.0,0.5,short-term,0.5
176,180,0.07471141665628807,0.9141004394030767,0.4944059280296824,short-term,0.4944059280296824
164,168,0.10098384641838577,0.6656381440049147,0.38331099521165024,short-term,0.38331099521165024
168,172,0.10987323590098459,0.6346188037443263,0.3722460198226555,short-term,0.3722460198226555
219,223,0.0,0.6626548945866685,0.33132744729333424,short-term,0.33132744729333424
184,188,0.0,0.641112754001135,0.3205563770005675,short-term,0.3205563770005675
196,200,0.0,0.6244476336151672,0.3122238168075836,short-term,0.3122238168075836
