low,high,recent_strength,all_strength,avg_strength,zone_type,strength
200,204,0.6712250199808872,1.0,0.8356125099904437,short-term,0.8356125099904437
195,200,1.0,0.6332267802228106,0.8166133901114053,persistent,0.8166133901114053
191,195,0.7287627341595218,0.5441273458453855,0.6364450400024536,short-term,0.6364450400024536
217,221,0.0,0.7370990536894786,0.3685495268447393,short-term,0.3685495268447393
221,225,0.0,0.5953728797737364,0.2976864398868682,short-term,0.2976864398868682
225,229,0.0,0.5926907974533053,0.29634539872665266,short-term,0.29634539872665266
174,178,0.0,0.5684653140555233,0.2842326570277616,short-term,0.2842326570277616
