low,high,recent_strength,all_strength,avg_strength,zone_type,strength
156,160,1.0,0.5919828791455783,0.7959914395727892,short-term,0.7959914395727892
199,203,0.0,1.0,0.5,short-term,0.5
176,180,0.0,0.8949021683032602,0.4474510841516301,short-term,0.4474510841516301
164,168,0.14001566059645054,0.6526792566006924,0.39634745859857146,short-term,0.39634745859857146
172,176,0.0,0.6680865953669903,0.33404329768349517,short-term,0.33404329768349517
219,223,0.0,0.663887847834591,0.3319439239172955,short-term,0.3319439239172955
168,172,0.0,0.6407904150644216,0.3203952075322108,short-term,0.3203952075322108
195,199,0.0,0.625535653333007,0.3127678266665035,short-term,0.3127678266665035
184,188,0.0,0.6212419966735462,0.3106209983367731,short-term,0.3106209983367731
