low,high,recent_strength,all_strength,avg_strength,zone_type,strength
160,164,1.0,0.2925945825655681,0.646297291282784,short-term,0.646297291282784
152,156,0.5721249858452493,0.5227578987237673,0.5474414422845083,short-term,0.5474414422845083
197,201,0.0,1.0,0.5,short-term,0.5
177,181,0.0,0.6653778844616167,0.33268894223080836,short-term,0.33268894223080836
185,189,0.0,0.6031754199364998,0.3015877099682499,short-term,0.3015877099682499
217,221,0.0,0.5820780390641741,0.29103901953208705,short-term,0.29103901953208705
193,197,0.0,0.5227785528981019,0.26138927644905097,short-term,0.26138927644905097
201,205,0.0,0.5103519525184805,0.25517597625924027,short-term,0.25517597625924027
181,185,0.0,0.4799370461301198,0.2399685230650599,short-term,0.2399685230650599
