low,high,recent_strength,all_strength,avg_strength,zone_type,strength
186,191,1.0,0.5962780299020951,0.7981390149510476,persistent,0.7981390149510476
182,186,0.9764944888580148,0.5442894303575925,0.7603919596078037,short-term,0.7603919596078037
191,195,0.6344576399875086,0.6500611646021632,0.6422594022948359,short-term,0.6422594022948359
199,203,0.0,1.0,0.5,short-term,0.5
195,199,0.08858042244492265,0.6303203969474672,0.3594504096961949,short-term,0.3594504096961949
220,225,0.0,0.5980736869857602,0.2990368434928801,short-term,0.2990368434928801
216,220,0.0,0.5970601482074943,0.29853007410374716,short-term,0.29853007410374716
