low,high,recent_strength,all_strength,avg_strength,zone_type,strength
182,186,0.9201837789361998,0.6525397696336604,0.7863617742849301,short-term,0.7863617742849301
178,182,1.0,0.5353806783528177,0.7676903391764088,persistent,0.7676903391764088
199,203,0.0,1.0,0.5,short-term,0.5
174,178,0.4315101201967883,0.5380299951256612,0.4847700576612247,short-term,0.4847700576612247
186,191,0.08313884995507498,0.5928174683533244,0.3379781591541997,short-term,0.3379781591541997
191,195,0.0,0.6637619069665228,0.3318809534832614,short-term,0.3318809534832614
216,220,0.0,0.5838158757018569,0.29190793785092845,short-term,0.29190793785092845
195,199,0.0,0.5600241736769495,0.2800120868384747,short-term,0.2800120868384747
