low,high,recent_strength,all_strength,avg_strength,zone_type,strength
151,155,1.0,0.32748347834144526,0.6637417391707227,short-term,0.6637417391707227
196,200,0.0,1.0,0.5,short-term,0.5
176,180,0.0,0.6884263600813489,0.34421318004067447,short-term,0.34421318004067447
217,221,0.0,0.6001617306217659,0.30008086531088296,short-term,0.30008086531088296
184,188,0.0,0.5890081477598179,0.29450407387990896,short-term,0.29450407387990896
192,196,0.0,0.5581210362443692,0.2790605181221846,short-term,0.2790605181221846
188,192,0.0,0.5181777176189476,0.2590888588094738,short-term,0.2590888588094738
180,184,0.0,0.5141476902439328,0.2570738451219664,short-term,0.2570738451219664
200,204,0.0,0.5100597846893414,0.2550298923446707,short-term,0.2550298923446707
