low,high,recent_strength,all_strength,avg_strength,zone_type,strength
148,152,1.0,0.47074484009049133,0.7353724200452456,short-term,0.7353724200452456
197,201,0.0,1.0,0.5,short-term,0.5
152,156,0.27207021145280597,0.517788895977747,0.3949295537152765,short-term,0.3949295537152765
177,181,0.0,0.6709314062254119,0.33546570311270596,short-term,0.33546570311270596
185,189,0.0,0.624775660450639,0.3123878302253195,short-term,0.3123878302253195
217,221,0.0,0.6175006443302383,0.30875032216511916,short-term,0.30875032216511916
193,197,0.0,0.5538479988228847,0.27692399941144236,short-term,0.27692399941144236
201,205,0.0,0.5269707115311132,0.2634853557655566,short-term,0.2634853557655566
189,193,0.0,0.4933131849092391,0.24665659245461954,short-term,0.24665659245461954
