low,high,recent_strength,all_strength,avg_strength,zone_type,strength
176,180,1.0,0.9626222519164396,0.9813111259582198,persistent,0.9813111259582198
200,204,0.0,1.0,0.5,short-term,0.5
168,172,0.23257799510966004,0.6516689150354592,0.4421234550725596,short-term,0.4421234550725596
196,200,0.0,0.6646550912610214,0.3323275456305107,short-term,0.3323275456305107
184,188,0.0,0.6628308210395697,0.33141541051978485,short-term,0.33141541051978485
164,168,0.0,0.6570172901677767,0.32850864508388833,short-term,0.32850864508388833
192,196,0.0,0.6412430797020258,0.3206215398510129,short-term,0.3206215398510129
216,220,0.0,0.6013089975789706,0.3006544987894853,short-term,0.3006544987894853
