low,high,recent_strength,all_strength,avg_strength,zone_type,strength
164,168,1.0,0.501583235297458,0.750791617648729,persistent,0.750791617648729
196,200,0.0,1.0,0.5,short-term,0.5
176,180,0.0,0.6999098317895388,0.3499549158947694,short-term,0.3499549158947694
184,188,0.0,0.6053994741985105,0.30269973709925524,short-term,0.30269973709925524
216,220,0.0,0.5583393937834336,0.2791696968917168,short-term,0.2791696968917168
192,196,0.0,0.550465365859829,0.2752326829299145,short-term,0.2752326829299145
152,156,0.0,0.5010811901241613,0.25054059506208065,short-term,0.25054059506208065
180,184,0.0,0.4992513254999565,0.24962566274997824,short-term,0.24962566274997824
