low,high,recent_strength,all_strength,avg_strength,zone_type,strength
156,160,1.0,0.7591464492738816,0.8795732246369408,persistent,0.8795732246369408
152,156,0.9310768629675414,0.6590909486507227,0.7950839058091321,short-term,0.7950839058091321
199,203,0.0,1.0,0.5,short-term,0.5
175,179,0.0,0.9425864448336744,0.4712932224168372,short-term,0.4712932224168372
218,222,0.0,0.7943140979731199,0.39715704898655996,short-term,0.39715704898655996
164,168,0.0,0.6708868136642868,0.3354434068321434,short-term,0.3354434068321434
172,175,0.0,0.6650041648716575,0.33250208243582874,short-term,0.33250208243582874
191,195,0.0,0.6338785789644588,0.3169392894822294,short-term,0.3169392894822294
168,172,0.0,0.6283432111990046,0.3141716055995023,short-term,0.3141716055995023
