low,high,recent_strength,all_strength,avg_strength,zone_type,strength
178,182,1.0,0.6361342792526439,0.8180671396263219,persistent,0.8180671396263219
182,186,0.9498770783197508,0.6737892360167188,0.8118331571682348,short-term,0.8118331571682348
199,203,0.0,1.0,0.5,short-term,0.5
186,190,0.06649973941379676,0.6207657813687363,0.3436327603912665,short-term,0.3436327603912665
190,195,0.0,0.6403817755426505,0.32019088777132526,short-term,0.32019088777132526
195,199,0.0,0.6205869535371565,0.31029347676857827,short-term,0.31029347676857827
216,220,0.0,0.5900560053382105,0.2950280026691052,short-term,0.2950280026691052
224,228,0.0,0.5237421149643137,0.26187105748215683,short-term,0.26187105748215683
