low,high,recent_strength,all_strength,avg_strength,zone_type,strength
147,151,1.0,0.33748972193527077,0.6687448609676354,short-term,0.6687448609676354
200,204,0.0,1.0,0.5,short-term,0.5
175,179,0.0,0.8010906764012843,0.40054533820064214,short-term,0.40054533820064214
196,200,0.0,0.6604067340433556,0.3302033670216778,short-term,0.3302033670216778
183,188,0.0,0.6575587143036588,0.3287793571518294,short-term,0.3287793571518294
192,196,0.0,0.6528136682923537,0.3264068341461768,short-term,0.3264068341461768
216,220,0.0,0.6251342066435459,0.31256710332177295,short-term,0.31256710332177295
188,192,0.0,0.6032440521068463,0.30162202605342314,short-term,0.30162202605342314
179,183,0.0,0.557427577441635,0.2787137887208175,short-term,0.2787137887208175
