low,high,recent_strength,all_strength,avg_strength,zone_type,strength
164,168,1.0,0.5773944111959337,0.7886972055979669,persistent,0.7886972055979669
196,200,0.0,1.0,0.5,short-term,0.5
176,180,0.0,0.7123553006453609,0.35617765032268045,short-term,0.35617765032268045
184,188,0.0,0.5968046842179234,0.2984023421089617,short-term,0.2984023421089617
192,196,0.0,0.5633682860148048,0.2816841430074024,short-term,0.2816841430074024
216,220,0.0,0.5520411904813641,0.27602059524068207,short-term,0.27602059524068207
180,184,0.0,0.5144386880947802,0.2572193440473901,short-term,0.2572193440473901
200,204,0.0,0.5133377771415725,0.25666888857078624,short-term,0.25666888857078624
