low,high,recent_strength,all_strength,avg_strength,zone_type,strength
151,155,1.0,0.4965373513111287,0.7482686756555643,short-term,0.7482686756555643
200,204,0.0,1.0,0.5,short-term,0.5
175,179,0.0,0.7973748162523759,0.39868740812618797,short-term,0.39868740812618797
196,200,0.0,0.6652627795195861,0.33263138975979306,short-term,0.33263138975979306
183,188,0.0,0.6578455615450093,0.32892278077250464,short-term,0.32892278077250464
192,196,0.0,0.6461045691493724,0.3230522845746862,short-term,0.3230522845746862
216,220,0.0,0.6254005839619118,0.3127002919809559,short-term,0.3127002919809559
188,192,0.0,0.6083942844372661,0.30419714221863303,short-term,0.30419714221863303
220,224,0.0,0.5602812837649,0.28014064188245,short-term,0.28014064188245
