low,high,recent_strength,all_strength,avg_strength,zone_type,strength
172,176,1.0,0.3941371453860381,0.697068572693019,short-term,0.697068572693019
196,200,0.0,1.0,0.5,short-term,0.5
176,180,0.0,0.6805083500618337,0.34025417503091687,short-term,0.34025417503091687
184,188,0.0,0.5872226502863622,0.2936113251431811,short-term,0.2936113251431811
192,196,0.0,0.5470706149684635,0.27353530748423177,short-term,0.27353530748423177
217,221,0.0,0.530525425429938,0.265262712714969,short-term,0.265262712714969
221,225,0.0,0.5221771848960621,0.26108859244803106,short-term,0.26108859244803106
152,156,0.0,0.4817000033881579,0.24085000169407894,short-term,0.24085000169407894
180,184,0.0,0.4635213020183613,0.23176065100918064,short-term,0.23176065100918064
