low,high,recent_strength,all_strength,avg_strength,zone_type,strength
160,164,1.0,0.4789673750157461,0.7394836875078731,short-term,0.7394836875078731
199,203,0.0,1.0,0.5,short-term,0.5
176,180,0.0,0.8806775340204314,0.4403387670102157,short-term,0.4403387670102157
164,168,0.16748909537958478,0.6446004851500466,0.4060447902648157,short-term,0.4060447902648157
172,176,0.0,0.654753613855199,0.3273768069275995,short-term,0.3273768069275995
219,223,0.0,0.6372868055417877,0.31864340277089387,short-term,0.31864340277089387
192,195,0.0,0.631147341153686,0.315573670576843,short-term,0.315573670576843
168,172,0.0,0.6310228709908192,0.3155114354954096,short-term,0.3155114354954096
184,188,0.0,0.6176392548759098,0.3088196274379549,short-term,0.3088196274379549
