low,high,recent_strength,all_strength,avg_strength,zone_type,strength
147,151,1.0,0.2100517836605731,0.6050258918302865,short-term,0.6050258918302865
197,201,0.0,1.0,0.5,short-term,0.5
217,221,0.0,0.6829790238349773,0.34148951191748866,short-term,0.34148951191748866
176,180,0.0,0.674706975393734,0.337353487696867,short-term,0.337353487696867
184,188,0.0,0.5810304965090075,0.29051524825450376,short-term,0.29051524825450376
192,197,0.0,0.5571587502092336,0.2785793751046168,short-term,0.2785793751046168
180,184,0.0,0.5171007122729847,0.25855035613649235,short-term,0.25855035613649235
201,205,0.0,0.514099805280056,0.257049902640028,short-term,0.257049902640028
226,230,0.0,0.46501362290577947,0.23250681145288973,short-term,0.23250681145288973
