low,high,recent_strength,all_strength,avg_strength,zone_type,strength
148,152,1.0,0.5914758839414138,0.7957379419707069,short-term,0.7957379419707069
199,203,0.0,1.0,0.5,short-term,0.5
176,179,0.0,0.9888980916905585,0.49444904584527927,short-term,0.49444904584527927
156,160,0.18467530346071265,0.6990209754091661,0.4418481394349394,short-term,0.4418481394349394
219,222,0.0,0.7213161980425061,0.36065809902125306,short-term,0.36065809902125306
164,168,0.0,0.7039396062276552,0.3519698031138276,short-term,0.3519698031138276
172,176,0.0,0.6843100807142095,0.34215504035710476,short-term,0.34215504035710476
183,187,0.0,0.6723298379286238,0.3361649189643119,short-term,0.3361649189643119
168,172,0.0,0.6651788102964064,0.3325894051482032,short-term,0.3325894051482032
