low,high,recent_strength,all_strength,avg_strength,zone_type,strength
164,168,1.0,0.5250916165457521,0.762545808272876,persistent,0.762545808272876
196,200,0.0,1.0,0.5,short-term,0.5
176,180,0.0,0.7066297835674099,0.35331489178370495,short-term,0.35331489178370495
184,188,0.0,0.6123452419019109,0.30617262095095543,short-term,0.30617262095095543
192,196,0.0,0.5670482583098554,0.2835241291549277,short-term,0.2835241291549277
216,220,0.0,0.5598805923760202,0.2799402961880101,short-term,0.2799402961880101
152,156,0.0,0.5047473696418814,0.2523736848209407,short-term,0.2523736848209407
180,184,0.0,0.5038757447665589,0.25193787238327947,short-term,0.25193787238327947
