low,high,recent_strength,all_strength,avg_strength,zone_type,strength
187,191,1.0,0.4306730281217333,0.7153365140608666,short-term,0.7153365140608666
200,204,0.0,1.0,0.5,short-term,0.5
217,221,0.0,0.794533189183924,0.397266594591962,short-term,0.397266594591962
230,234,0.0,0.6431686379475614,0.3215843189737807,short-term,0.3215843189737807
221,225,0.0,0.6254208730346597,0.3127104365173298,short-term,0.3127104365173298
225,230,0.0,0.6252625496450103,0.31263127482250513,short-term,0.31263127482250513
174,178,0.0,0.6144615329459493,0.30723076647297465,short-term,0.30723076647297465
195,200,0.0,0.5650323471315665,0.28251617356578324,short-term,0.28251617356578324
