low,high,recent_strength,all_strength,avg_strength,zone_type,strength
191,196,1.0,0.46957731213614645,0.7347886560680732,short-term,0.7347886560680732
196,200,0.3547685316326833,1.0,0.6773842658163416,short-term,0.6773842658163416
217,221,0.0,0.8565099913166433,0.42825499565832165,short-term,0.42825499565832165
174,178,0.18174489641893238,0.621336092932841,0.4015404946758867,short-term,0.4015404946758867
230,234,0.0,0.6131386540957223,0.30656932704786116,short-term,0.30656932704786116
226,230,0.0,0.5953424721094426,0.2976712360547213,short-term,0.2976712360547213
221,226,0.0,0.4833363083019596,0.2416681541509798,short-term,0.2416681541509798
200,204,0.0,0.4715489531822243,0.23577447659111214,short-term,0.23577447659111214
