low,high,recent_strength,all_strength,avg_strength,zone_type,strength
147,151,1.0,0.1839796595723001,0.5919898297861501,short-term,0.5919898297861501
197,201,0.0,1.0,0.5,short-term,0.5
176,180,0.0,0.6868601184752368,0.3434300592376184,short-term,0.3434300592376184
217,221,0.0,0.6828930400241997,0.34144652001209985,short-term,0.34144652001209985
184,188,0.0,0.5768689584408158,0.2884344792204079,short-term,0.2884344792204079
192,197,0.0,0.5389954630580316,0.2694977315290158,short-term,0.2694977315290158
201,205,0.0,0.5011323776754265,0.25056618883771326,short-term,0.25056618883771326
180,184,0.0,0.4928821676071329,0.24644108380356644,short-term,0.24644108380356644
226,230,0.0,0.46112116150105215,0.23056058075052607,short-term,0.23056058075052607
