low,high,recent_strength,all_strength,avg_strength,zone_type,strength
191,195,1.0,0.6165275613004687,0.8082637806502344,persistent,0.8082637806502344
199,204,0.12751772019614138,1.0,0.5637588600980707,short-term,0.5637588600980707
195,199,0.49381373026692466,0.6210637655252602,0.5574387478960925,short-term,0.5574387478960925
187,191,0.31626532637595256,0.5231608004000274,0.41971306338798997,short-term,0.41971306338798997
216,221,0.0,0.6108485044342262,0.3054242522171131,short-term,0.3054242522171131
221,225,0.0,0.5824027131968866,0.2912013565984433,short-term,0.2912013565984433
174,178,0.0,0.5061430006557631,0.25307150032788156,short-term,0.25307150032788156
