low,high,recent_strength,all_strength,avg_strength,zone_type,strength
164,168,1.0,0.5077484164749326,0.7538742082374663,persistent,0.7538742082374663
196,200,0.0,1.0,0.5,short-term,0.5
176,180,0.0,0.6945448095511115,0.34727240477555577,short-term,0.34727240477555577
184,188,0.0,0.5988809833801146,0.2994404916900573,short-term,0.2994404916900573
216,220,0.0,0.5557366242431223,0.27786831212156116,short-term,0.27786831212156116
192,196,0.0,0.5516478483252731,0.27582392416263657,short-term,0.27582392416263657
152,156,0.0,0.4995139545774842,0.2497569772887421,short-term,0.2497569772887421
180,184,0.0,0.4935187698628138,0.2467593849314069,short-term,0.2467593849314069
