low,high,recent_strength,all_strength,avg_strength,zone_type,strength
172,176,1.0,0.6883034505752816,0.8441517252876408,persistent,0.8441517252876408
176,180,0.08252975188612457,0.9471884368628795,0.5148590943745021,short-term,0.5148590943745021
200,204,0.0,1.0,0.5,short-term,0.5
168,172,0.14605179576634833,0.6537073154159085,0.3998795555911284,short-term,0.3998795555911284
164,168,0.0,0.6741992219395961,0.33709961096979807,short-term,0.33709961096979807
184,188,0.0,0.670503710354638,0.335251855177319,short-term,0.335251855177319
219,223,0.0,0.6691483426083805,0.33457417130419026,short-term,0.33457417130419026
196,200,0.0,0.6653135974763574,0.3326567987381787,short-term,0.3326567987381787
