low,high,recent_strength,all_strength,avg_strength,zone_type,strength
191,196,1.0,0.5093195528288862,0.7546597764144432,short-term,0.7546597764144432
200,204,0.0,1.0,0.5,short-term,0.5
217,221,0.0,0.9138819852425796,0.4569409926212898,short-term,0.4569409926212898
196,200,0.3152242050169742,0.5825596233468938,0.44889191418193397,short-term,0.44889191418193397
230,234,0.0,0.6524878832569476,0.3262439416284738,short-term,0.3262439416284738
226,230,0.0,0.6482862268299212,0.3241431134149606,short-term,0.3241431134149606
174,178,0.0,0.6262076590847945,0.31310382954239724,short-term,0.31310382954239724
221,226,0.0,0.5248252668815726,0.2624126334407863,short-term,0.2624126334407863
