low,high,recent_strength,all_strength,avg_strength,zone_type,strength
160,164,1.0,0.3179953486883605,0.6589976743441802,short-term,0.6589976743441802
197,201,0.0,1.0,0.5,short-term,0.5
176,180,0.0,0.6597080842970345,0.32985404214851727,short-term,0.32985404214851727
185,189,0.0,0.5952926848924583,0.2976463424462292,short-term,0.2976463424462292
217,221,0.0,0.5624997153119332,0.2812498576559666,short-term,0.2812498576559666
193,197,0.0,0.5187721089796766,0.2593860544898383,short-term,0.2593860544898383
152,156,0.0,0.49442016713715037,0.24721008356857518,short-term,0.24721008356857518
221,225,0.0,0.4835376113325715,0.24176880566628575,short-term,0.24176880566628575
189,193,0.0,0.46011498957080904,0.23005749478540452,short-term,0.23005749478540452
