low,high,recent_strength,all_strength,avg_strength,zone_type,strength
164,168,1.0,0.5850469075867677,0.7925234537933838,persistent,0.7925234537933838
168,172,0.6564403347995632,0.5450456293150545,0.6007429820573089,short-term,0.6007429820573089
196,200,0.0,1.0,0.5,short-term,0.5
176,180,0.0,0.7238493468505609,0.36192467342528045,short-term,0.36192467342528045
184,188,0.0,0.5836247053064213,0.29181235265321065,short-term,0.29181235265321065
192,196,0.0,0.5636912065439625,0.28184560327198127,short-term,0.28184560327198127
216,220,0.0,0.5504560198016238,0.2752280099008119,short-term,0.2752280099008119
200,204,0.0,0.5195528488968647,0.25977642444843235,short-term,0.25977642444843235
