low,high,recent_strength,all_strength,avg_strength,zone_type,strength
187,191,1.0,0.40481652649973093,0.7024082632498655,short-term,0.7024082632498655
200,204,0.0,1.0,0.5,short-term,0.5
217,221,0.0,0.7846673812603746,0.3923336906301873,short-term,0.3923336906301873
230,234,0.0,0.6454929496919071,0.32274647484595353,short-term,0.32274647484595353
221,226,0.0,0.6285525000430643,0.31427625002153214,short-term,0.31427625002153214
226,230,0.0,0.6203695841402003,0.31018479207010013,short-term,0.31018479207010013
174,178,0.0,0.6144615329459506,0.3072307664729753,short-term,0.3072307664729753
195,200,0.043308841087499356,0.5650323471315647,0.304170594109532,short-term,0.304170594109532
