low,high,recent_strength,all_strength,avg_strength,zone_type,strength
151,155,1.0,0.42370705452595336,0.7118535272629767,short-term,0.7118535272629767
196,200,0.0,1.0,0.5,short-term,0.5
175,180,0.0,0.7218180225928443,0.36090901129642217,short-term,0.36090901129642217
184,188,0.0,0.604431753301066,0.302215876650533,short-term,0.302215876650533
192,196,0.0,0.5693481553519985,0.2846740776759992,short-term,0.2846740776759992
216,220,0.0,0.5675355994747183,0.28376779973735916,short-term,0.28376779973735916
220,225,0.0,0.5595594050238601,0.2797797025119301,short-term,0.2797797025119301
188,192,0.0,0.5504305427414091,0.27521527137070456,short-term,0.27521527137070456
200,204,0.0,0.51955284889686,0.25977642444843,short-term,0.25977642444843
