low,high,recent_strength,all_strength,avg_strength,zone_type,strength
147,151,1.0,0.2114213829624896,0.6057106914812448,short-term,0.6057106914812448
196,201,0.0,1.0,0.5,short-term,0.5
176,180,0.0,0.6708962683386476,0.3354481341693238,short-term,0.3354481341693238
184,188,0.0,0.5979008851403935,0.29895044257019676,short-term,0.29895044257019676
217,221,0.0,0.5948892599638453,0.29744462998192267,short-term,0.29744462998192267
192,196,0.0,0.5571587502092331,0.27857937510461656,short-term,0.27857937510461656
201,205,0.0,0.5140998052800501,0.25704990264002503,short-term,0.25704990264002503
180,184,0.0,0.4993835576236263,0.24969177881181315,short-term,0.24969177881181315
221,225,0.0,0.4679823217730949,0.23399116088654745,short-term,0.23399116088654745
