low,high,recent_strength,all_strength,avg_strength,zone_type,strength
191,196,1.0,0.509319552828884,0.754659776414442,short-term,0.754659776414442
200,204,0.0,1.0,0.5,short-term,0.5
217,221,0.0,0.9138819852425873,0.4569409926212937,short-term,0.4569409926212937
196,200,0.31522420501697435,0.5825596233468926,0.44889191418193347,short-term,0.44889191418193347
230,234,0.0,0.652487883256946,0.326243941628473,short-term,0.326243941628473
226,230,0.0,0.6482862268299231,0.32414311341496155,short-term,0.32414311341496155
174,178,0.0,0.6262076590847944,0.3131038295423972,short-term,0.3131038295423972
221,226,0.0,0.5248252668815698,0.2624126334407849,short-term,0.2624126334407849
