low,high,recent_strength,all_strength,avg_strength,zone_type,strength
191,196,1.0,0.45981445432869317,0.7299072271643465,short-term,0.7299072271643465
196,200,0.38476638108331446,1.0,0.6923831905416572,short-term,0.6923831905416572
187,191,0.6077074437996169,0.29300964196001966,0.4503585428798183,short-term,0.4503585428798183
217,222,0.0,0.861892214707429,0.4309461073537145,short-term,0.4309461073537145
174,178,0.19711253913545326,0.6246788643220249,0.41089570172873907,short-term,0.41089570172873907
226,230,0.0,0.65433037512658,0.32716518756329,short-term,0.32716518756329
230,234,0.0,0.5521276501626148,0.2760638250813074,short-term,0.2760638250813074
222,226,0.0,0.47846780514055454,0.23923390257027727,short-term,0.23923390257027727
200,204,0.0,0.4715489531822248,0.2357744765911124,short-term,0.2357744765911124
