low,high,recent_strength,all_strength,avg_strength,zone_type,strength
151,155,1.0,0.3331671941840559,0.666583597092028,short-term,0.666583597092028
196,200,0.0,1.0,0.5,short-term,0.5
176,180,0.0,0.7198303801476938,0.3599151900738469,short-term,0.3599151900738469
217,221,0.0,0.6127163252817013,0.30635816264085064,short-term,0.30635816264085064
184,188,0.0,0.6015104965107305,0.30075524825536526,short-term,0.30075524825536526
192,196,0.0,0.5696694112616091,0.28483470563080454,short-term,0.28483470563080454
188,192,0.0,0.5253092965025727,0.26265464825128637,short-term,0.26265464825128637
180,184,0.0,0.5207914197778974,0.2603957098889487,short-term,0.2603957098889487
200,204,0.0,0.5205590798846007,0.26027953994230035,short-term,0.26027953994230035
