low,high,recent_strength,all_strength,avg_strength,zone_type,strength
186,191,1.0,0.5938890246620331,0.7969445123310166,persistent,0.7969445123310166
191,195,0.8275468843573534,0.6500611646021647,0.738804024479759,short-term,0.738804024479759
182,186,0.7464749007478543,0.5209864706435886,0.6337306856957214,short-term,0.6337306856957214
199,203,0.0,1.0,0.5,short-term,0.5
195,199,0.09090165673542012,0.6303203969474657,0.3606110268414429,short-term,0.3606110268414429
220,225,0.0,0.5980736869857651,0.29903684349288256,short-term,0.29903684349288256
216,220,0.0,0.5970601482075003,0.29853007410375015,short-term,0.29853007410375015
