low,high,recent_strength,all_strength,avg_strength,zone_type,strength
229,231,1.0,0.6880440214950365,0.8440220107475183,persistent,0.8440220107475183
224,227,0.6479791538943516,0.603742353197073,0.6258607535457124,persistent,0.6258607535457124
219,222,0.20781151996321226,1.0,0.6039057599816061,short-term,0.6039057599816061
222,224,0.4704715272948473,0.5085987343081765,0.4895351308015119,short-term,0.4895351308015119
227,229,0.1428405710266374,0.6938630478433383,0.41835180943498784,short-term,0.41835180943498784
231,234,0.0,0.765111871859119,0.3825559359295595,short-term,0.3825559359295595
251,253,0.0,0.43259377261427584,0.21629688630713792,short-term,0.21629688630713792
234,236,0.0,0.42660741005478325,0.21330370502739163,short-term,0.21330370502739163
