low,high,recent_strength,all_strength,avg_strength,zone_type,strength
151,155,1.0,0.33759667313595587,0.6687983365679779,short-term,0.6687983365679779
196,200,0.0,1.0,0.5,short-term,0.5
176,180,0.0,0.7165129150121183,0.35825645750605917,short-term,0.35825645750605917
217,221,0.0,0.6189184862412088,0.3094592431206044,short-term,0.3094592431206044
184,188,0.0,0.6013542531495556,0.3006771265747778,short-term,0.3006771265747778
192,196,0.0,0.5593915239144341,0.27969576195721707,short-term,0.27969576195721707
188,192,0.0,0.5228883160541181,0.26144415802705906,short-term,0.26144415802705906
180,184,0.0,0.5157753370167545,0.25788766850837724,short-term,0.25788766850837724
200,204,0.0,0.5033090143061817,0.25165450715309085,short-term,0.25165450715309085
