low,high,recent_strength,all_strength,avg_strength,zone_type,strength
200,204,0.7271500528757577,1.0,0.8635750264378789,short-term,0.8635750264378789
195,200,1.0,0.6378631970281994,0.8189315985140997,persistent,0.8189315985140997
191,195,0.8460737082644656,0.5512038364438276,0.6986387723541466,short-term,0.6986387723541466
217,221,0.0,0.7466851819430467,0.37334259097152334,short-term,0.37334259097152334
225,229,0.0,0.6051356599084579,0.30256782995422893,short-term,0.30256782995422893
221,225,0.0,0.6031158293212237,0.3015579146606118,short-term,0.3015579146606118
174,178,0.0,0.5814599566517793,0.29072997832588965,short-term,0.29072997832588965
