low,high,recent_strength,all_strength,avg_strength,zone_type,strength
200,204,1.0,1.0,1.0,persistent,1.0
195,200,0.6823590820862049,0.6478116041241492,0.6650853431051771,short-term,0.6650853431051771
187,191,0.5658053337963549,0.5016988617990681,0.5337520977977115,short-term,0.5337520977977115
217,221,0.0,0.6942606230610395,0.34713031153051976,short-term,0.34713031153051976
221,225,0.0,0.5607712347430274,0.2803856173715137,short-term,0.2803856173715137
225,229,0.0,0.5582450286197572,0.2791225143098786,short-term,0.2791225143098786
174,178,0.0,0.523503944627951,0.2617519723139755,short-term,0.2617519723139755
