low,high,recent_strength,all_strength,avg_strength,zone_type,strength
187,191,1.0,0.5057034800622395,0.7528517400311198,short-term,0.7528517400311198
200,204,0.0,1.0,0.5,short-term,0.5
195,200,0.19713018523158748,0.6338319643218397,0.4154810747767136,short-term,0.4154810747767136
217,221,0.0,0.8168192726339771,0.40840963631698857,short-term,0.40840963631698857
221,225,0.0,0.6439705308253157,0.3219852654126579,short-term,0.3219852654126579
225,230,0.0,0.6316617256288087,0.31583086281440437,short-term,0.31583086281440437
174,178,0.0,0.6301656096167624,0.3150828048083812,short-term,0.3150828048083812
230,234,0.0,0.5878666703033327,0.29393333515166636,short-term,0.29393333515166636
