low,high,recent_strength,all_strength,avg_strength,zone_type,strength
164,168,1.0,0.5255438022192456,0.7627719011096228,persistent,0.7627719011096228
196,200,0.0,1.0,0.5,short-term,0.5
176,180,0.0,0.7000926898623689,0.35004634493118447,short-term,0.35004634493118447
184,188,0.0,0.6012400030458279,0.30062000152291396,short-term,0.30062000152291396
192,196,0.0,0.5670482583098507,0.28352412915492536,short-term,0.28352412915492536
216,220,0.0,0.5598805923760131,0.27994029618800653,short-term,0.27994029618800653
180,184,0.0,0.5117706311841275,0.25588531559206373,short-term,0.25588531559206373
152,156,0.0,0.5047473696418817,0.25237368482094086,short-term,0.25237368482094086
