low,high,recent_strength,all_strength,avg_strength,zone_type,strength
187,191,1.0,0.5292912584559301,0.7646456292279651,short-term,0.7646456292279651
191,195,0.7220438239948338,0.5843114551445988,0.6531776395697163,short-term,0.6531776395697163
200,204,0.0,1.0,0.5,short-term,0.5
195,200,0.19862410699674554,0.6186534151127084,0.40863876105472696,short-term,0.40863876105472696
217,221,0.0,0.791531769750331,0.3957658848751655,short-term,0.3957658848751655
225,229,0.0,0.6527993996446189,0.32639969982230943,short-term,0.32639969982230943
221,225,0.0,0.6426141938852189,0.32130709694260945,short-term,0.32130709694260945
174,178,0.0,0.6255613051333172,0.3127806525666586,short-term,0.3127806525666586
