low,high,recent_strength,all_strength,avg_strength,zone_type,strength
172,176,1.0,0.4051683911409273,0.7025841955704637,short-term,0.7025841955704637
197,201,0.0,1.0,0.5,short-term,0.5
176,180,0.0,0.6794394794680503,0.33971973973402514,short-term,0.33971973973402514
184,188,0.0,0.5875062401015416,0.2937531200507708,short-term,0.2937531200507708
217,221,0.0,0.5398628900451155,0.2699314450225577,short-term,0.2699314450225577
193,197,0.0,0.526122577227262,0.263061288613631,short-term,0.263061288613631
221,225,0.0,0.5074653583167117,0.25373267915835584,short-term,0.25373267915835584
152,156,0.0,0.4918927665042727,0.24594638325213636,short-term,0.24594638325213636
188,193,0.0,0.4644006632485597,0.23220033162427986,short-term,0.23220033162427986
