low,high,recent_strength,all_strength,avg_strength,zone_type,strength
151,155,1.0,0.3210114777750178,0.6605057388875089,short-term,0.6605057388875089
196,200,0.0,1.0,0.5,short-term,0.5
176,180,0.0,0.6779689856210677,0.33898449281053383,short-term,0.33898449281053383
217,221,0.0,0.6090416033625231,0.30452080168126155,short-term,0.30452080168126155
184,188,0.0,0.5750363420347572,0.2875181710173786,short-term,0.2875181710173786
192,196,0.0,0.543617482875242,0.271808741437621,short-term,0.271808741437621
188,192,0.0,0.5095084184033508,0.2547542092016754,short-term,0.2547542092016754
180,184,0.0,0.503654608522544,0.251827304261272,short-term,0.251827304261272
200,205,0.0,0.49305273281135914,0.24652636640567957,short-term,0.24652636640567957
