low,high,recent_strength,all_strength,avg_strength,zone_type,strength
151,155,1.0,0.48072212597846864,0.7403610629892343,short-term,0.7403610629892343
200,204,0.0,1.0,0.5,short-term,0.5
175,179,0.0,0.7757800606956525,0.38789003034782626,short-term,0.38789003034782626
196,200,0.0,0.6511949433104854,0.3255974716552427,short-term,0.3255974716552427
184,188,0.0,0.6421617622262259,0.32108088111311295,short-term,0.32108088111311295
216,220,0.0,0.6138982137247405,0.30694910686237026,short-term,0.30694910686237026
192,196,0.0,0.6005273830142248,0.3002636915071124,short-term,0.3002636915071124
188,192,0.0,0.6000004174044409,0.30000020870222044,short-term,0.30000020870222044
220,224,0.0,0.5588215800752786,0.2794107900376393,short-term,0.2794107900376393
