low,high,recent_strength,all_strength,avg_strength,zone_type,strength
182,186,1.0,0.598211670582708,0.799105835291354,persistent,0.799105835291354
186,191,0.6577816647636622,0.6282745673446627,0.6430281160541624,short-term,0.6430281160541624
199,203,0.0,1.0,0.5,short-term,0.5
191,195,0.2546463775099287,0.6565015019952949,0.4555739397526118,short-term,0.4555739397526118
195,199,0.0,0.6341210650103375,0.31706053250516875,short-term,0.31706053250516875
216,220,0.0,0.5927262528735665,0.29636312643678325,short-term,0.29636312643678325
220,224,0.0,0.5601777095845633,0.2800888547922816,short-term,0.2800888547922816
