low,high,recent_strength,all_strength,avg_strength,zone_type,strength
187,191,1.0,0.5217187495451657,0.7608593747725829,short-term,0.7608593747725829
200,204,0.0,1.0,0.5,short-term,0.5
195,200,0.19763949245360096,0.6254974873792284,0.4115684899164147,short-term,0.4115684899164147
217,221,0.0,0.8129713307897741,0.40648566539488706,short-term,0.40648566539488706
221,225,0.0,0.6422898901071553,0.32114494505357766,short-term,0.32114494505357766
225,230,0.0,0.630269989035832,0.315134994517916,short-term,0.315134994517916
174,178,0.0,0.6269510190970102,0.3134755095485051,short-term,0.3134755095485051
230,234,0.0,0.5866327077395649,0.29331635386978244,short-term,0.29331635386978244
