low,high,recent_strength,all_strength,avg_strength,zone_type,strength
172,176,0.9001968133506266,0.6738950671491171,0.7870459402498718,short-term,0.7870459402498718
160,164,1.0,0.5030443799345669,0.7515221899672835,short-term,0.7515221899672835
176,180,0.11929550705592944,0.923565875863907,0.5214306914599183,short-term,0.5214306914599183
200,204,0.0,1.0,0.5,short-term,0.5
168,172,0.13370573930991872,0.6435206949292599,0.3886132171195893,short-term,0.3886132171195893
164,168,0.02662276733149066,0.66097151672794,0.34379714202971534,short-term,0.34379714202971534
219,223,0.0,0.6551438922401643,0.32757194612008217,short-term,0.32757194612008217
184,188,0.0,0.6495854811971837,0.32479274059859187,short-term,0.32479274059859187
196,200,0.0,0.6328386673214981,0.31641933366074904,short-term,0.31641933366074904
