low,high,recent_strength,all_strength,avg_strength,zone_type,strength
182,186,1.0,0.556153377559009,0.7780766887795045,persistent,0.7780766887795045
186,191,0.7939908653037854,0.594615430139387,0.6943031477215862,short-term,0.6943031477215862
191,195,0.4785559658443433,0.6499603258742616,0.5642581458593025,short-term,0.5642581458593025
199,203,0.0,1.0,0.5,short-term,0.5
195,199,0.08028634692699771,0.6303203969474637,0.3553033719372307,short-term,0.3553033719372307
220,225,0.0,0.5980736869857622,0.2990368434928811,short-term,0.2990368434928811
216,220,0.0,0.5970601482074989,0.29853007410374943,short-term,0.29853007410374943
