low,high,recent_strength,all_strength,avg_strength,zone_type,strength
160,164,1.0,0.3195534299393155,0.6597767149696577,short-term,0.6597767149696577
197,201,0.0,1.0,0.5,short-term,0.5
177,181,0.0,0.6642363549241543,0.33211817746207717,short-term,0.33211817746207717
185,189,0.0,0.5991771134291712,0.2995885567145856,short-term,0.2995885567145856
217,221,0.0,0.5815583453267494,0.2907791726633747,short-term,0.2907791726633747
193,197,0.0,0.5231008288818552,0.2615504144409276,short-term,0.2615504144409276
201,205,0.0,0.5166502359746525,0.25832511798732627,short-term,0.25832511798732627
152,156,0.0,0.5012667994237617,0.25063339971188087,short-term,0.25063339971188087
221,225,0.0,0.4664236442388867,0.23321182211944336,short-term,0.23321182211944336
