low,high,recent_strength,all_strength,avg_strength,zone_type,strength
151,155,1.0,0.4621299652492254,0.7310649826246127,short-term,0.7310649826246127
200,204,0.0,1.0,0.5,short-term,0.5
175,179,0.0,0.775780060695657,0.3878900303478285,short-term,0.3878900303478285
184,188,0.0,0.6492454806505211,0.32462274032526056,short-term,0.32462274032526056
196,200,0.0,0.633152352047063,0.3165761760235315,short-term,0.3165761760235315
192,196,0.0,0.6185699742776514,0.3092849871388257,short-term,0.3092849871388257
216,220,0.0,0.6140204459142254,0.3070102229571127,short-term,0.3070102229571127
188,192,0.0,0.5899840239068032,0.2949920119534016,short-term,0.2949920119534016
220,224,0.0,0.5598920464419402,0.2799460232209701,short-term,0.2799460232209701
