low,high,recent_strength,all_strength,avg_strength,zone_type,strength
144,148,1.0,0.11129910877253053,0.5556495543862653,short-term,0.5556495543862653
197,201,0.0,1.0,0.5,short-term,0.5
217,221,0.0,0.6998538080911055,0.34992690404555277,short-term,0.34992690404555277
177,181,0.0,0.6760765385686373,0.3380382692843186,short-term,0.3380382692843186
185,189,0.0,0.6196927618648759,0.30984638093243794,short-term,0.30984638093243794
189,193,0.0,0.5427427382593678,0.2713713691296839,short-term,0.2713713691296839
201,205,0.0,0.529497233624813,0.2647486168124065,short-term,0.2647486168124065
193,197,0.0,0.5000014904342209,0.25000074521711046,short-term,0.25000074521711046
152,157,0.0,0.4935800749776913,0.24679003748884565,short-term,0.24679003748884565
