low,high,recent_strength,all_strength,avg_strength,zone_type,strength
187,191,1.0,0.4362430069210155,0.7181215034605077,short-term,0.7181215034605077
200,204,0.0,1.0,0.5,short-term,0.5
183,187,0.3672501333703602,0.5620693639610507,0.4646597486657055,short-term,0.4646597486657055
217,221,0.0,0.7941085709913038,0.3970542854956519,short-term,0.3970542854956519
230,234,0.0,0.6451867268895739,0.32259336344478695,short-term,0.32259336344478695
221,225,0.0,0.622262990732961,0.3111314953664805,short-term,0.3111314953664805
225,230,0.0,0.6168398832881293,0.30841994164406467,short-term,0.30841994164406467
174,178,0.0,0.6090835201390976,0.3045417600695488,short-term,0.3045417600695488
