low,high,recent_strength,all_strength,avg_strength,zone_type,strength
155,159,1.0,0.5293826566859862,0.764691328342993,persistent,0.764691328342993
196,200,0.0,1.0,0.5,short-term,0.5
175,180,0.0,0.721301931144581,0.3606509655722905,short-term,0.3606509655722905
184,188,0.0,0.6026122275803052,0.3013061137901526,short-term,0.3013061137901526
216,221,0.0,0.5672519869532572,0.2836259934766286,short-term,0.2836259934766286
192,196,0.0,0.5661734614481192,0.2830867307240596,short-term,0.2830867307240596
221,225,0.0,0.5549038121273882,0.2774519060636941,short-term,0.2774519060636941
188,192,0.0,0.5363527870368684,0.2681763935184342,short-term,0.2681763935184342
