low,high,recent_strength,all_strength,avg_strength,zone_type,strength
182,186,1.0,0.5829647339741919,0.791482366987096,persistent,0.791482366987096
186,191,0.5987666073516162,0.6282745673446601,0.6135205873481382,short-term,0.6135205873481382
199,203,0.0,1.0,0.5,short-term,0.5
191,195,0.20200199615992126,0.6579991981806802,0.4300005971703007,short-term,0.4300005971703007
195,199,0.0,0.6326233688249452,0.3163116844124726,short-term,0.3163116844124726
216,220,0.0,0.5927262528735656,0.2963631264367828,short-term,0.2963631264367828
220,224,0.0,0.5601777095845604,0.2800888547922802,short-term,0.2800888547922802
