low,high,recent_strength,all_strength,avg_strength,zone_type,strength
156,160,1.0,0.6987377764836226,0.8493688882418113,persistent,0.8493688882418113
199,203,0.0,1.0,0.5,short-term,0.5
176,180,0.0,0.9670713026031922,0.4835356513015961,short-term,0.4835356513015961
219,223,0.0,0.7543507809061826,0.3771753904530913,short-term,0.3771753904530913
172,176,0.0,0.71848723901849,0.359243619509245,short-term,0.359243619509245
164,168,0.0,0.7077272709176684,0.3538636354588342,short-term,0.3538636354588342
195,199,0.0,0.6829289595468612,0.3414644797734306,short-term,0.3414644797734306
168,172,0.0,0.6694747755359286,0.3347373877679643,short-term,0.3347373877679643
