low,high,recent_strength,all_strength,avg_strength,zone_type,strength
172,176,1.0,0.6734759432591901,0.8367379716295951,persistent,0.8367379716295951
176,180,0.08678241565638432,0.9377696711528137,0.512276043404599,short-term,0.512276043404599
200,204,0.0,1.0,0.5,short-term,0.5
168,172,0.17633958867047586,0.6584242741101156,0.4173819313902957,short-term,0.4173819313902957
164,168,0.0,0.6636309500149853,0.33181547500749264,short-term,0.33181547500749264
219,223,0.0,0.6587147537181032,0.3293573768590516,short-term,0.3293573768590516
184,188,0.0,0.6568668556255167,0.32843342781275836,short-term,0.32843342781275836
196,200,0.0,0.6472096901024804,0.3236048450512402,short-term,0.3236048450512402
