low,high,recent_strength,all_strength,avg_strength,zone_type,strength
172,176,1.0,0.40576650785918766,0.7028832539295938,short-term,0.7028832539295938
197,201,0.0,1.0,0.5,short-term,0.5
176,180,0.0,0.6799205556479956,0.3399602778239978,short-term,0.3399602778239978
184,188,0.0,0.5862843346723025,0.2931421673361512,short-term,0.2931421673361512
192,197,0.0,0.526122577227261,0.2630612886136305,short-term,0.2630612886136305
217,221,0.0,0.5259854437568974,0.2629927218784487,short-term,0.2629927218784487
221,225,0.0,0.5213428046049433,0.26067140230247166,short-term,0.26067140230247166
152,156,0.0,0.49189276650427316,0.24594638325213658,short-term,0.24594638325213658
188,192,0.0,0.4656225686777981,0.23281128433889905,short-term,0.23281128433889905
