low,high,recent_strength,all_strength,avg_strength,zone_type,strength
147,151,1.0,0.21005178366057284,0.6050258918302864,short-term,0.6050258918302864
196,201,0.0,1.0,0.5,short-term,0.5
217,221,0.0,0.67796183200893,0.338980916004465,short-term,0.338980916004465
176,180,0.0,0.6747069753937328,0.3373534876968664,short-term,0.3373534876968664
184,188,0.0,0.5796675651538016,0.2898337825769008,short-term,0.2898337825769008
192,196,0.0,0.5571587502092338,0.2785793751046169,short-term,0.2785793751046169
201,205,0.0,0.514099805280055,0.2570499026400275,short-term,0.2570499026400275
180,184,0.0,0.505730986425471,0.2528654932127355,short-term,0.2528654932127355
225,230,0.0,0.4700254510214805,0.23501272551074026,short-term,0.23501272551074026
