low,high,recent_strength,all_strength,avg_strength,zone_type,strength
191,196,1.0,0.4349590865860264,0.7174795432930132,short-term,0.7174795432930132
166,170,0.9427797044045263,0.36371232376296997,0.6532460140837482,short-term,0.6532460140837482
196,200,0.1943900100743533,1.0,0.5971950050371766,short-term,0.5971950050371766
174,178,0.2811510523569233,0.6432603913210608,0.46220572183899206,short-term,0.46220572183899206
217,222,0.0,0.9032812344441509,0.45164061722207544,short-term,0.45164061722207544
226,230,0.0,0.6580483124975657,0.32902415624878284,short-term,0.32902415624878284
230,235,0.0,0.5650637158316457,0.28253185791582286,short-term,0.28253185791582286
222,226,0.0,0.4937550618111286,0.2468775309055643,short-term,0.2468775309055643
200,204,0.0,0.491355879934954,0.245677939967477,short-term,0.245677939967477
