low,high,recent_strength,all_strength,avg_strength,zone_type,strength
172,176,0.9312635418723868,0.6738950671491213,0.8025793045107541,short-term,0.8025793045107541
160,164,1.0,0.5021202252647043,0.7510601126323522,short-term,0.7510601126323522
176,180,0.12062119110973005,0.923565875863909,0.5220935334868195,short-term,0.5220935334868195
200,204,0.0,1.0,0.5,short-term,0.5
168,172,0.1351915586075535,0.639668662192669,0.38743011040011127,short-term,0.38743011040011127
164,168,0.0,0.6625849240005998,0.3312924620002999,short-term,0.3312924620002999
219,223,0.0,0.6551438922401733,0.32757194612008667,short-term,0.32757194612008667
184,188,0.0,0.6495854811971893,0.32479274059859464,short-term,0.32479274059859464
196,200,0.0,0.6328386673215021,0.31641933366075103,short-term,0.31641933366075103
