low,high,recent_strength,all_strength,avg_strength,zone_type,strength
199,204,1.0,1.0,1.0,persistent,1.0
195,199,0.5172827250743278,0.6238030266715077,0.5705428758729177,short-term,0.5705428758729177
187,191,0.3138472037523694,0.5150224683461448,0.4144348360492571,short-term,0.4144348360492571
216,221,0.0,0.679175127844296,0.339587563922148,short-term,0.339587563922148
221,225,0.0,0.5426916833519025,0.27134584167595127,short-term,0.27134584167595127
225,229,0.0,0.5407050883297098,0.2703525441648549,short-term,0.2703525441648549
174,178,0.0,0.5014916952748314,0.2507458476374157,short-term,0.2507458476374157
