low,high,recent_strength,all_strength,avg_strength,zone_type,strength
191,195,1.0,0.5876295963652296,0.7938147981826148,persistent,0.7938147981826148
199,204,0.41890229446604815,1.0,0.709451147233024,short-term,0.709451147233024
195,199,0.41645172282911,0.6382746141090457,0.5273631684690778,short-term,0.5273631684690778
216,221,0.0,0.6453664432220614,0.3226832216110307,short-term,0.3226832216110307
221,225,0.0,0.5513870334559501,0.27569351672797504,short-term,0.27569351672797504
187,191,0.0,0.5145123849390666,0.2572561924695333,short-term,0.2572561924695333
225,229,0.0,0.4911633139670828,0.2455816569835414,short-term,0.2455816569835414
