low,high,recent_strength,all_strength,avg_strength,zone_type,strength
176,180,0.8445211208462008,0.8727865634193466,0.8586538421327736,short-term,0.8586538421327736
164,168,1.0,0.6630956452042617,0.8315478226021309,persistent,0.8315478226021309
168,172,0.9360496568801481,0.6349538092612559,0.7855017330707019,short-term,0.7855017330707019
200,204,0.0,1.0,0.5,short-term,0.5
196,200,0.0,0.6702822937192345,0.33514114685961727,short-term,0.33514114685961727
184,188,0.0,0.6365049778389419,0.31825248891947094,short-term,0.31825248891947094
192,196,0.0,0.633417315980344,0.316708657990172,short-term,0.316708657990172
216,220,0.0,0.6251412321829473,0.31257061609147363,short-term,0.31257061609147363
