low,high,recent_strength,all_strength,avg_strength,zone_type,strength
156,160,1.0,0.6987377764836216,0.8493688882418108,persistent,0.8493688882418108
199,203,0.0,1.0,0.5,short-term,0.5
176,180,0.0,0.9670713026031956,0.4835356513015978,short-term,0.4835356513015978
219,223,0.0,0.7543507809061913,0.37717539045309567,short-term,0.37717539045309567
172,176,0.0,0.718487239018486,0.359243619509243,short-term,0.359243619509243
164,168,0.0,0.7077272709176673,0.35386363545883365,short-term,0.35386363545883365
195,199,0.0,0.682928959546856,0.341464479773428,short-term,0.341464479773428
168,172,0.0,0.6694747755359239,0.33473738776796197,short-term,0.33473738776796197
