low,high,recent_strength,all_strength,avg_strength,zone_type,strength
160,164,1.0,0.3191649995598538,0.6595824997799269,short-term,0.6595824997799269
197,201,0.0,1.0,0.5,short-term,0.5
177,181,0.0,0.6634289482271144,0.3317144741135572,short-term,0.3317144741135572
185,189,0.0,0.5984487889246337,0.29922439446231686,short-term,0.29922439446231686
217,221,0.0,0.5808514371618155,0.29042571858090777,short-term,0.29042571858090777
193,197,0.0,0.5212494369783682,0.2606247184891841,short-term,0.2606247184891841
201,205,0.0,0.5160222262948726,0.2580111131474363,short-term,0.2580111131474363
152,156,0.0,0.5006574889458605,0.25032874447293024,short-term,0.25032874447293024
221,225,0.0,0.4645036053891648,0.2322518026945824,short-term,0.2322518026945824
