low,high,recent_strength,all_strength,avg_strength,zone_type,strength
147,151,1.0,0.19904814794579487,0.5995240739728974,short-term,0.5995240739728974
197,201,0.0,1.0,0.5,short-term,0.5
176,180,0.0,0.6943385663863516,0.3471692831931758,short-term,0.3471692831931758
217,221,0.0,0.6903282948764166,0.3451641474382083,short-term,0.3451641474382083
184,188,0.0,0.581339824151714,0.290669912075857,short-term,0.290669912075857
192,197,0.0,0.5470482107267813,0.27352410536339067,short-term,0.27352410536339067
201,205,0.0,0.5174765211075056,0.2587382605537528,short-term,0.2587382605537528
180,184,0.0,0.49824860761088285,0.24912430380544143,short-term,0.24912430380544143
226,230,0.0,0.4661417916035211,0.23307089580176055,short-term,0.23307089580176055
