low,high,recent_strength,all_strength,avg_strength,zone_type,strength
200,204,0.7689401818198177,1.0,0.8844700909099088,short-term,0.8844700909099088
195,200,1.0,0.6275685901504504,0.8137842950752252,persistent,0.8137842950752252
191,195,0.685533900951496,0.5395651763636068,0.6125495386575515,short-term,0.6125495386575515
217,221,0.0,0.730918936418275,0.3654594682091375,short-term,0.3654594682091375
221,225,0.0,0.5903810483520598,0.2951905241760299,short-term,0.2951905241760299
225,229,0.0,0.5877214536242938,0.2938607268121469,short-term,0.2938607268121469
174,178,0.0,0.5636990858425222,0.2818495429212611,short-term,0.2818495429212611
