low,high,recent_strength,all_strength,avg_strength,zone_type,strength
176,180,1.0,0.9043975478478196,0.9521987739239097,persistent,0.9521987739239097
164,168,0.5757987405853943,0.6587168038345239,0.617257772209959,short-term,0.617257772209959
168,172,0.5983601113096262,0.6331405749862381,0.6157503431479321,short-term,0.6157503431479321
200,204,0.0,1.0,0.5,short-term,0.5
196,200,0.0,0.6599839115684953,0.32999195578424767,short-term,0.32999195578424767
184,188,0.0,0.6584695610146237,0.32923478050731186,short-term,0.32923478050731186
192,196,0.0,0.6315057014919535,0.31575285074597675,short-term,0.31575285074597675
216,220,0.0,0.623254594406263,0.3116272972031315,short-term,0.3116272972031315
