low,high,recent_strength,all_strength,avg_strength,zone_type,strength
156,160,1.0,0.6097581490682265,0.8048790745341132,short-term,0.8048790745341132
199,203,0.0,1.0,0.5,short-term,0.5
176,180,0.0,0.9185535142522947,0.45927675712614735,short-term,0.45927675712614735
164,168,0.02972853606888384,0.6615838398571798,0.3456561879630318,short-term,0.3456561879630318
219,223,0.0,0.6729453512778595,0.33647267563892974,short-term,0.33647267563892974
172,176,0.0,0.6657592970788829,0.33287964853944146,short-term,0.33287964853944146
168,172,0.0,0.6495327973957001,0.32476639869785007,short-term,0.32476639869785007
195,199,0.0,0.6340699130764773,0.31703495653823865,short-term,0.31703495653823865
184,188,0.0,0.6297176775318742,0.3148588387659371,short-term,0.3148588387659371
