low,high,recent_strength,all_strength,avg_strength,zone_type,strength
200,204,0.8059033934801847,1.0,0.9029516967400923,short-term,0.9029516967400923
187,191,1.0,0.5101299993947985,0.7550649996973993,short-term,0.7550649996973993
204,208,0.9844795445968162,0.5025069163951265,0.7434932304959714,short-term,0.7434932304959714
191,195,0.891788927137577,0.5496004823306508,0.7206947047341139,short-term,0.7206947047341139
195,200,0.816744545268932,0.6185176318985816,0.7176310885837568,short-term,0.7176310885837568
217,221,0.0,0.7445132072967248,0.3722566036483624,short-term,0.3722566036483624
225,229,0.0,0.6033754276945366,0.3016877138472683,short-term,0.3016877138472683
221,225,0.0,0.6013614724359293,0.30068073621796465,short-term,0.30068073621796465
174,178,0.0,0.5797685928558369,0.28988429642791846,short-term,0.28988429642791846
