low,high,recent_strength,all_strength,avg_strength,zone_type,strength
172,176,1.0,0.6343989359825917,0.8171994679912958,persistent,0.8171994679912958
168,172,0.5209462019485575,0.6537073154159158,0.5873267586822366,short-term,0.5873267586822366
176,180,0.08824255255011344,0.9451327417819315,0.5166876471660224,short-term,0.5166876471660224
200,204,0.0,1.0,0.5,short-term,0.5
184,188,0.0,0.6756681964324796,0.3378340982162398,short-term,0.3378340982162398
220,223,0.0,0.6749015102491429,0.33745075512457146,short-term,0.33745075512457146
164,168,0.0,0.6659749457877613,0.33298747289388064,short-term,0.33298747289388064
196,200,0.0,0.6653135974763709,0.33265679873818543,short-term,0.33265679873818543
