low,high,recent_strength,all_strength,avg_strength,zone_type,strength
176,180,0.9945519842525168,0.8789683959146888,0.9367601900836028,short-term,0.9367601900836028
164,168,0.99060687806407,0.6607107883432561,0.8256588332036631,short-term,0.8256588332036631
168,172,1.0,0.6350571383576648,0.8175285691788323,persistent,0.8175285691788323
200,204,0.0,1.0,0.5,short-term,0.5
196,200,0.0,0.6702822937192294,0.3351411468596147,short-term,0.3351411468596147
184,188,0.0,0.6365049778389363,0.31825248891946817,short-term,0.31825248891946817
192,196,0.0,0.6334173159803375,0.31670865799016873,short-term,0.31670865799016873
216,220,0.0,0.6251412321829415,0.31257061609147074,short-term,0.31257061609147074
