low,high,recent_strength,all_strength,avg_strength,zone_type,strength
164,168,1.0,0.5942362852359958,0.7971181426179978,persistent,0.7971181426179978
196,200,0.0,1.0,0.5,short-term,0.5
176,180,0.0,0.7210707067149458,0.3605353533574729,short-term,0.3605353533574729
184,188,0.0,0.5952176328341955,0.29760881641709774,short-term,0.29760881641709774
192,196,0.0,0.5592109027582579,0.27960545137912896,short-term,0.27960545137912896
216,220,0.0,0.5505731763078846,0.2752865881539423,short-term,0.2752865881539423
180,184,0.0,0.513070668282979,0.2565353341414895,short-term,0.2565353341414895
200,204,0.0,0.5119726849245103,0.25598634246225516,short-term,0.25598634246225516
