low,high,recent_strength,all_strength,avg_strength,zone_type,strength
178,182,1.0,0.5357141782214465,0.7678570891107233,persistent,0.7678570891107233
182,186,0.6766329202833005,0.6152690506037792,0.6459509854435399,short-term,0.6459509854435399
199,203,0.0,1.0,0.5,short-term,0.5
174,178,0.43017821322880545,0.538029995125662,0.4841041041772337,short-term,0.4841041041772337
186,191,0.11788133576291004,0.6049617683284648,0.36142155204568743,short-term,0.36142155204568743
191,195,0.0,0.6541198120530375,0.32705990602651874,short-term,0.32705990602651874
216,220,0.0,0.5838158757018509,0.29190793785092545,short-term,0.29190793785092545
195,199,0.0,0.5575219686152969,0.27876098430764845,short-term,0.27876098430764845
