low,high,recent_strength,all_strength,avg_strength,zone_type,strength
152,156,1.0,0.667514784169903,0.8337573920849515,persistent,0.8337573920849515
156,160,0.6675411779821938,0.7572333738446647,0.7123872759134293,short-term,0.7123872759134293
199,203,0.0,1.0,0.5,short-term,0.5
175,179,0.0,0.9546336337537218,0.4773168168768609,short-term,0.4773168168768609
218,222,0.0,0.8030903086556613,0.40154515432783067,short-term,0.40154515432783067
164,168,0.0,0.6778058827543267,0.33890294137716337,short-term,0.33890294137716337
172,175,0.0,0.6735035771544665,0.33675178857723326,short-term,0.33675178857723326
191,195,0.0,0.6404707218951722,0.3202353609475861,short-term,0.3202353609475861
168,172,0.0,0.6363740601608484,0.3181870300804242,short-term,0.3181870300804242
