low,high,recent_strength,all_strength,avg_strength,zone_type,strength
199,204,1.0,1.0,1.0,persistent,1.0
195,199,0.3865684783285605,0.6223812035173083,0.5044748409229344,short-term,0.5044748409229344
187,191,0.2746860475550814,0.5138485867855909,0.39426731717033614,short-term,0.39426731717033614
216,221,0.0,0.6828454061515515,0.34142270307577577,short-term,0.34142270307577577
225,229,0.0,0.5411089081264079,0.27055445406320394,short-term,0.27055445406320394
221,225,0.0,0.5398184965446284,0.2699092482723142,short-term,0.2699092482723142
174,178,0.0,0.5003486541649069,0.25017432708245346,short-term,0.25017432708245346
