low,high,recent_strength,all_strength,avg_strength,zone_type,strength
166,170,1.0,0.37568826741854494,0.6878441337092724,short-term,0.6878441337092724
196,200,0.0,1.0,0.5,short-term,0.5
217,222,0.0,0.9279926287351173,0.46399631436755867,short-term,0.46399631436755867
174,179,0.24784470176507462,0.6088728685285245,0.4283587851467996,short-term,0.4283587851467996
179,183,0.42726764937172473,0.40610856938482864,0.4166881093782767,short-term,0.4166881093782767
226,230,0.0,0.6642412166116087,0.33212060830580437,short-term,0.33212060830580437
230,235,0.0,0.5668280327634934,0.2834140163817467,short-term,0.2834140163817467
222,226,0.0,0.5273940891257138,0.2636970445628569,short-term,0.2636970445628569
200,205,0.0,0.5229908907777813,0.26149544538889063,short-term,0.26149544538889063
