low,high,recent_strength,all_strength,avg_strength,zone_type,strength
187,191,1.0,0.37985606132283223,0.6899280306614162,short-term,0.6899280306614162
196,200,0.5157084933335424,0.5825596233468948,0.5491340583402187,short-term,0.5491340583402187
200,204,0.0,1.0,0.5,short-term,0.5
183,187,0.43307299358299683,0.5463703793390903,0.4897216864610435,short-term,0.4897216864610435
217,221,0.0,0.905552745447945,0.4527763727239725,short-term,0.4527763727239725
230,234,0.0,0.6541863006029117,0.32709315030145586,short-term,0.32709315030145586
226,230,0.0,0.650346684027458,0.325173342013729,short-term,0.325173342013729
174,178,0.0,0.622233997081305,0.3111169985406525,short-term,0.3111169985406525
