low,high,recent_strength,all_strength,avg_strength,zone_type,strength
182,186,1.0,0.6315668241227286,0.8157834120613643,persistent,0.8157834120613643
186,191,0.5758523612764346,0.6420914129739603,0.6089718871251975,short-term,0.6089718871251975
199,203,0.0,1.0,0.5,short-term,0.5
174,178,0.1473252574569943,0.5293714677690339,0.3383483626130141,short-term,0.3383483626130141
191,195,0.0,0.6714734695455703,0.33573673477278515,short-term,0.33573673477278515
195,199,0.0,0.6464430771275945,0.32322153856379726,short-term,0.32322153856379726
216,220,0.0,0.6089282228104651,0.30446411140523255,short-term,0.30446411140523255
220,224,0.0,0.5581745613127995,0.27908728065639976,short-term,0.27908728065639976
