low,high,recent_strength,all_strength,avg_strength,zone_type,strength
152,156,0.6090384461953318,0.5377135155392274,0.5733759808672796,short-term,0.5733759808672796
144,148,1.0,0.1105040591237614,0.5552520295618807,short-term,0.5552520295618807
197,201,0.0,1.0,0.5,short-term,0.5
177,181,0.0,0.6726221613051032,0.3363110806525516,short-term,0.3363110806525516
185,189,0.0,0.6238949588902808,0.3119474794451404,short-term,0.3119474794451404
217,221,0.0,0.6175006443302368,0.3087503221651184,short-term,0.3087503221651184
193,197,0.0,0.5577952162880312,0.2788976081440156,short-term,0.2788976081440156
201,205,0.0,0.5182284490136388,0.2591142245068194,short-term,0.2591142245068194
181,185,0.0,0.4921321422826086,0.2460660711413043,short-term,0.2460660711413043
