low,high,recent_strength,all_strength,avg_strength,zone_type,strength
187,191,1.0,0.4696055674413474,0.7348027837206736,short-term,0.7348027837206736
200,204,0.0,1.0,0.5,short-term,0.5
217,221,0.0,0.7868422985975164,0.3934211492987582,short-term,0.3934211492987582
221,225,0.0,0.6248863254017817,0.31244316270089084,short-term,0.31244316270089084
225,230,0.0,0.6214828210130954,0.3107414105065477,short-term,0.3107414105065477
174,178,0.0,0.6090835201390964,0.3045417600695482,short-term,0.3045417600695482
230,234,0.0,0.6065124313584564,0.3032562156792282,short-term,0.3032562156792282
195,200,0.0,0.6010920185526623,0.3005460092763311,short-term,0.3005460092763311
