low,high,recent_strength,all_strength,avg_strength,zone_type,strength
178,182,1.0,0.5428246057235732,0.7714123028617865,persistent,0.7714123028617865
182,186,0.7645633274727976,0.6380436911521071,0.7013035093124524,short-term,0.7013035093124524
199,203,0.0,1.0,0.5,short-term,0.5
174,178,0.40361674219829113,0.5380299951256634,0.47082336866197727,short-term,0.47082336866197727
186,191,0.07776464606131771,0.5928174683533239,0.33529105720732083,short-term,0.33529105720732083
191,195,0.0,0.6662641120281796,0.3331320560140898,short-term,0.3331320560140898
216,220,0.0,0.5838158757018568,0.2919079378509284,short-term,0.2919079378509284
195,199,0.0,0.5575219686152997,0.27876098430764984,short-term,0.27876098430764984
