low,high,recent_strength,all_strength,avg_strength,zone_type,strength
164,168,1.0,0.5328857660268445,0.7664428830134222,persistent,0.7664428830134222
196,200,0.0,1.0,0.5,short-term,0.5
176,180,0.0,0.701255899525436,0.350627949762718,short-term,0.350627949762718
184,188,0.0,0.6022389681707246,0.3011194840853623,short-term,0.3011194840853623
192,196,0.0,0.5679904135745014,0.2839952067872507,short-term,0.2839952067872507
216,220,0.0,0.5608108385057639,0.2804054192528819,short-term,0.2804054192528819
180,184,0.0,0.5126209422244906,0.2563104711122453,short-term,0.2563104711122453
200,204,0.0,0.5061356255360322,0.2530678127680161,short-term,0.2530678127680161
