low,high,recent_strength,all_strength,avg_strength,zone_type,strength
186,191,0.9879582745595213,0.6000989786712566,0.794028626615389,short-term,0.794028626615389
182,186,1.0,0.5487725710469289,0.7743862855234644,persistent,0.7743862855234644
191,195,0.531527196121192,0.6500611646021651,0.5907941803616785,short-term,0.5907941803616785
199,203,0.0,1.0,0.5,short-term,0.5
195,199,0.08646935888886541,0.6303203969474711,0.35839487791816826,short-term,0.35839487791816826
220,225,0.0,0.5980736869857689,0.29903684349288445,short-term,0.29903684349288445
216,220,0.0,0.5970601482075005,0.29853007410375026,short-term,0.29853007410375026
