low,high,recent_strength,all_strength,avg_strength,zone_type,strength
156,160,1.0,0.6201012244360512,0.8100506122180255,persistent,0.8100506122180255
199,203,0.0,1.0,0.5,short-term,0.5
176,180,0.0,0.909850473920835,0.4549252369604175,short-term,0.4549252369604175
219,223,0.0,0.6825806370281116,0.3412903185140558,short-term,0.3412903185140558
172,176,0.0,0.6594514119925745,0.32972570599628725,short-term,0.32972570599628725
164,168,0.0,0.6553155160724609,0.32765775803623043,short-term,0.32765775803623043
168,172,0.0,0.6433786539030959,0.32168932695154795,short-term,0.32168932695154795
184,188,0.0,0.623751276816014,0.311875638408007,short-term,0.311875638408007
