low,high,recent_strength,all_strength,avg_strength,zone_type,strength
164,168,1.0,0.4153791031884375,0.7076895515942188,short-term,0.7076895515942188
197,201,0.0,1.0,0.5,short-term,0.5
152,156,0.21935777176041052,0.5090918777010268,0.36422482473071865,short-term,0.36422482473071865
177,181,0.0,0.674605486647744,0.337302743323872,short-term,0.337302743323872
185,189,0.0,0.595465683557315,0.2977328417786575,short-term,0.2977328417786575
217,221,0.0,0.5885755317095611,0.29428776585478056,short-term,0.29428776585478056
193,197,0.0,0.5468773551227029,0.27343867756135143,short-term,0.27343867756135143
201,205,0.0,0.5247154590117991,0.26235772950589953,short-term,0.26235772950589953
181,185,0.0,0.47666104684355093,0.23833052342177546,short-term,0.23833052342177546
