low,high,recent_strength,all_strength,avg_strength,zone_type,strength
166,170,1.0,0.3743215099841173,0.6871607549920586,short-term,0.6871607549920586
196,200,0.0,1.0,0.5,short-term,0.5
174,179,0.2564213585622319,0.6686524782498339,0.4625369184060329,short-term,0.4625369184060329
217,222,0.0,0.9245615675284126,0.4622807837642063,short-term,0.4622807837642063
170,174,0.43884875814090957,0.43974102501711526,0.4392948915790124,short-term,0.4392948915790124
226,230,0.0,0.6701431200517394,0.3350715600258697,short-term,0.3350715600258697
230,235,0.0,0.5614598739697916,0.2807299369848958,short-term,0.2807299369848958
200,204,0.0,0.5265975907008464,0.2632987953504232,short-term,0.2632987953504232
222,226,0.0,0.5257116357625216,0.2628558178812608,short-term,0.2628558178812608
