low,high,recent_strength,all_strength,avg_strength,zone_type,strength
166,170,1.0,0.3812429954945098,0.6906214977472549,short-term,0.6906214977472549
196,200,0.0,1.0,0.5,short-term,0.5
218,222,0.0,0.9283040147038034,0.4641520073519017,short-term,0.4641520073519017
179,183,0.5312092313871601,0.39289802794791434,0.46205362966753727,short-term,0.46205362966753727
174,179,0.23699652544932148,0.6242393719980133,0.4306179487236674,short-term,0.4306179487236674
226,231,0.0,0.6642412166116081,0.33212060830580403,short-term,0.33212060830580403
231,235,0.0,0.5668280327634946,0.2834140163817473,short-term,0.2834140163817473
200,205,0.0,0.5337198088072336,0.2668599044036168,short-term,0.2668599044036168
222,226,0.0,0.5250991362161774,0.2625495681080887,short-term,0.2625495681080887
