low,high,recent_strength,all_strength,avg_strength,zone_type,strength
178,182,1.0,0.648531228347592,0.8242656141737961,persistent,0.8242656141737961
182,186,0.6759801389647064,0.6717369931778456,0.673858566071276,short-term,0.673858566071276
199,203,0.0,1.0,0.5,short-term,0.5
186,190,0.06946310754180565,0.6098783912424349,0.3396707493921203,short-term,0.3396707493921203
190,195,0.0,0.6447722842972987,0.32238614214864936,short-term,0.32238614214864936
195,199,0.0,0.6138674086181879,0.30693370430909395,short-term,0.30693370430909395
216,220,0.0,0.5979826220478751,0.29899131102393756,short-term,0.29899131102393756
220,224,0.0,0.5145836743490301,0.25729183717451504,short-term,0.25729183717451504
