low,high,recent_strength,all_strength,avg_strength,zone_type,strength
187,191,1.0,0.4642605297246313,0.7321302648623156,short-term,0.7321302648623156
200,204,0.0,1.0,0.5,short-term,0.5
217,221,0.0,0.7804751107808539,0.3902375553904269,short-term,0.3902375553904269
195,200,0.12392107137376633,0.6016238083946194,0.36277243988419283,short-term,0.36277243988419283
221,225,0.0,0.6186462712502031,0.30932313562510155,short-term,0.30932313562510155
225,230,0.0,0.6176371610917786,0.3088185805458893,short-term,0.3088185805458893
174,178,0.0,0.6041547698981993,0.30207738494909964,short-term,0.30207738494909964
230,234,0.0,0.6016044865638284,0.3008022432819142,short-term,0.3008022432819142
