low,high,recent_strength,all_strength,avg_strength,zone_type,strength
191,196,1.0,0.5080574892822233,0.7540287446411116,short-term,0.7540287446411116
200,204,0.0,1.0,0.5,short-term,0.5
196,200,0.3505004483971064,0.5869837165862853,0.4687420824916959,short-term,0.4687420824916959
217,221,0.0,0.9236983971029582,0.4618491985514791,short-term,0.4618491985514791
174,178,0.0,0.6700764251705169,0.33503821258525845,short-term,0.33503821258525845
230,234,0.0,0.6612359432252252,0.3306179716126126,short-term,0.3306179716126126
226,230,0.0,0.6420437505573827,0.32102187527869136,short-term,0.32102187527869136
221,226,0.0,0.5212513312937398,0.2606256656468699,short-term,0.2606256656468699
