low,high,recent_strength,all_strength,avg_strength,zone_type,strength
147,151,1.0,0.17455053827409936,0.5872752691370496,short-term,0.5872752691370496
197,201,0.0,1.0,0.5,short-term,0.5
176,180,0.0,0.692836389143747,0.3464181945718735,short-term,0.3464181945718735
217,222,0.0,0.6854190396001237,0.34270951980006187,short-term,0.34270951980006187
184,188,0.0,0.5774233018289291,0.28871165091446455,short-term,0.28871165091446455
192,197,0.0,0.5446881581935622,0.2723440790967811,short-term,0.2723440790967811
201,205,0.0,0.5029860503581148,0.2514930251790574,short-term,0.2514930251790574
180,184,0.0,0.492849202521379,0.2464246012606895,short-term,0.2464246012606895
230,234,0.0,0.48285247128227615,0.24142623564113808,short-term,0.24142623564113808
