low,high,recent_strength,all_strength,avg_strength,zone_type,strength
164,168,1.0,0.5594943328799873,0.7797471664399936,persistent,0.7797471664399936
196,200,0.0,1.0,0.5,short-term,0.5
176,180,0.0,0.7066297835674111,0.35331489178370556,short-term,0.35331489178370556
184,188,0.0,0.613048942300722,0.306524471150361,short-term,0.306524471150361
192,196,0.0,0.5670482583098525,0.28352412915492625,short-term,0.28352412915492625
216,220,0.0,0.5598805923760142,0.2799402961880071,short-term,0.2799402961880071
152,156,0.0,0.5047473696418808,0.2523736848209404,short-term,0.2523736848209404
180,184,0.0,0.5044300965102136,0.2522150482551068,short-term,0.2522150482551068
