low,high,recent_strength,all_strength,avg_strength,zone_type,strength
191,195,1.0,0.5802746100745407,0.7901373050372704,persistent,0.7901373050372704
199,204,0.3899581077618661,1.0,0.6949790538809331,short-term,0.6949790538809331
195,199,0.30813186591237307,0.6294361568672961,0.4687840113898346,short-term,0.4687840113898346
216,221,0.0,0.6423013986621652,0.3211506993310826,short-term,0.3211506993310826
187,191,0.08597008884045106,0.5145123849390685,0.3002412368897598,short-term,0.3002412368897598
221,225,0.0,0.5527909487686048,0.2763954743843024,short-term,0.2763954743843024
225,229,0.0,0.49642575173469133,0.24821287586734567,short-term,0.24821287586734567
