low,high,recent_strength,all_strength,avg_strength,zone_type,strength
176,180,1.0,0.9623308445197963,0.9811654222598982,persistent,0.9811654222598982
168,172,0.4367336104106256,0.6394575900666073,0.5380956002386165,short-term,0.5380956002386165
200,204,0.0,1.0,0.5,short-term,0.5
164,168,0.30869289358669977,0.6523997887541491,0.4805463411704244,short-term,0.4805463411704244
196,200,0.0,0.659983911568493,0.3299919557842465,short-term,0.3299919557842465
184,188,0.0,0.6558886597551141,0.32794432987755706,short-term,0.32794432987755706
192,196,0.0,0.6367364390529633,0.31836821952648164,short-term,0.31836821952648164
216,220,0.0,0.6232545944062613,0.31162729720313065,short-term,0.31162729720313065
