low,high,recent_strength,all_strength,avg_strength,zone_type,strength
156,160,1.0,0.7525351350577394,0.8762675675288697,persistent,0.8762675675288697
152,156,0.8884964363154653,0.6722154244128646,0.780355930364165,short-term,0.780355930364165
199,203,0.0,1.0,0.5,short-term,0.5
175,179,0.0,0.930149478754924,0.465074739377462,short-term,0.465074739377462
218,222,0.0,0.7917544180605512,0.3958772090302756,short-term,0.3958772090302756
164,168,0.0,0.6620347910302257,0.33101739551511283,short-term,0.33101739551511283
172,175,0.0,0.6562297609047132,0.3281148804523566,short-term,0.3281148804523566
191,195,0.0,0.6239734491658993,0.3119867245829496,short-term,0.3119867245829496
168,172,0.0,0.6200525305443776,0.3100262652721888,short-term,0.3100262652721888
