low,high,recent_strength,all_strength,avg_strength,zone_type,strength
160,164,1.0,0.4838270058946509,0.7419135029473254,short-term,0.7419135029473254
172,176,0.7553003663780775,0.6698589201612927,0.7125796432696851,persistent,0.7125796432696851
176,180,0.11306258274763986,0.9004873731250099,0.5067749779363249,short-term,0.5067749779363249
200,203,0.0,1.0,0.5,short-term,0.5
164,168,0.15263273885416512,0.6595327304500125,0.4060827346520888,short-term,0.4060827346520888
168,172,0.16881112453186084,0.6289790133247071,0.39889506892828397,short-term,0.39889506892828397
219,223,0.0,0.6693637368415062,0.3346818684207531,short-term,0.3346818684207531
184,188,0.0,0.6335561959981667,0.31677809799908335,short-term,0.31677809799908335
196,200,0.0,0.6066062737767338,0.3033031368883669,short-term,0.3033031368883669
