low,high,recent_strength,all_strength,avg_strength,zone_type,strength
148,152,1.0,0.5839879714118578,0.7919939857059288,short-term,0.7919939857059288
156,160,0.6256330252707714,0.6974294807336798,0.6615312530022256,short-term,0.6615312530022256
199,203,0.0,1.0,0.5,short-term,0.5
176,180,0.0,0.9930972173277374,0.4965486086638687,short-term,0.4965486086638687
219,222,0.0,0.7410935892100592,0.3705467946050296,short-term,0.3705467946050296
164,168,0.0,0.7069287219640207,0.35346436098201034,short-term,0.35346436098201034
172,176,0.0,0.6872158442381274,0.3436079221190637,short-term,0.3436079221190637
183,187,0.0,0.6780832237072688,0.3390416118536344,short-term,0.3390416118536344
195,199,0.0,0.6761554510613799,0.33807772553068993,short-term,0.33807772553068993
