low,high,recent_strength,all_strength,avg_strength,zone_type,strength
172,176,1.0,0.6661533420486155,0.8330766710243078,persistent,0.8330766710243078
176,180,0.11715369190937636,0.9235658758638976,0.520359783886637,short-term,0.520359783886637
200,204,0.0,1.0,0.5,short-term,0.5
168,172,0.11688807650244513,0.6474103872931578,0.3821492318978015,short-term,0.3821492318978015
164,168,0.0,0.6589352800246078,0.3294676400123039,short-term,0.3294676400123039
219,223,0.0,0.6551438922401585,0.3275719461200792,short-term,0.3275719461200792
184,188,0.0,0.6521629233989364,0.3260814616994682,short-term,0.3260814616994682
196,200,0.0,0.6328386673214924,0.3164193336607462,short-term,0.3164193336607462
