low,high,recent_strength,all_strength,avg_strength,zone_type,strength
200,204,1.0,1.0,1.0,persistent,1.0
195,200,0.6823590820862042,0.6478116041241495,0.6650853431051769,short-term,0.6650853431051769
187,191,0.5138739726891121,0.5057091402138206,0.5097915564514663,short-term,0.5097915564514663
217,221,0.0,0.6942606230610404,0.3471303115305202,short-term,0.3471303115305202
221,225,0.0,0.5607712347430271,0.2803856173715136,short-term,0.2803856173715136
225,229,0.0,0.5582450286197614,0.2791225143098807,short-term,0.2791225143098807
174,178,0.0,0.5185342107688871,0.25926710538444353,short-term,0.25926710538444353
