low,high,recent_strength,all_strength,avg_strength,zone_type,strength
155,159,1.0,0.5301260329029328,0.7650630164514665,persistent,0.7650630164514665
196,200,0.0,1.0,0.5,short-term,0.5
175,180,0.0,0.721301931144578,0.360650965572289,short-term,0.360650965572289
184,188,0.0,0.6026122275803055,0.30130611379015276,short-term,0.30130611379015276
216,221,0.0,0.5819869670251695,0.29099348351258475,short-term,0.29099348351258475
192,196,0.0,0.5651910539694963,0.28259552698474816,short-term,0.28259552698474816
221,225,0.0,0.540168832055479,0.2700844160277395,short-term,0.2700844160277395
188,192,0.0,0.5373351945154842,0.2686675972577421,short-term,0.2686675972577421
