low,high,recent_strength,all_strength,avg_strength,zone_type,strength
160,164,1.0,0.47220779833418347,0.7361038991670917,short-term,0.7361038991670917
172,176,0.5826718964664606,0.6679706466498944,0.6253212715581775,persistent,0.6253212715581775
176,180,0.11306258274763943,0.895551206058785,0.5043068944032122,short-term,0.5043068944032122
199,203,0.0,1.0,0.5,short-term,0.5
164,168,0.1526327388541648,0.6612669363995586,0.4069498376268617,short-term,0.4069498376268617
168,172,0.1688111245318609,0.6273649872290239,0.3980880558804424,short-term,0.3980880558804424
219,223,0.0,0.6400567927824268,0.3200283963912134,short-term,0.3200283963912134
184,188,0.0,0.626681462659665,0.3133407313298325,short-term,0.3133407313298325
192,196,0.0,0.619179667355048,0.309589833677524,short-term,0.309589833677524
