low,high,recent_strength,all_strength,avg_strength,zone_type,strength
182,186,1.0,0.569647405309145,0.7848237026545726,persistent,0.7848237026545726
186,191,0.5987666073516156,0.6147080960264393,0.6067373516890274,short-term,0.6067373516890274
199,203,0.0,1.0,0.5,short-term,0.5
191,195,0.2501711052300867,0.6464527506840666,0.44831192795707664,short-term,0.44831192795707664
195,199,0.039753572671845386,0.6215222116602193,0.33063789216603234,short-term,0.33063789216603234
220,224,0.0,0.5951231575191391,0.29756157875956957,short-term,0.29756157875956957
216,220,0.0,0.5867746621522265,0.29338733107611326,short-term,0.29338733107611326
