low,high,recent_strength,all_strength,avg_strength,zone_type,strength
148,152,1.0,0.4707448400904917,0.7353724200452458,short-term,0.7353724200452458
152,156,0.5296208986720067,0.5358071332778745,0.5327140159749406,short-term,0.5327140159749406
197,201,0.0,1.0,0.5,short-term,0.5
177,181,0.0,0.6701559054565625,0.3350779527282812,short-term,0.3350779527282812
185,189,0.0,0.6247756604506352,0.3123878302253176,short-term,0.3123878302253176
217,221,0.0,0.6175006443302326,0.3087503221651163,short-term,0.3087503221651163
193,197,0.0,0.5538479988228827,0.27692399941144136,short-term,0.27692399941144136
201,205,0.0,0.5269707115311184,0.2634853557655592,short-term,0.2634853557655592
189,193,0.0,0.4933131849092365,0.24665659245461824,short-term,0.24665659245461824
