low,high,recent_strength,all_strength,avg_strength,zone_type,strength
156,160,1.0,0.5805174147084309,0.7902587073542154,short-term,0.7902587073542154
199,203,0.0,1.0,0.5,short-term,0.5
176,180,0.0,0.8870628833854184,0.4435314416927092,short-term,0.4435314416927092
164,168,0.1627738552994445,0.6477757208988342,0.4052747880991393,short-term,0.4052747880991393
172,176,0.0,0.6610880093231581,0.33054400466157907,short-term,0.33054400466157907
219,223,0.0,0.6545066960099276,0.3272533480049638,short-term,0.3272533480049638
168,172,0.0,0.6363233234391128,0.3181616617195564,short-term,0.3181616617195564
192,195,0.0,0.6330001683699051,0.31650008418495257,short-term,0.31650008418495257
184,188,0.0,0.6228892489792274,0.3114446244896137,short-term,0.3114446244896137
