low,high,recent_strength,all_strength,avg_strength,zone_type,strength
156,160,1.0,0.6978663820002687,0.8489331910001343,persistent,0.8489331910001343
199,203,0.0,1.0,0.5,short-term,0.5
176,180,0.0,0.9646354506406833,0.4823177253203417,short-term,0.4823177253203417
219,223,0.0,0.7636835038671702,0.3818417519335851,short-term,0.3818417519335851
172,176,0.0,0.7094984799424452,0.3547492399712226,short-term,0.3547492399712226
164,168,0.0,0.7070666223797315,0.35353331118986575,short-term,0.35353331118986575
168,172,0.0,0.6808993865744805,0.34044969328724023,short-term,0.34044969328724023
195,199,0.0,0.6688104707591532,0.3344052353795766,short-term,0.3344052353795766
