low,high,recent_strength,all_strength,avg_strength,zone_type,strength
164,168,1.0,0.5221953390320586,0.7610976695160293,persistent,0.7610976695160293
196,200,0.0,1.0,0.5,short-term,0.5
176,180,0.0,0.7066297835674166,0.3533148917837083,short-term,0.3533148917837083
184,188,0.0,0.6130489423007264,0.3065244711503632,short-term,0.3065244711503632
192,196,0.0,0.5670482583098536,0.2835241291549268,short-term,0.2835241291549268
216,220,0.0,0.5598805923760172,0.2799402961880086,short-term,0.2799402961880086
152,156,0.0,0.5047473696418849,0.25237368482094247,short-term,0.25237368482094247
180,184,0.0,0.5044300965102193,0.25221504825510965,short-term,0.25221504825510965
