low,high,recent_strength,all_strength,avg_strength,zone_type,strength
172,176,1.0,0.3959698514759351,0.6979849257379676,short-term,0.6979849257379676
197,201,0.0,1.0,0.5,short-term,0.5
176,180,0.0,0.6794394794680485,0.33971973973402425,short-term,0.33971973973402425
184,188,0.0,0.5875062401015362,0.2937531200507681,short-term,0.2937531200507681
217,221,0.0,0.563875322828255,0.2819376614141275,short-term,0.2819376614141275
193,197,0.0,0.5261225772272605,0.26306128861363026,short-term,0.26306128861363026
152,156,0.0,0.49189276650427066,0.24594638325213533,short-term,0.24594638325213533
221,225,0.0,0.48472011499340256,0.24236005749670128,short-term,0.24236005749670128
188,193,0.0,0.46440066324855794,0.23220033162427897,short-term,0.23220033162427897
