low,high,recent_strength,all_strength,avg_strength,zone_type,strength
191,196,1.0,0.4584850292387439,0.729242514619372,short-term,0.729242514619372
196,200,0.36280216652367364,1.0,0.6814010832618368,short-term,0.6814010832618368
187,191,0.6238598803515141,0.2940743524023553,0.45896711637693466,short-term,0.45896711637693466
217,222,0.0,0.8696099806185026,0.4348049903092513,short-term,0.4348049903092513
174,178,0.202351651827676,0.6269487626963647,0.41465020726202034,short-term,0.41465020726202034
226,230,0.0,0.6567080183279267,0.32835400916396335,short-term,0.32835400916396335
230,234,0.0,0.5541339188665985,0.27706695943329923,short-term,0.27706695943329923
200,204,0.0,0.4795083565031913,0.23975417825159565,short-term,0.23975417825159565
222,226,0.0,0.4756205114094236,0.2378102557047118,short-term,0.2378102557047118
