low,high,recent_strength,all_strength,avg_strength,zone_type,strength
148,152,1.0,0.5914758839414188,0.7957379419707094,short-term,0.7957379419707094
199,203,0.0,1.0,0.5,short-term,0.5
176,179,0.0,0.9888980916905656,0.4944490458452828,short-term,0.4944490458452828
156,160,0.1516162146233414,0.7058805548323536,0.4287483847278475,short-term,0.4287483847278475
218,222,0.0,0.7213161980425221,0.36065809902126106,short-term,0.36065809902126106
164,168,0.0,0.7039396062276623,0.35196980311383114,short-term,0.35196980311383114
172,176,0.0,0.6843100807142163,0.34215504035710814,short-term,0.34215504035710814
183,187,0.0,0.6731869696331733,0.33659348481658663,short-term,0.33659348481658663
168,172,0.0,0.6651788102964132,0.3325894051482066,short-term,0.3325894051482066
