low,high,recent_strength,all_strength,avg_strength,zone_type,strength
151,155,1.0,0.36048351747156854,0.6802417587357843,short-term,0.6802417587357843
196,200,0.0,1.0,0.5,short-term,0.5
176,180,0.0,0.7182918606273054,0.3591459303136527,short-term,0.3591459303136527
217,221,0.0,0.6001246031339882,0.3000623015669941,short-term,0.3000623015669941
184,188,0.0,0.5953735874637367,0.29768679373186835,short-term,0.29768679373186835
192,196,0.0,0.5628324509286319,0.28141622546431594,short-term,0.28141622546431594
188,192,0.0,0.5306717044733065,0.26533585223665324,short-term,0.26533585223665324
180,184,0.0,0.5240501687042682,0.2620250843521341,short-term,0.2620250843521341
221,225,0.0,0.5125248067406291,0.25626240337031453,short-term,0.25626240337031453
