low,high,recent_strength,all_strength,avg_strength,zone_type,strength
191,196,1.0,0.42956546346473035,0.7147827317323652,short-term,0.7147827317323652
196,200,0.3460580979630461,1.0,0.673029048981523,short-term,0.673029048981523
187,191,0.9417967639081855,0.30207815477125427,0.6219374593397199,short-term,0.6219374593397199
174,178,0.2811510523569233,0.6352837695498594,0.45821741095339136,short-term,0.45821741095339136
217,222,0.0,0.8920802762359445,0.4460401381179723,short-term,0.4460401381179723
226,230,0.0,0.651774179641088,0.325887089820544,short-term,0.325887089820544
230,235,0.0,0.5552554414842693,0.27762772074213465,short-term,0.27762772074213465
222,226,0.0,0.48574648739133897,0.24287324369566948,short-term,0.24287324369566948
200,204,0.0,0.48526291966229396,0.24263145983114698,short-term,0.24263145983114698
