low,high,recent_strength,all_strength,avg_strength,zone_type,strength
172,176,1.0,0.6452942395617766,0.8226471197808882,persistent,0.8226471197808882
168,172,0.4160906619427712,0.6537073154159113,0.5348989886793413,short-term,0.5348989886793413
176,180,0.093726144469787,0.9451264434181922,0.5194262939439895,short-term,0.5194262939439895
200,204,0.0,1.0,0.5,short-term,0.5
184,188,0.0,0.6794940751164805,0.33974703755824026,short-term,0.33974703755824026
219,223,0.0,0.6738060780405531,0.3369030390202766,short-term,0.3369030390202766
164,168,0.0,0.6690997770155418,0.3345498885077709,short-term,0.3345498885077709
196,200,0.0,0.6653135974763665,0.33265679873818327,short-term,0.33265679873818327
