low,high,recent_strength,all_strength,avg_strength,zone_type,strength
164,168,1.0,0.5850469075867671,0.7925234537933836,persistent,0.7925234537933836
168,172,0.5280699678358245,0.5352809655366978,0.5316754666862611,short-term,0.5316754666862611
196,200,0.0,1.0,0.5,short-term,0.5
176,180,0.0,0.7238493468505569,0.36192467342527845,short-term,0.36192467342527845
184,188,0.0,0.5836247053064206,0.2918123526532103,short-term,0.2918123526532103
192,196,0.0,0.5618091134737618,0.2809045567368809,short-term,0.2809045567368809
216,220,0.0,0.5504560198016173,0.27522800990080865,short-term,0.27522800990080865
200,204,0.0,0.5195528488968589,0.25977642444842947,short-term,0.25977642444842947
