low,high,recent_strength,all_strength,avg_strength,zone_type,strength
191,195,1.0,0.5657509363108297,0.7828754681554149,persistent,0.7828754681554149
199,204,0.4485944335771024,1.0,0.7242972167885512,short-term,0.7242972167885512
195,199,0.3166145554506333,0.6257802847086584,0.4711974200796458,short-term,0.4711974200796458
187,191,0.3054299915221497,0.5290360587027829,0.4172330251124663,short-term,0.4172330251124663
216,221,0.0,0.6423013986621668,0.3211506993310834,short-term,0.3211506993310834
221,225,0.0,0.5527909487686008,0.2763954743843004,short-term,0.2763954743843004
225,229,0.0,0.5299749294081889,0.26498746470409446,short-term,0.26498746470409446
