low,high,recent_strength,all_strength,avg_strength,zone_type,strength
191,195,1.0,0.6292633887127358,0.8146316943563678,persistent,0.8146316943563678
195,199,0.7134706633376198,0.6285758505871549,0.6710232569623873,short-term,0.6710232569623873
199,204,0.1618074083894324,1.0,0.5809037041947162,short-term,0.5809037041947162
187,191,0.5736278267817121,0.5353561779406094,0.5544920023611608,short-term,0.5544920023611608
216,220,0.0,0.6161060471834248,0.3080530235917124,short-term,0.3080530235917124
220,225,0.0,0.5801884707603123,0.29009423538015616,short-term,0.29009423538015616
174,178,0.0,0.5080752217455845,0.25403761087279225,short-term,0.25403761087279225
