low,high,recent_strength,all_strength,avg_strength,zone_type,strength
178,182,1.0,0.5368770051157528,0.7684385025578764,persistent,0.7684385025578764
182,186,0.7936895518994008,0.6321505361385698,0.7129200440189853,short-term,0.7129200440189853
199,203,0.0,1.0,0.5,short-term,0.5
174,178,0.4255978310955608,0.5380299951256653,0.48181391311061306,short-term,0.48181391311061306
186,191,0.08199973202140101,0.5928174683533256,0.3374086001873633,short-term,0.3374086001873633
191,195,0.0,0.666264112028182,0.333132056014091,short-term,0.333132056014091
216,220,0.0,0.5838158757018561,0.29190793785092806,short-term,0.29190793785092806
195,199,0.0,0.5575219686152981,0.27876098430764906,short-term,0.27876098430764906
