low,high,recent_strength,all_strength,avg_strength,zone_type,strength
155,159,1.0,0.5310206848171899,0.765510342408595,persistent,0.765510342408595
196,200,0.0,1.0,0.5,short-term,0.5
175,180,0.0,0.7213019311445761,0.36065096557228804,short-term,0.36065096557228804
184,188,0.0,0.6026122275803021,0.30130611379015104,short-term,0.30130611379015104
216,221,0.0,0.5672519869532608,0.2836259934766304,short-term,0.2836259934766304
192,196,0.0,0.5651910539694961,0.28259552698474805,short-term,0.28259552698474805
221,225,0.0,0.5549038121273893,0.27745190606369463,short-term,0.27745190606369463
188,192,0.0,0.5373351945154854,0.2686675972577427,short-term,0.2686675972577427
