low,high,recent_strength,all_strength,avg_strength,zone_type,strength
105678,106825,1.0,0.12011575833336978,0.5600578791666849,short-term,0.5600578791666849
112560,113706,0.0,1.0,0.5,short-term,0.5
104531,105678,0.880201322591785,0.1057260493491473,0.49296368597046614,short-term,0.49296368597046614
111413,112560,0.1546746332120041,0.7934910248465288,0.47408282902926646,short-term,0.47408282902926646
114853,116000,0.0,0.7653445527138324,0.3826722763569162,short-term,0.3826722763569162
113706,114853,0.0,0.6754022518734554,0.3377011259367277,short-term,0.3377011259367277
