low,high,recent_strength,all_strength,avg_strength,zone_type,strength
4022,4064,1.0,0.26877599664917806,0.634387998324589,short-term,0.634387998324589
3851,3894,0.9058998486284472,0.34631975431735845,0.6261098014729028,short-term,0.6261098014729028
4277,4320,0.0,1.0,0.5,short-term,0.5
4447,4490,0.0,0.8688234810564863,0.43441174052824316,short-term,0.43441174052824316
4320,4362,0.0,0.7788763818467603,0.38943819092338017,short-term,0.38943819092338017
4575,4617,0.0,0.7010192475323521,0.35050962376617606,short-term,0.35050962376617606
4490,4532,0.0,0.6926307462460084,0.3463153731230042,short-term,0.3463153731230042
4405,4447,0.0,0.6609087365736367,0.33045436828681835,short-term,0.33045436828681835
4362,4405,0.0,0.5944315121672898,0.2972157560836449,short-term,0.2972157560836449
