low,high,recent_strength,all_strength,avg_strength,zone_type,strength
110256,111401,1.0,0.776180938431781,0.8880904692158905,short-term,0.8880904692158905
112546,113691,0.0,1.0,0.5,short-term,0.5
111401,112546,0.0,0.851765011275351,0.4258825056376755,short-term,0.4258825056376755
114836,115981,0.0,0.8283659086444185,0.41418295432220925,short-term,0.41418295432220925
113691,114836,0.0,0.7885050538222192,0.3942525269111096,short-term,0.3942525269111096
