low,high,recent_strength,all_strength,avg_strength,zone_type,strength
3933,3976,1.0,0.5322701630382578,0.7661350815191289,short-term,0.7661350815191289
4272,4314,0.0,1.0,0.5,short-term,0.5
3849,3891,0.3102436410855052,0.55701366817367,0.4336286546295876,short-term,0.4336286546295876
3891,3933,0.5760318968343465,0.28088982953059327,0.4284608631824699,short-term,0.4284608631824699
4441,4483,0.0,0.8220005254507048,0.4110002627253524,short-term,0.4110002627253524
4314,4357,0.0,0.8018454063042644,0.4009227031521322,short-term,0.4009227031521322
4483,4526,0.0,0.6785221338053543,0.33926106690267716,short-term,0.33926106690267716
4399,4441,0.0,0.6716670981601924,0.3358335490800962,short-term,0.3358335490800962
4610,4653,0.0,0.6252272303698776,0.3126136151849388,short-term,0.3126136151849388
