low,high,recent_strength,all_strength,avg_strength,zone_type,strength
229,232,1.0,0.6881736191654785,0.8440868095827392,persistent,0.8440868095827392
219,222,0.18411412267402236,1.0,0.5920570613370112,short-term,0.5920570613370112
224,227,0.4963454190517673,0.6735099382085193,0.5849276786301434,short-term,0.5849276786301434
222,224,0.5329911717147462,0.5433601529180186,0.5381756623163825,persistent,0.5381756623163825
232,234,0.20432214414895988,0.7651043683766862,0.484713256262823,short-term,0.484713256262823
227,229,0.23749513583035273,0.5931369736500975,0.41531605474022515,short-term,0.41531605474022515
251,253,0.0,0.4299828398068894,0.2149914199034447,short-term,0.2149914199034447
234,236,0.0,0.42660322629901476,0.21330161314950738,short-term,0.21330161314950738
