low,high,recent_strength,all_strength,avg_strength,zone_type,strength
110252,111396,0.7927628092470519,0.7561889989021284,0.7744759040745901,short-term,0.7744759040745901
107964,109108,1.0,0.4923597087050933,0.7461798543525466,short-term,0.7461798543525466
111396,112540,0.5122279856542884,0.884317260140689,0.6982726228974887,short-term,0.6982726228974887
112540,113684,0.30655834239890367,1.0,0.6532791711994519,short-term,0.6532791711994519
114828,115972,0.0,0.7918055686187041,0.39590278430935205,short-term,0.39590278430935205
113684,114828,0.0,0.7651554491108582,0.3825777245554291,short-term,0.3825777245554291
