low,high,recent_strength,all_strength,avg_strength,zone_type,strength
4145,4187,1.0,0.5101432516763199,0.75507162583816,short-term,0.75507162583816
4060,4102,0.7330944616461208,0.3036710697137023,0.5183827656799116,short-term,0.5183827656799116
4272,4314,0.0,1.0,0.5,short-term,0.5
4441,4483,0.0,0.8088424540910227,0.40442122704551137,short-term,0.40442122704551137
4314,4356,0.0,0.801845406304262,0.400922703152131,short-term,0.400922703152131
4398,4441,0.0,0.6716670981601904,0.3358335490800952,short-term,0.3358335490800952
4483,4525,0.0,0.6710805159444179,0.33554025797220893,short-term,0.33554025797220893
4610,4652,0.0,0.6252272303698687,0.31261361518493436,short-term,0.31261361518493436
4525,4568,0.0,0.5759661866604282,0.2879830933302141,short-term,0.2879830933302141
