low,high,recent_strength,all_strength,avg_strength,zone_type,strength
110247,111390,1.0,1.0,1.0,persistent,1.0
109104,110247,0.9112320559173375,0.47238650703515367,0.6918092814762455,short-term,0.6918092814762455
107961,109104,0.5141154402978019,0.6704262341026826,0.5922708372002423,short-term,0.5922708372002423
112533,113676,0.3321088751903404,0.8152376506810993,0.5736732629357199,short-term,0.5736732629357199
111390,112533,0.3046647779529655,0.7245985907304493,0.5146316843417074,short-term,0.5146316843417074
