low,high,recent_strength,all_strength,avg_strength,zone_type,strength
110249,111392,0.9786606494725362,1.0,0.9893303247362681,persistent,0.9893303247362681
109105,110249,1.0,0.49156847050020575,0.7457842352501028,short-term,0.7457842352501028
112536,113679,0.5913069397735629,0.8760468987480612,0.733676919260812,short-term,0.733676919260812
107962,109105,0.6900552238952575,0.7204338792918941,0.7052445515935758,short-term,0.7052445515935758
111392,112536,0.5075367707825605,0.7786469966350162,0.6430918837087884,short-term,0.6430918837087884
