low,high,recent_strength,all_strength,avg_strength,zone_type,strength
107963,109107,1.0,0.5401656414112301,0.7700828207056151,short-term,0.7700828207056151
111394,112538,0.3887549344841058,0.8843172601406889,0.6365360973123974,short-term,0.6365360973123974
112538,113682,0.23266215757933179,1.0,0.6163310787896659,short-term,0.6163310787896659
110251,111394,0.46650239774454977,0.7561889989021282,0.611345698323339,short-term,0.611345698323339
114826,115970,0.0,0.7918219775968128,0.3959109887984064,short-term,0.3959109887984064
113682,114826,0.0,0.76383458492325,0.381917292461625,short-term,0.381917292461625
