low,high,recent_strength,all_strength,avg_strength,zone_type,strength
110249,111393,1.0,1.0,1.0,persistent,1.0
112536,113680,0.7098149163427837,0.8689865756982722,0.7894007460205279,short-term,0.7894007460205279
107962,109106,0.6691494551273018,0.7146276879440557,0.6918885715356788,short-term,0.6918885715356788
109106,110249,0.8665483424409507,0.471301892288664,0.6689251173648073,short-term,0.6689251173648073
111393,112536,0.4921605429042739,0.7723716484249521,0.632266095664613,short-term,0.632266095664613
