low,high,recent_strength,all_strength,avg_strength,zone_type,strength
3975,4016,0.8156343877109774,0.7877126510424,0.8016735193766886,persistent,0.8016735193766886
3893,3934,1.0,0.5907572403785004,0.7953786201892502,persistent,0.7953786201892502
3934,3975,0.5624509796973167,1.0,0.7812254898486584,short-term,0.7812254898486584
3810,3852,0.5730794603058434,0.9382839743353436,0.7556817173205935,short-term,0.7556817173205935
3852,3893,0.3831470530646265,0.9779334268348587,0.6805402399497427,short-term,0.6805402399497427
4099,4140,0.0,0.7392384537259616,0.3696192268629808,short-term,0.3696192268629808
