low,high,recent_strength,all_strength,avg_strength,zone_type,strength
114813,115955,1.0,0.8506082382642606,0.9253041191321303,persistent,0.9253041191321303
113670,114813,0.678405839899373,0.790421127762122,0.7344134838307474,short-term,0.7344134838307474
112528,113670,0.4219076114212615,1.0,0.7109538057106307,short-term,0.7109538057106307
111386,112528,0.19030378855804408,0.8855708105594327,0.5379372995587384,short-term,0.5379372995587384
110243,111386,0.06897833215668271,0.8560849054720793,0.462531618814381,short-term,0.462531618814381
