low,high,recent_strength,all_strength,avg_strength,zone_type,strength
4021,4064,1.0,0.32491670820623275,0.6624583541031164,short-term,0.6624583541031164
3978,4021,0.8646920933378682,0.4080267761307827,0.6363594347343254,short-term,0.6363594347343254
4276,4319,0.0,1.0,0.5,short-term,0.5
4446,4489,0.0,0.8811314751156875,0.44056573755784373,short-term,0.44056573755784373
4319,4361,0.0,0.8101608790142921,0.40508043950714606,short-term,0.40508043950714606
4574,4616,0.0,0.7368534819148007,0.36842674095740036,short-term,0.36842674095740036
4489,4531,0.0,0.7071091012412404,0.3535545506206202,short-term,0.3535545506206202
4404,4446,0.0,0.697228583495384,0.348614291747692,short-term,0.348614291747692
4361,4404,0.0,0.593080252921887,0.2965401264609435,short-term,0.2965401264609435
