low,high,recent_strength,all_strength,avg_strength,zone_type,strength
109094,110235,1.0,0.4973735771081648,0.7486867885540824,short-term,0.7486867885540824
110235,111376,0.4954373141917887,1.0,0.7477186570958944,short-term,0.7477186570958944
107954,109094,0.13881616208998282,0.6224029417285667,0.38060955190927476,short-term,0.38060955190927476
112516,113657,0.0,0.7583734813538899,0.37918674067694497,short-term,0.37918674067694497
111376,112516,0.0,0.6473068663053516,0.3236534331526758,short-term,0.3236534331526758
