low,high,recent_strength,all_strength,avg_strength,zone_type,strength
3933,3976,1.0,0.5305692664798617,0.7652846332399308,short-term,0.7652846332399308
4272,4314,0.0,1.0,0.5,short-term,0.5
3849,3891,0.31965509377258006,0.5570136681736705,0.43833438097312527,short-term,0.43833438097312527
4441,4484,0.0,0.8115177659432766,0.4057588829716383,short-term,0.4057588829716383
4314,4357,0.0,0.8018454063042595,0.40092270315212974,short-term,0.40092270315212974
4484,4526,0.0,0.6838712759147376,0.3419356379573688,short-term,0.3419356379573688
4399,4441,0.0,0.682149857667618,0.341074928833809,short-term,0.341074928833809
4611,4653,0.0,0.6252272303698779,0.31261361518493896,short-term,0.31261361518493896
