low,high,recent_strength,all_strength,avg_strength,zone_type,strength
3849,3892,1.0,0.5591928524671799,0.7795964262335899,persistent,0.7795964262335899
3807,3849,0.7881771043427568,0.537850821472446,0.6630139629076014,short-term,0.6630139629076014
4273,4316,0.0,1.0,0.5,short-term,0.5
4443,4485,0.0,0.8133864705852645,0.40669323529263224,short-term,0.40669323529263224
4316,4358,0.0,0.778004504643171,0.3890022523215855,short-term,0.3890022523215855
4400,4443,0.0,0.670128194359951,0.3350640971799755,short-term,0.3350640971799755
4485,4527,0.0,0.6690461813370255,0.33452309066851277,short-term,0.33452309066851277
4612,4655,0.0,0.6207922978788392,0.3103961489394196,short-term,0.3103961489394196
