low,high,recent_strength,all_strength,avg_strength,zone_type,strength
3975,4017,1.0,0.6787550103087526,0.8393775051543764,persistent,0.8393775051543764
3934,3975,0.521014830746042,1.0,0.760507415373021,short-term,0.760507415373021
3893,3934,0.9320894036918757,0.5557911269431136,0.7439402653174947,persistent,0.7439402653174947
3811,3852,0.374126884736191,0.8528149967344029,0.613470940735297,short-term,0.613470940735297
3852,3893,0.2806978951156487,0.9049369071752995,0.5928174011454741,short-term,0.5928174011454741
3769,3811,0.5412166375477766,0.429642569689167,0.48542960361847176,short-term,0.48542960361847176
4099,4140,0.12523496921518756,0.6941832946596519,0.40970913193741976,short-term,0.40970913193741976
