low,high,recent_strength,all_strength,avg_strength,zone_type,strength
110241,111383,0.5060133748357657,1.0,0.7530066874178829,persistent,0.7530066874178829
109099,110241,1.0,0.5033852466498044,0.7516926233249022,short-term,0.7516926233249022
107957,109099,0.47574089457250834,0.6697292198269887,0.5727350571997485,short-term,0.5727350571997485
112525,113667,0.0,0.8126052622991514,0.4063026311495757,short-term,0.4063026311495757
111383,112525,0.019769772682106473,0.6999602148969908,0.3598649937895486,short-term,0.3598649937895486
