low,high,recent_strength,all_strength,avg_strength,zone_type,strength
3851,3892,1.0,1.0,1.0,persistent,1.0
3810,3851,0.5658208237769029,0.7692284416165036,0.6675246326967033,persistent,0.6675246326967033
3933,3974,0.0,0.787046434525137,0.3935232172625685,short-term,0.3935232172625685
3974,4015,0.0,0.6194123113595327,0.30970615567976634,short-term,0.30970615567976634
3892,3933,0.10986913609955098,0.5003710625846542,0.3051200993421026,short-term,0.3051200993421026
4097,4138,0.0,0.5790393619160961,0.28951968095804803,short-term,0.28951968095804803
