low,high,recent_strength,all_strength,avg_strength,zone_type,strength
3976,4017,1.0,0.6787550103087552,0.8393775051543776,persistent,0.8393775051543776
3934,3976,0.5210148307460429,1.0,0.7605074153730215,persistent,0.7605074153730215
3893,3934,0.9320894036918755,0.5488961959696734,0.7404927998307744,persistent,0.7404927998307744
3852,3893,0.28069789511564863,0.911831838148747,0.5962648666321978,short-term,0.5962648666321978
4099,4140,0.4008502513970395,0.7000762225733164,0.550463236985178,short-term,0.550463236985178
3811,3852,0.1677829769875822,0.8155804595313426,0.4916817182594624,short-term,0.4916817182594624
