low,high,recent_strength,all_strength,avg_strength,zone_type,strength
114813,115955,1.0,0.8645239874659028,0.9322619937329514,persistent,0.9322619937329514
112528,113670,0.38993112165382204,1.0,0.694965560826911,short-term,0.694965560826911
111386,112528,0.06849983558554318,0.8822475801809888,0.475373707883266,short-term,0.475373707883266
110243,111386,0.0,0.8528723251448276,0.4264361625724138,short-term,0.4264361625724138
