low,high,recent_strength,all_strength,avg_strength,zone_type,strength
3849,3892,1.0,0.5583998518791803,0.7791999259395901,persistent,0.7791999259395901
3934,3976,0.6761145382809656,0.4889127092653732,0.5825136237731694,short-term,0.5825136237731694
4273,4315,0.0,1.0,0.5,short-term,0.5
4442,4485,0.0,0.8150884208250857,0.40754421041254285,short-term,0.40754421041254285
4315,4358,0.0,0.7735268003794163,0.3867634001897082,short-term,0.3867634001897082
4400,4442,0.0,0.6703869349658994,0.3351934674829497,short-term,0.3351934674829497
4485,4527,0.0,0.6680973959352434,0.3340486979676217,short-term,0.3340486979676217
4612,4654,0.0,0.6199119421034113,0.30995597105170564,short-term,0.30995597105170564
