low,high,recent_strength,all_strength,avg_strength,zone_type,strength
105678,106825,1.0,0.12231704799264786,0.5611585239963239,short-term,0.5611585239963239
112558,113705,0.0,1.0,0.5,short-term,0.5
104531,105678,0.8643607010161197,0.10572604934914748,0.48504337518263363,short-term,0.48504337518263363
111412,112558,0.1249367691701986,0.7934910248465317,0.4592138970083651,short-term,0.4592138970083651
114852,115998,0.0,0.7653445527138343,0.38267227635691714,short-term,0.38267227635691714
113705,114852,0.0,0.6754022518734532,0.3377011259367266,short-term,0.3377011259367266
