low,high,recent_strength,all_strength,avg_strength,zone_type,strength
110244,111387,1.0,0.8900172414726804,0.9450086207363402,persistent,0.9450086207363402
112530,113672,0.0,1.0,0.5,short-term,0.5
111387,112530,0.05151448369189307,0.8885862757304099,0.4700503797111515,short-term,0.4700503797111515
114815,115957,0.0,0.7909100316452234,0.3954550158226117,short-term,0.3954550158226117
