low,high,recent_strength,all_strength,avg_strength,zone_type,strength
110244,111386,1.0,0.8872297592332247,0.9436148796166124,persistent,0.9436148796166124
111386,112529,0.19888729385503676,0.9046091382917258,0.5517482160733813,short-term,0.5517482160733813
112529,113671,0.0,1.0,0.5,short-term,0.5
114814,115956,0.0,0.785779336180517,0.3928896680902585,short-term,0.3928896680902585
