low,high,recent_strength,all_strength,avg_strength,zone_type,strength
107962,109106,1.0,0.5413126795183621,0.770656339759181,short-term,0.770656339759181
111394,112537,0.38875493448410525,0.8861951018959116,0.6374750181900084,short-term,0.6374750181900084
112537,113681,0.23266215757933198,1.0,0.616331078789666,short-term,0.616331078789666
114825,115968,0.0,0.7947910214159372,0.3973955107079686,short-term,0.3973955107079686
113681,114825,0.0,0.7648510322485502,0.3824255161242751,short-term,0.3824255161242751
106819,107962,0.48688691504920545,0.22677966673629746,0.35683329089275145,short-term,0.35683329089275145
