low,high,recent_strength,all_strength,avg_strength,zone_type,strength
105678,106824,1.0,0.12242529549116132,0.5612126477455807,short-term,0.5612126477455807
112555,113702,0.0,1.0,0.5,short-term,0.5
111409,112555,0.0,0.8001465054248317,0.40007325271241584,short-term,0.40007325271241584
114848,115994,0.0,0.7664179815179891,0.38320899075899456,short-term,0.38320899075899456
113702,114848,0.0,0.6777520759224099,0.33887603796120497,short-term,0.33887603796120497
