low,high,recent_strength,all_strength,avg_strength,zone_type,strength
105678,106824,1.0,0.12225382921335261,0.5611269146066763,short-term,0.5611269146066763
112557,113704,0.0,1.0,0.5,short-term,0.5
104531,105678,0.8648076712970558,0.10572604934914745,0.4852668603231016,short-term,0.4852668603231016
111411,112557,0.0964446186116304,0.7964736675070353,0.4464591430593329,short-term,0.4464591430593329
114850,115997,0.0,0.7653445527138311,0.38267227635691553,short-term,0.38267227635691553
113704,114850,0.0,0.6754022518734587,0.33770112593672935,short-term,0.33770112593672935
