low,high,recent_strength,all_strength,avg_strength,zone_type,strength
110853,112001,1.0,0.9063857148361593,0.9531928574180797,persistent,0.9531928574180797
112001,113149,0.6565594444278094,1.0,0.8282797222139047,persistent,0.8282797222139047
113149,114297,0.029231280000973123,0.996241975766987,0.5127366278839801,short-term,0.5127366278839801
114297,115445,0.0,0.7408489506509147,0.37042447532545736,short-term,0.37042447532545736
