low,high,recent_strength,all_strength,avg_strength,zone_type,strength
3849,3892,1.0,0.5583998518791811,0.7791999259395905,persistent,0.7791999259395905
3807,3849,0.671261597248005,0.5370880863698746,0.6041748418089399,short-term,0.6041748418089399
4273,4315,0.0,1.0,0.5,short-term,0.5
4443,4485,0.0,0.8122329938435665,0.40611649692178325,short-term,0.40611649692178325
4315,4358,0.0,0.7769012036497418,0.3884506018248709,short-term,0.3884506018248709
4400,4443,0.0,0.6691778745376898,0.3345889372688449,short-term,0.3345889372688449
4485,4527,0.0,0.6680973959352429,0.33404869796762143,short-term,0.33404869796762143
4612,4654,0.0,0.6199119421034058,0.3099559710517029,short-term,0.3099559710517029
