low,high,recent_strength,all_strength,avg_strength,zone_type,strength
107963,109107,1.0,0.5330520522592098,0.766526026129605,short-term,0.766526026129605
110251,111395,0.5602196873182138,0.7561889989021333,0.6582043431101736,short-term,0.6582043431101736
111395,112539,0.4045062918067193,0.8843172601406938,0.6444117759737066,short-term,0.6444117759737066
112539,113683,0.24208903413935673,1.0,0.6210445170696783,short-term,0.6210445170696783
114827,115971,0.0,0.7931264328063264,0.3965632164031632,short-term,0.3965632164031632
113683,114827,0.0,0.7638345849232506,0.3819172924616253,short-term,0.3819172924616253
