low,high,recent_strength,all_strength,avg_strength,zone_type,strength
110248,111391,1.0,1.0,1.0,persistent,1.0
107961,109105,0.6002054217190873,0.7018842680459576,0.6510448448825225,short-term,0.6510448448825225
112535,113678,0.4395221482549979,0.8534905894571125,0.6465063688560553,short-term,0.6465063688560553
109105,110248,0.8085227286901354,0.46830728320262077,0.6384150059463781,short-term,0.6384150059463781
111391,112535,0.4414520910745672,0.7585985237625434,0.6000253074185553,short-term,0.6000253074185553
