low,high,recent_strength,all_strength,avg_strength,zone_type,strength
109098,110239,1.0,0.5144641262192047,0.7572320631096023,short-term,0.7572320631096023
110239,111381,0.43115776599750333,1.0,0.7155788829987517,short-term,0.7155788829987517
107956,109098,0.4693219298041618,0.664231973020204,0.5667769514121829,short-term,0.5667769514121829
112523,113664,0.0,0.8093405092316841,0.40467025461584205,short-term,0.40467025461584205
111381,112523,0.0,0.6908095835174204,0.3454047917587102,short-term,0.3454047917587102
