low,high,recent_strength,all_strength,avg_strength,zone_type,strength
3851,3892,1.0,1.0,1.0,persistent,1.0
3810,3851,0.4341263573615204,0.7604309112148554,0.597278634288188,persistent,0.597278634288188
3933,3974,0.0,0.7714408123802272,0.3857204061901136,short-term,0.3857204061901136
3974,4015,0.0,0.6223423894733273,0.31117119473666366,short-term,0.31117119473666366
4097,4138,0.0,0.5724169905701957,0.28620849528509784,short-term,0.28620849528509784
3892,3933,0.07437750386440793,0.4912385294527273,0.2828080166585676,short-term,0.2828080166585676
