low,high,recent_strength,all_strength,avg_strength,zone_type,strength
110256,111400,1.0,0.7786067080767629,0.8893033540383815,short-term,0.8893033540383815
112545,113690,0.0,1.0,0.5,short-term,0.5
111400,112545,0.0,0.849400954261322,0.424700477130661,short-term,0.424700477130661
114835,115980,0.0,0.8309547700511295,0.41547738502556475,short-term,0.41547738502556475
113690,114835,0.0,0.7991206494419322,0.3995603247209661,short-term,0.3995603247209661
