low,high,recent_strength,all_strength,avg_strength,zone_type,strength
3943,3984,0.9345858359722959,1.0,0.967292917986148,persistent,0.967292917986148
4108,4150,1.0,0.43636132448351544,0.7181806622417577,short-term,0.7181806622417577
3902,3943,0.819656925111644,0.536185991825116,0.6779214584683799,short-term,0.6779214584683799
3984,4026,0.6120170377130617,0.53762855050507,0.5748227941090658,short-term,0.5748227941090658
4067,4108,0.32189867850386006,0.6254982523303029,0.4736984654170815,short-term,0.4736984654170815
3819,3860,0.0,0.921321171809044,0.460660585904522,short-term,0.460660585904522
3860,3902,0.0,0.6226363376751453,0.31131816883757263,short-term,0.31131816883757263
