low,high,recent_strength,all_strength,avg_strength,zone_type,strength
114813,115955,1.0,0.8540487049559258,0.9270243524779629,persistent,0.9270243524779629
113670,114813,0.8146594587300893,0.805292853178045,0.8099761559540671,short-term,0.8099761559540671
112528,113670,0.4316563707686186,1.0,0.7158281853843094,short-term,0.7158281853843094
111386,112528,0.08890593500238182,0.8822475801809858,0.48557675759168384,short-term,0.48557675759168384
110243,111386,0.01040753235891956,0.8528723251448233,0.4316399287518714,short-term,0.4316399287518714
