low,high,recent_strength,all_strength,avg_strength,zone_type,strength
110260,111405,1.0,1.0,1.0,persistent,1.0
112551,113697,0.9280728614176655,0.8921936457794961,0.9101332535985809,persistent,0.9101332535985809
111405,112551,0.5806323496083492,0.7721310280674962,0.6763816888379227,short-term,0.6763816888379227
107968,109114,0.3031082493810373,0.6588068438323267,0.480957546606682,short-term,0.480957546606682
