low,high,recent_strength,all_strength,avg_strength,zone_type,strength
114813,115955,1.0,0.8506082382642617,0.9253041191321308,persistent,0.9253041191321308
113670,114813,0.7396269610239781,0.7960292859264791,0.7678281234752287,short-term,0.7678281234752287
112528,113670,0.4219076114212614,1.0,0.7109538057106307,short-term,0.7109538057106307
111386,112528,0.17613748268419868,0.8855708105594317,0.5308541466218152,short-term,0.5308541466218152
110243,111386,0.04811570221550176,0.8560849054720754,0.4521003038437886,short-term,0.4521003038437886
