low,high,recent_strength,all_strength,avg_strength,zone_type,strength
114813,115955,1.0,0.8506082382642648,0.9253041191321324,persistent,0.9253041191321324
112528,113670,0.42190761142126143,1.0,0.7109538057106307,short-term,0.7109538057106307
113670,114813,0.5203238513234234,0.775940034005844,0.6481319426646337,short-term,0.6481319426646337
111386,112528,0.2736082048983529,0.8855708105594325,0.5795895077288927,short-term,0.5795895077288927
110243,111386,0.06897833215668263,0.8560849054720792,0.4625316188143809,short-term,0.4625316188143809
