low,high,recent_strength,all_strength,avg_strength,zone_type,strength
114812,115955,1.0,0.8555923243887564,0.9277961621943782,persistent,0.9277961621943782
112528,113670,0.3182643523029148,1.0,0.6591321761514574,short-term,0.6591321761514574
111385,112528,0.08740895226144567,0.8738905979916824,0.48064977512656404,short-term,0.48064977512656404
110243,111385,0.0,0.835056595524363,0.4175282977621815,short-term,0.4175282977621815
