low,high,recent_strength,all_strength,avg_strength,zone_type,strength
3851,3893,1.0,1.0,1.0,persistent,1.0
3810,3851,0.6491004054109527,0.8618354551441795,0.7554679302775661,short-term,0.7554679302775661
3934,3975,0.4077526385490337,0.8655990693223816,0.6366758539357077,short-term,0.6366758539357077
3893,3934,0.7249567575977309,0.5113589174670903,0.6181578375324106,persistent,0.6181578375324106
3975,4016,0.17599564538188134,0.6788580839704154,0.4274268646761483,short-term,0.4274268646761483
4098,4139,0.0,0.6272836847635168,0.3136418423817584,short-term,0.3136418423817584
