low,high,recent_strength,all_strength,avg_strength,zone_type,strength
110233,111374,0.7379066473209472,1.0,0.8689533236604736,short-term,0.8689533236604736
109093,110233,1.0,0.48276541508153253,0.7413827075407663,short-term,0.7413827075407663
112514,113654,0.0,0.7313269842717237,0.36566349213586186,short-term,0.36566349213586186
107953,109093,0.06475330179628043,0.600205673810734,0.3324794878035072,short-term,0.3324794878035072
111374,112514,0.0,0.625594601430153,0.3127973007150765,short-term,0.3127973007150765
