low,high,recent_strength,all_strength,avg_strength,zone_type,strength
106822,107968,1.0,0.14529038180163514,0.5726451909008176,short-term,0.5726451909008176
112549,113695,0.0,1.0,0.5,short-term,0.5
111404,112549,0.0,0.8502095439002516,0.4251047719501258,short-term,0.4251047719501258
114840,115985,0.0,0.8215188366540142,0.4107594183270071,short-term,0.4107594183270071
113695,114840,0.0,0.7905732755979823,0.39528663779899115,short-term,0.39528663779899115
