low,high,recent_strength,all_strength,avg_strength,zone_type,strength
3852,3895,1.0,0.2961017259190656,0.6480508629595327,short-term,0.6480508629595327
3767,3810,0.7889351978527005,0.252186021266448,0.5205606095595743,short-term,0.5205606095595743
4279,4321,0.0,1.0,0.5,short-term,0.5
4449,4492,0.0,0.8549845064412036,0.4274922532206018,short-term,0.4274922532206018
4577,4620,0.0,0.6989851062176876,0.3494925531088438,short-term,0.3494925531088438
4321,4364,0.0,0.6853513829151351,0.34267569145756754,short-term,0.34267569145756754
4492,4535,0.0,0.6593942973257246,0.3296971486628623,short-term,0.3296971486628623
4407,4449,0.0,0.6450153906198703,0.32250769530993517,short-term,0.32250769530993517
4364,4407,0.0,0.596885107164777,0.2984425535823885,short-term,0.2984425535823885
