low,high,recent_strength,all_strength,avg_strength,zone_type,strength
3851,3892,1.0,1.0,1.0,persistent,1.0
3810,3851,0.5479689085691855,0.7836944303025111,0.6658316694358483,persistent,0.6658316694358483
3933,3975,0.07690245176278424,0.8239770650212189,0.45043975839200157,short-term,0.45043975839200157
3892,3933,0.2598290596902799,0.5046707608285,0.38224991025939,short-term,0.38224991025939
3975,4016,0.0,0.6462154494155797,0.32310772470778987,short-term,0.32310772470778987
4098,4139,0.0,0.5971209857142731,0.29856049285713654,short-term,0.29856049285713654
