low,high,recent_strength,all_strength,avg_strength,zone_type,strength
3933,3976,1.0,0.5322701630382556,0.7661350815191278,short-term,0.7661350815191278
4272,4314,0.0,1.0,0.5,short-term,0.5
4441,4484,0.0,0.8160846296114371,0.40804231480571856,short-term,0.40804231480571856
4314,4357,0.0,0.801845406304263,0.4009227031521315,short-term,0.4009227031521315
3849,3891,0.22833000922660346,0.5570136681736676,0.39267183870013556,short-term,0.39267183870013556
3891,3933,0.42394218898028885,0.2808898295305936,0.35241600925544125,short-term,0.35241600925544125
4484,4526,0.0,0.6838712759147395,0.34193563795736975,short-term,0.34193563795736975
4399,4441,0.0,0.6775829939994594,0.3387914969997297,short-term,0.3387914969997297
4611,4653,0.0,0.6252272303698821,0.3126136151849411,short-term,0.3126136151849411
