low,high,recent_strength,all_strength,avg_strength,zone_type,strength
3851,3892,1.0,1.0,1.0,persistent,1.0
3810,3851,0.5775695589793026,0.7726891975320832,0.6751293782556929,persistent,0.6751293782556929
3933,3974,0.0,0.7846122746195744,0.3923061373097872,short-term,0.3923061373097872
3892,3933,0.16347123022718346,0.5085973090511077,0.33603426963914557,short-term,0.33603426963914557
3974,4015,0.0,0.6221990450588407,0.31109952252942036,short-term,0.31109952252942036
4097,4139,0.0,0.5816444578650863,0.29082222893254317,short-term,0.29082222893254317
