low,high,recent_strength,all_strength,avg_strength,zone_type,strength
107963,109106,1.0,0.5413126795183627,0.7706563397591814,short-term,0.7706563397591814
111394,112538,0.38875493448410586,0.8861951018959117,0.6374750181900087,short-term,0.6374750181900087
112538,113682,0.23266215757933198,1.0,0.616331078789666,short-term,0.616331078789666
114825,115969,0.0,0.7962324497962149,0.39811622489810744,short-term,0.39811622489810744
113682,114825,0.0,0.7648510322485528,0.3824255161242764,short-term,0.3824255161242764
106819,107963,0.44007899347185714,0.2182105378043394,0.32914476563809825,short-term,0.32914476563809825
