low,high,recent_strength,all_strength,avg_strength,zone_type,strength
3933,3976,1.0,0.5322701630382546,0.7661350815191272,short-term,0.7661350815191272
4272,4314,0.0,1.0,0.5,short-term,0.5
3849,3891,0.29174605597275977,0.5570136681736695,0.42437986207321465,short-term,0.42437986207321465
4441,4484,0.0,0.811517765943272,0.405758882971636,short-term,0.405758882971636
4314,4357,0.0,0.8018454063042596,0.4009227031521298,short-term,0.4009227031521298
4484,4526,0.0,0.6838712759147403,0.34193563795737014,short-term,0.34193563795737014
4399,4441,0.0,0.6821498576676213,0.34107492883381063,short-term,0.34107492883381063
4611,4653,0.0,0.6252272303698727,0.31261361518493636,short-term,0.31261361518493636
