low,high,recent_strength,all_strength,avg_strength,zone_type,strength
3850,3892,1.0,0.5358641122440723,0.7679320561220362,short-term,0.7679320561220362
3807,3850,0.7439277276063658,0.5333110451996657,0.6386193864030157,short-term,0.6386193864030157
4274,4316,0.0,1.0,0.5,short-term,0.5
4443,4486,0.0,0.7974298228319051,0.39871491141595256,short-term,0.39871491141595256
4316,4358,0.0,0.7610642030797916,0.3805321015398958,short-term,0.3805321015398958
4486,4528,0.0,0.6769800219487702,0.3384900109743851,short-term,0.3384900109743851
4401,4443,0.0,0.6744023564255,0.33720117821275,short-term,0.33720117821275
4613,4655,0.0,0.5527466106746803,0.27637330533734017,short-term,0.27637330533734017
4570,4613,0.0,0.546527469136603,0.2732637345683015,short-term,0.2732637345683015
