low,high,recent_strength,all_strength,avg_strength,zone_type,strength
3850,3892,1.0,0.522945013608414,0.761472506804207,short-term,0.761472506804207
3807,3850,0.715643807447414,0.5694158363332125,0.6425298218903133,short-term,0.6425298218903133
4274,4317,0.0,1.0,0.5,short-term,0.5
4444,4486,0.0,0.8383066327133574,0.4191533163566787,short-term,0.4191533163566787
4317,4359,0.0,0.7916143408530479,0.39580717042652397,short-term,0.39580717042652397
4486,4529,0.0,0.7266883730833261,0.36334418654166306,short-term,0.36334418654166306
4401,4444,0.0,0.7032237171609287,0.35161185858046434,short-term,0.35161185858046434
4571,4614,0.0,0.6011324201721803,0.30056621008609014,short-term,0.30056621008609014
4359,4401,0.0,0.5789079057064909,0.28945395285324543,short-term,0.28945395285324543
