low,high,recent_strength,all_strength,avg_strength,zone_type,strength
3810,3852,0.6781032348286545,0.9438334985902376,0.810968366709446,persistent,0.810968366709446
3852,3893,0.5853556558100202,1.0,0.7926778279050102,short-term,0.7926778279050102
3893,3934,1.0,0.5826425470417689,0.7913212735208844,persistent,0.7913212735208844
3934,3975,0.5624509796973166,0.9862639121756115,0.774357445936464,short-term,0.774357445936464
3975,4016,0.5110150712020323,0.7768925608872953,0.6439538160446638,short-term,0.6439538160446638
4099,4140,0.0,0.7147272714411685,0.35736363572058427,short-term,0.35736363572058427
