low,high,recent_strength,all_strength,avg_strength,zone_type,strength
114812,115955,1.0,0.8374526173861546,0.9187263086930773,persistent,0.9187263086930773
112528,113670,0.4926597281397555,1.0,0.7463298640698778,short-term,0.7463298640698778
111385,112528,0.43363134081911775,0.8855708105594338,0.6596010756892757,short-term,0.6596010756892757
113670,114812,0.5240951966951495,0.7693907102244638,0.6467429534598066,short-term,0.6467429534598066
110243,111385,0.13748007962052544,0.8560849054720782,0.4967824925463018,short-term,0.4967824925463018
