low,high,recent_strength,all_strength,avg_strength,zone_type,strength
112527,113670,1.0,1.0,1.0,persistent,1.0
111385,112527,0.9871325438586425,0.8897042362468408,0.9384183900527416,persistent,0.9384183900527416
110243,111385,0.7716039402158368,0.85417378515469,0.8128888626852634,short-term,0.8128888626852634
114812,115954,0.3450909453867613,0.7696874097345517,0.5573891775606565,short-term,0.5573891775606565
