low,high,recent_strength,all_strength,avg_strength,zone_type,strength
110743,111332,1.0,0.9441978001722438,0.9720989000861219,persistent,0.9720989000861219
112510,113099,0.7449787131545669,0.6402416932765603,0.6926102032155637,persistent,0.6926102032155637
111332,111921,0.5110074834247011,0.6587343922891651,0.5848709378569331,short-term,0.5848709378569331
113099,113688,0.07221034777375655,1.0,0.5361051738868783,short-term,0.5361051738868783
111921,112510,0.2587490066632956,0.7255459625754527,0.49214748461937413,short-term,0.49214748461937413
113688,114277,0.0,0.7681358884369879,0.38406794421849394,short-term,0.38406794421849394
122521,123110,0.0,0.6496703256694296,0.3248351628347148,short-term,0.3248351628347148
