low,high,recent_strength,all_strength,avg_strength,zone_type,strength
107961,109105,1.0,0.5366096859002037,0.7683048429501018,short-term,0.7683048429501018
111391,112535,0.37247501262571253,0.8861951018959066,0.6293350572608095,short-term,0.6293350572608095
112535,113678,0.22291894557400233,1.0,0.6114594727870012,short-term,0.6114594727870012
114821,115965,0.0,0.7903949053480968,0.3951974526740484,short-term,0.3951974526740484
113678,114821,0.0,0.7648510322485517,0.38242551612427583,short-term,0.38242551612427583
106818,107961,0.4763205233870772,0.22865656496829054,0.3524885441776839,short-term,0.3524885441776839
