low,high,recent_strength,all_strength,avg_strength,zone_type,strength
4145,4187,1.0,0.5101432516763232,0.7550716258381616,short-term,0.7550716258381616
4102,4145,0.8296483302918305,0.5037433287004759,0.6666958294961531,short-term,0.6666958294961531
4272,4314,0.0,1.0,0.5,short-term,0.5
4441,4483,0.0,0.8088424540910195,0.40442122704550976,short-term,0.40442122704550976
4314,4356,0.0,0.8018454063042599,0.40092270315212997,short-term,0.40092270315212997
4398,4441,0.0,0.6716670981601913,0.33583354908009566,short-term,0.33583354908009566
4483,4525,0.0,0.6710805159444321,0.33554025797221604,short-term,0.33554025797221604
4610,4652,0.0,0.6293151898165162,0.3146575949082581,short-term,0.3146575949082581
4525,4568,0.0,0.575966186660437,0.2879830933302185,short-term,0.2879830933302185
