low,high,recent_strength,all_strength,avg_strength,zone_type,strength
107962,109106,1.0,0.5361153758867687,0.7680576879433844,short-term,0.7680576879433844
111393,112537,0.3734411201274313,0.886195101895909,0.6298181110116702,short-term,0.6298181110116702
112537,113680,0.2234971418510523,1.0,0.6117485709255261,short-term,0.6117485709255261
114824,115968,0.0,0.7947910214159402,0.3973955107079701,short-term,0.3973955107079701
113680,114824,0.0,0.7648510322485549,0.38242551612427744,short-term,0.38242551612427744
106819,107962,0.47755598030436924,0.22865656496829173,0.3531062726363305,short-term,0.3531062726363305
