low,high,recent_strength,all_strength,avg_strength,zone_type,strength
110255,111400,1.0,0.7786067080767652,0.8893033540383826,short-term,0.8893033540383826
112544,113689,0.0,1.0,0.5,short-term,0.5
111400,112544,0.0,0.8494009542613266,0.4247004771306633,short-term,0.4247004771306633
114834,115978,0.0,0.8309547700511356,0.4154773850255678,short-term,0.4154773850255678
113689,114834,0.0,0.7991206494419333,0.39956032472096664,short-term,0.39956032472096664
