low,high,recent_strength,all_strength,avg_strength,zone_type,strength
4021,4063,1.0,0.32910460121960766,0.6645523006098039,short-term,0.6645523006098039
3851,3893,0.7489268114191409,0.4489499023618024,0.5989383568904716,short-term,0.5989383568904716
4276,4318,0.0,1.0,0.5,short-term,0.5
4446,4488,0.0,0.8744262296313843,0.43721311481569214,short-term,0.43721311481569214
4318,4361,0.0,0.812285341022304,0.406142670511152,short-term,0.406142670511152
4403,4446,0.0,0.7181154351704823,0.35905771758524113,short-term,0.35905771758524113
4573,4616,0.0,0.7171641082856358,0.3585820541428179,short-term,0.3585820541428179
4488,4531,0.0,0.7100272024868902,0.3550136012434451,short-term,0.3550136012434451
4361,4403,0.0,0.5824340167110075,0.29121700835550374,short-term,0.29121700835550374
