low,high,recent_strength,all_strength,avg_strength,zone_type,strength
3981,4024,1.0,0.3498669616864944,0.6749334808432472,short-term,0.6749334808432472
4109,4152,0.7387434590755727,0.4112394645465793,0.574991461811076,short-term,0.574991461811076
4280,4323,0.0,1.0,0.5,short-term,0.5
4451,4493,0.0,0.8787707396447444,0.4393853698223722,short-term,0.4393853698223722
4579,4621,0.0,0.7158006943176133,0.35790034715880664,short-term,0.35790034715880664
4323,4365,0.0,0.7030433215685578,0.3515216607842789,short-term,0.3515216607842789
4493,4536,0.0,0.6809682377654319,0.34048411888271596,short-term,0.34048411888271596
4365,4408,0.0,0.657323242690997,0.3286616213454985,short-term,0.3286616213454985
4408,4451,0.0,0.6125405979368681,0.30627029896843405,short-term,0.30627029896843405
