low,high,recent_strength,all_strength,avg_strength,zone_type,strength
3943,3984,0.8985135348363379,1.0,0.9492567674181689,persistent,0.9492567674181689
3902,3943,1.0,0.5712206589982802,0.7856103294991401,persistent,0.7856103294991401
3984,4025,0.5942422961238143,0.5384335230363065,0.5663379095800605,short-term,0.5663379095800605
3860,3902,0.3368615310383715,0.6800539785027729,0.5084577547705722,short-term,0.5084577547705722
4067,4108,0.31254981160024076,0.635136048231912,0.4738429299160764,short-term,0.4738429299160764
3819,3860,0.0,0.9227006339582554,0.4613503169791277,short-term,0.4613503169791277
