low,high,recent_strength,all_strength,avg_strength,zone_type,strength
110244,111386,0.8582623966163396,1.0,0.9291311983081698,persistent,0.9291311983081698
109101,110244,1.0,0.49168440243794137,0.7458422012189707,short-term,0.7458422012189707
107959,109101,0.5069826082132081,0.6733927064426276,0.5901876573279179,short-term,0.5901876573279179
111386,112529,0.262746479609344,0.7153663303115297,0.4890564049604369,short-term,0.4890564049604369
112529,113671,0.0779787589942496,0.801821342103819,0.43990005054903425,short-term,0.43990005054903425
