low,high,recent_strength,all_strength,avg_strength,zone_type,strength
107961,109104,1.0,0.5350898070115045,0.7675449035057522,short-term,0.7675449035057522
111390,112534,0.38799613464315313,0.8808526934551527,0.634424414049153,persistent,0.634424414049153
112534,113677,0.2322080308467643,1.0,0.6161040154233821,short-term,0.6161040154233821
110247,111390,0.18373457831568912,0.7758663981111085,0.4798004882133988,short-term,0.4798004882133988
114820,115963,0.0,0.7934171688963212,0.3967085844481606,short-term,0.3967085844481606
