low,high,recent_strength,all_strength,avg_strength,zone_type,strength
4021,4063,1.0,0.32425277059046764,0.6621263852952338,short-term,0.6621263852952338
3978,4021,0.8621309310331157,0.4068969266082054,0.6345139288206605,short-term,0.6345139288206605
4276,4318,0.0,1.0,0.5,short-term,0.5
4446,4488,0.0,0.8793309634276515,0.43966548171382575,short-term,0.43966548171382575
4318,4361,0.0,0.8037231912414168,0.4018615956207084,short-term,0.4018615956207084
4403,4446,0.0,0.7101922795157077,0.35509613975785387,short-term,0.35509613975785387
4573,4616,0.0,0.7078501493844208,0.3539250746922104,short-term,0.3539250746922104
4488,4531,0.0,0.7056641883792482,0.3528320941896241,short-term,0.3528320941896241
4361,4403,0.0,0.5842127209637764,0.2921063604818882,short-term,0.2921063604818882
