low,high,recent_strength,all_strength,avg_strength,zone_type,strength
3934,3976,1.0,0.5226880140741091,0.7613440070370545,short-term,0.7613440070370545
3849,3891,0.455992376254536,0.5538720520575274,0.5049322141560317,short-term,0.5049322141560317
4272,4315,0.0,1.0,0.5,short-term,0.5
4442,4484,0.0,0.8089114252360494,0.4044557126180247,short-term,0.4044557126180247
4315,4357,0.0,0.79168280726822,0.39584140363411,short-term,0.39584140363411
4484,4526,0.0,0.6879571423812576,0.3439785711906288,short-term,0.3439785711906288
4399,4442,0.0,0.6783024601818467,0.33915123009092335,short-term,0.33915123009092335
4611,4653,0.0,0.6217008825342408,0.3108504412671204,short-term,0.3108504412671204
