low,high,recent_strength,all_strength,avg_strength,zone_type,strength
3981,4024,1.0,0.3370200924977772,0.6685100462488887,short-term,0.6685100462488887
4109,4152,0.8427343434686428,0.4112394645465793,0.626986904007611,short-term,0.626986904007611
4280,4323,0.0,1.0,0.5,short-term,0.5
4451,4493,0.0,0.8787707396447444,0.4393853698223722,short-term,0.4393853698223722
4579,4621,0.0,0.7158006943176166,0.3579003471588083,short-term,0.3579003471588083
4323,4365,0.0,0.7030433215685578,0.3515216607842789,short-term,0.3515216607842789
4493,4536,0.0,0.6809682377654319,0.34048411888271596,short-term,0.34048411888271596
4365,4408,0.0,0.657323242690997,0.3286616213454985,short-term,0.3286616213454985
4408,4451,0.0,0.6125405979368681,0.30627029896843405,short-term,0.30627029896843405
