low,high,recent_strength,all_strength,avg_strength,zone_type,strength
3851,3892,1.0,1.0,1.0,persistent,1.0
3810,3851,0.5644525088020328,0.7656671205123751,0.665059814657204,persistent,0.665059814657204
3933,3974,0.0,0.7868359780750448,0.3934179890375224,short-term,0.3934179890375224
3974,4015,0.0,0.6165445987045404,0.3082722993522702,short-term,0.3082722993522702
4097,4138,0.0,0.5763585651746505,0.2881792825873252,short-term,0.2881792825873252
3892,3933,0.07670872430157918,0.49462112176622386,0.2856649230339015,short-term,0.2856649230339015
