low,high,recent_strength,all_strength,avg_strength,zone_type,strength
227,229,1.0,0.657225937320289,0.8286129686601444,persistent,0.8286129686601444
219,222,0.0,1.0,0.5,short-term,0.5
232,234,0.10515727583374498,0.7880697163598176,0.4466134960967813,short-term,0.4466134960967813
229,232,0.424861073036782,0.3914208387093331,0.40814095587305754,persistent,0.40814095587305754
224,227,0.1404457335497488,0.5894744279103186,0.36496008073003366,short-term,0.36496008073003366
222,224,0.19348901371523525,0.4892406460501291,0.3413648298826822,short-term,0.3413648298826822
215,217,0.2722157612375168,0.27196672145313106,0.2720912413453239,short-term,0.2720912413453239
242,244,0.0,0.4583978018698507,0.22919890093492534,short-term,0.22919890093492534
252,254,0.0,0.41708507438363135,0.20854253719181567,short-term,0.20854253719181567
