low,high,recent_strength,all_strength,avg_strength,zone_type,strength
3975,4017,1.0,0.5103106528606552,0.7551553264303277,short-term,0.7551553264303277
4102,4144,0.8336417761827036,0.5244761795355026,0.6790589778591032,short-term,0.6790589778591032
4271,4313,0.0,1.0,0.5,short-term,0.5
4440,4482,0.0,0.8098238242763688,0.4049119121381844,short-term,0.4049119121381844
4313,4355,0.0,0.7915663625989326,0.3957831812994663,short-term,0.3957831812994663
4482,4524,0.0,0.685462776255304,0.342731388127652,short-term,0.342731388127652
4398,4440,0.0,0.6740571723407667,0.33702858617038334,short-term,0.33702858617038334
4609,4651,0.0,0.6347357256767309,0.31736786283836543,short-term,0.31736786283836543
4567,4609,0.0,0.5680648705335761,0.28403243526678806,short-term,0.28403243526678806
