low,high,recent_strength,all_strength,avg_strength,zone_type,strength
3852,3895,1.0,0.30271298703426924,0.6513564935171346,short-term,0.6513564935171346
3724,3767,0.9016223071190158,0.2914834417557875,0.5965528744374017,short-term,0.5965528744374017
4279,4321,0.0,1.0,0.5,short-term,0.5
4449,4492,0.0,0.8549845064411955,0.42749225322059775,short-term,0.42749225322059775
4577,4620,0.0,0.6954209182870774,0.3477104591435387,short-term,0.3477104591435387
4321,4364,0.0,0.6853513829151308,0.3426756914575654,short-term,0.3426756914575654
4492,4535,0.0,0.6593942973257104,0.3296971486628552,short-term,0.3296971486628552
4407,4449,0.0,0.6450153906198642,0.3225076953099321,short-term,0.3225076953099321
4364,4407,0.0,0.5968851071647734,0.2984425535823867,short-term,0.2984425535823867
