low,high,recent_strength,all_strength,avg_strength,zone_type,strength
114812,115955,1.0,0.8295433925660554,0.9147716962830277,persistent,0.9147716962830277
112528,113670,0.5478986054415093,1.0,0.7739493027207547,persistent,0.7739493027207547
111385,112528,0.48225173144886924,0.8855708105594293,0.6839112710041493,short-term,0.6839112710041493
110243,111385,0.18545083398339213,0.8560849054720758,0.520767869727734,short-term,0.520767869727734
