low,high,recent_strength,all_strength,avg_strength,zone_type,strength
3975,4017,1.0,0.5043469023665434,0.7521734511832717,short-term,0.7521734511832717
4102,4144,0.8975053605938796,0.5244761795355047,0.7109907700646922,short-term,0.7109907700646922
4271,4313,0.0,1.0,0.5,short-term,0.5
4440,4482,0.0,0.8053290840585942,0.4026645420292971,short-term,0.4026645420292971
4313,4356,0.0,0.7970365047429323,0.39851825237146615,short-term,0.39851825237146615
4482,4525,0.0,0.6842509643407622,0.3421254821703811,short-term,0.3421254821703811
4398,4440,0.0,0.6818155020333425,0.34090775101667126,short-term,0.34090775101667126
4609,4652,0.0,0.634735725676731,0.3173678628383655,short-term,0.3173678628383655
4567,4609,0.0,0.5680648705335833,0.28403243526679167,short-term,0.28403243526679167
