low,high,recent_strength,all_strength,avg_strength,zone_type,strength
3852,3895,1.0,0.3090863131438365,0.6545431565719182,short-term,0.6545431565719182
3724,3767,0.8392174964320657,0.2914834417557892,0.5653504690939275,short-term,0.5653504690939275
4279,4321,0.0,1.0,0.5,short-term,0.5
4449,4492,0.0,0.8549845064411994,0.4274922532205997,short-term,0.4274922532205997
4577,4620,0.0,0.6954209182870841,0.34771045914354204,short-term,0.34771045914354204
4321,4364,0.0,0.685351382915135,0.3426756914575675,short-term,0.3426756914575675
4492,4534,0.0,0.6593942973257177,0.3296971486628589,short-term,0.3296971486628589
4407,4449,0.0,0.6450153906198729,0.32250769530993645,short-term,0.32250769530993645
4364,4407,0.0,0.5968851071647711,0.29844255358238553,short-term,0.29844255358238553
