low,high,recent_strength,all_strength,avg_strength,zone_type,strength
227,229,1.0,0.6449824445891479,0.8224912222945739,persistent,0.8224912222945739
219,222,0.023624723467445083,1.0,0.5118123617337226,short-term,0.5118123617337226
232,234,0.11460656660764147,0.7517131766133678,0.4331598716105046,short-term,0.4331598716105046
229,232,0.37096009448673084,0.3946903529853939,0.38282522373606237,persistent,0.38282522373606237
222,224,0.21124973275311903,0.4777339582002339,0.34449184547667644,short-term,0.34449184547667644
224,227,0.03032114513495067,0.5913877554371826,0.3108544502860666,short-term,0.3108544502860666
215,217,0.2977683326762614,0.27061693021663236,0.2841926314464469,short-term,0.2841926314464469
242,244,0.0,0.46497861464333234,0.23248930732166617,short-term,0.23248930732166617
251,254,0.0,0.4145913695125781,0.20729568475628904,short-term,0.20729568475628904
