low,high,recent_strength,all_strength,avg_strength,zone_type,strength
3850,3892,1.0,0.4999186316415053,0.7499593158207527,short-term,0.7499593158207527
3808,3850,0.6500876818035612,0.5403010431609184,0.5951943624822398,short-term,0.5951943624822398
4274,4317,0.0,1.0,0.5,short-term,0.5
4444,4487,0.0,0.8418808535675425,0.42094042678377125,short-term,0.42094042678377125
4317,4359,0.0,0.8044675901641065,0.40223379508205326,short-term,0.40223379508205326
4487,4529,0.0,0.7297866961028683,0.36489334805143414,short-term,0.36489334805143414
4402,4444,0.0,0.7062219958061792,0.3531109979030896,short-term,0.3531109979030896
4571,4614,0.0,0.5984273289866175,0.2992136644933088,short-term,0.2992136644933088
4359,4402,0.0,0.5718980423399248,0.2859490211699624,short-term,0.2859490211699624
