low,high,recent_strength,all_strength,avg_strength,zone_type,strength
105678,106824,1.0,0.12225382921335243,0.5611269146066762,short-term,0.5611269146066762
112557,113703,0.0,1.0,0.5,short-term,0.5
104531,105678,0.8648076712970558,0.1057260493491473,0.48526686032310157,short-term,0.48526686032310157
111410,112557,0.045841935915472885,0.7964736675070353,0.4211578017112541,short-term,0.4211578017112541
114849,115996,0.0,0.7653445527138385,0.38267227635691925,short-term,0.38267227635691925
113703,114849,0.0,0.675402251873458,0.337701125936729,short-term,0.337701125936729
