low,high,recent_strength,all_strength,avg_strength,zone_type,strength
110245,111387,1.0,0.883992217235811,0.9419961086179055,persistent,0.9419961086179055
112530,113673,0.0,1.0,0.5,short-term,0.5
111387,112530,0.02813920398219028,0.8857873637539397,0.456963283868065,short-term,0.456963283868065
114815,115958,0.0,0.7909100316452203,0.39545501582261017,short-term,0.39545501582261017
