low,high,recent_strength,all_strength,avg_strength,zone_type,strength
3852,3893,1.0,1.0,1.0,persistent,1.0
3810,3852,0.8328700674156586,0.9044880468759517,0.8686790571458052,short-term,0.8686790571458052
3893,3934,0.9490960962271123,0.538381890618687,0.7437389934228997,persistent,0.7437389934228997
3934,3975,0.533820029149838,0.911342009576964,0.722581019363401,short-term,0.722581019363401
3975,4016,0.39887015801375814,0.7178756303701783,0.5583728941919682,short-term,0.5583728941919682
4098,4140,0.0,0.6604327501123006,0.3302163750561503,short-term,0.3302163750561503
