low,high,recent_strength,all_strength,avg_strength,zone_type,strength
112561,113708,0.11878821099547741,1.0,0.5593941054977387,short-term,0.5593941054977387
105678,106826,1.0,0.1130902945899964,0.5565451472949982,short-term,0.5565451472949982
104531,105678,0.9331556861375906,0.10553085144363035,0.5193432687906104,short-term,0.5193432687906104
111414,112561,0.16398011429706402,0.7920260331339872,0.47800307371552564,short-term,0.47800307371552564
114855,116003,0.0,0.763931526741442,0.381965763370721,short-term,0.381965763370721
113708,114855,0.0,0.6723090216574679,0.33615451082873393,short-term,0.33615451082873393
