low,high,recent_strength,all_strength,avg_strength,zone_type,strength
4145,4187,1.0,0.5112116429360166,0.7556058214680084,short-term,0.7556058214680084
4272,4314,0.0,1.0,0.5,short-term,0.5
4187,4229,0.568648904024295,0.4141225999312889,0.491385751977792,short-term,0.491385751977792
4441,4483,0.0,0.8220005254507056,0.4110002627253528,short-term,0.4110002627253528
4314,4356,0.0,0.8018454063042652,0.4009227031521326,short-term,0.4009227031521326
4483,4526,0.0,0.6767494834679545,0.33837474173397725,short-term,0.33837474173397725
4399,4441,0.0,0.6716670981601862,0.3358335490800931,short-term,0.3358335490800931
4610,4653,0.0,0.6252272303698792,0.3126136151849396,short-term,0.3126136151849396
4526,4568,0.0,0.557139147777207,0.2785695738886035,short-term,0.2785695738886035
