low,high,recent_strength,all_strength,avg_strength,zone_type,strength
3975,4016,1.0,0.6787550103087528,0.8393775051543764,persistent,0.8393775051543764
3893,3934,0.9793752762125716,0.5643238120064217,0.7718495441094966,persistent,0.7718495441094966
3934,3975,0.5210148307460423,1.0,0.7605074153730211,short-term,0.7605074153730211
3810,3852,0.49874136812262043,0.8753015468260368,0.6870214574743286,short-term,0.6870214574743286
3852,3893,0.309352170945915,0.9101075405662742,0.6097298557560946,short-term,0.6097298557560946
4099,4140,0.0,0.6941832946596525,0.3470916473298262,short-term,0.3470916473298262
