low,high,recent_strength,all_strength,avg_strength,zone_type,strength
114812,115955,1.0,0.8564674887830538,0.928233744391527,persistent,0.928233744391527
112528,113670,0.34690519528509134,1.0,0.6734525976425456,short-term,0.6734525976425456
111385,112528,0.07211519666326621,0.8730203357822092,0.47256776622273766,short-term,0.47256776622273766
110243,111385,0.0,0.8359107544255089,0.41795537721275444,short-term,0.41795537721275444
