low,high,recent_strength,all_strength,avg_strength,zone_type,strength
3852,3894,1.0,0.3531993190402768,0.6765996595201385,short-term,0.6765996595201385
4277,4320,0.0,1.0,0.5,short-term,0.5
4448,4490,0.0,0.897862885503017,0.4489314427515085,short-term,0.4489314427515085
4320,4362,0.0,0.7965595358285903,0.39827976791429515,short-term,0.39827976791429515
3979,4022,0.44317372275223305,0.3404401607684251,0.39180694176032904,short-term,0.39180694176032904
4575,4618,0.0,0.7023930466163982,0.3511965233081991,short-term,0.3511965233081991
4490,4533,0.0,0.694609281968035,0.3473046409840175,short-term,0.3473046409840175
4405,4448,0.0,0.66613881853777,0.333069409268885,short-term,0.333069409268885
4362,4405,0.0,0.6119275361497576,0.3059637680748788,short-term,0.3059637680748788
