low,high,recent_strength,all_strength,avg_strength,zone_type,strength
107961,109105,1.0,0.5350898070115037,0.7675449035057518,short-term,0.7675449035057518
111391,112534,0.3788789033693586,0.8808526934551508,0.6298657984122547,short-term,0.6298657984122547
112534,113678,0.22675154782584572,1.0,0.6133757739129229,short-term,0.6133757739129229
114821,115964,0.0,0.7934171688963183,0.39670858444815915,short-term,0.39670858444815915
113678,114821,0.0,0.757423731800327,0.3787118659001635,short-term,0.3787118659001635
106818,107961,0.48450980988236303,0.22800892424358932,0.3562593670629762,short-term,0.3562593670629762
