low,high,recent_strength,all_strength,avg_strength,zone_type,strength
112952,113547,0.6386743409515382,1.0,0.819337170475769,short-term,0.819337170475769
114736,115331,1.0,0.3975828089690363,0.6987914044845182,short-term,0.6987914044845182
111763,112357,0.7501423908087936,0.6145942184686701,0.6823683046387319,persistent,0.6823683046387319
113547,114141,0.6234609874509415,0.5246180622631182,0.5740395248570298,short-term,0.5740395248570298
121278,121872,0.0,0.7206733425880566,0.3603366712940283,short-term,0.3603366712940283
122467,123062,0.0,0.703540108496814,0.351770054248407,short-term,0.351770054248407
121872,122467,0.0,0.6780255160851758,0.3390127580425879,short-term,0.3390127580425879
