low,high,avg_strength,zone_type,strength
229.04343920220083,231.48375185694636,0.8440220107475198,persistent,0.8440220107475198
219.2821885832187,221.72250123796422,0.6039057599816061,short-term,0.6039057599816061
224.16281389270975,226.60312654745528,0.5724888585069415,short-term,0.5724888585069415
221.72250123796422,224.16281389270975,0.5609030371270801,persistent,0.5609030371270801
226.60312654745528,229.04343920220083,0.44042231989625164,short-term,0.44042231989625164
231.48375185694636,233.92406451169188,0.38255593592956,short-term,0.38255593592956
251.0062530949106,253.44656574965612,0.21499352835349342,short-term,0.21499352835349342
233.92406451169188,236.3643771664374,0.2133037050273925,short-term,0.2133037050273925
