low,high,recent_strength,all_strength,avg_strength,zone_type,strength
227,229,1.0,0.5561831122017064,0.7780915561008532,persistent,0.7780915561008532
232,234,0.4558739781825417,0.7397385367805428,0.5978062574815423,short-term,0.5978062574815423
234,237,0.7797303744086892,0.3361347951334135,0.5579325847710513,short-term,0.5579325847710513
220,222,0.0,1.0,0.5,short-term,0.5
229,232,0.5332190128317372,0.41243353154056167,0.4728262721861495,short-term,0.4728262721861495
237,239,0.3198086450583363,0.3857128472353736,0.35276074614685493,short-term,0.35276074614685493
224,227,0.17237671351105288,0.4816193761192067,0.3269980448151298,short-term,0.3269980448151298
222,224,0.0,0.5324340657056315,0.2662170328528157,short-term,0.2662170328528157
239,242,0.09478128693461395,0.3869232259486217,0.24085225644161784,short-term,0.24085225644161784
