low,high,recent_strength,all_strength,avg_strength,zone_type,strength
4145,4187,1.0,0.4973597911681771,0.7486798955840885,short-term,0.7486798955840885
4272,4314,0.0,1.0,0.5,short-term,0.5
4441,4483,0.0,0.8220005254507109,0.41100026272535545,short-term,0.41100026272535545
4314,4356,0.0,0.8018454063042655,0.40092270315213274,short-term,0.40092270315213274
4060,4103,0.5029555136967591,0.2777645733979806,0.39036004354736986,short-term,0.39036004354736986
4483,4526,0.0,0.6785221338053596,0.3392610669026798,short-term,0.3392610669026798
4399,4441,0.0,0.6716670981601984,0.3358335490800992,short-term,0.3358335490800992
4610,4653,0.0,0.6252272303698768,0.3126136151849384,short-term,0.3126136151849384
4526,4568,0.0,0.5553664974398255,0.27768324871991273,short-term,0.27768324871991273
