low,high,recent_strength,all_strength,avg_strength,zone_type,strength
4021,4063,1.0,0.3300944399611256,0.6650472199805628,short-term,0.6650472199805628
3851,3893,0.800409570819461,0.4538097415033842,0.6271096561614226,short-term,0.6271096561614226
4275,4318,0.0,1.0,0.5,short-term,0.5
4445,4488,0.0,0.8770562170441379,0.43852810852206897,short-term,0.43852810852206897
4318,4360,0.0,0.8177361011593178,0.4088680505796589,short-term,0.4088680505796589
4573,4615,0.0,0.7207400856118672,0.3603700428059336,short-term,0.3603700428059336
4403,4445,0.0,0.7202752909609484,0.3601376454804742,short-term,0.3601376454804742
4488,4530,0.0,0.7121627315252217,0.35608136576261085,short-term,0.35608136576261085
4360,4403,0.0,0.5841857872787273,0.29209289363936364,short-term,0.29209289363936364
