low,high,recent_strength,all_strength,avg_strength,zone_type,strength
232,234,1.0,0.8650140166221739,0.9325070083110869,persistent,0.9325070083110869
227,229,0.9944691682029455,0.6692866631902797,0.8318779156966126,persistent,0.8318779156966126
219,222,0.291306864157365,1.0,0.6456534320786825,short-term,0.6456534320786825
224,227,0.3621685479931597,0.6154602962820711,0.4888144221376154,short-term,0.4888144221376154
217,219,0.5363387469990633,0.35700875155359063,0.44667374927632697,short-term,0.44667374927632697
222,224,0.32000653122135997,0.4554587924597403,0.3877326618405501,short-term,0.3877326618405501
229,232,0.2697714318303061,0.4025588159272002,0.3361651238787532,short-term,0.3361651238787532
241,244,0.0,0.45180190279003835,0.22590095139501917,short-term,0.22590095139501917
251,254,0.0,0.3929668045028438,0.1964834022514219,short-term,0.1964834022514219
