low,high,recent_strength,all_strength,avg_strength,zone_type,strength
232,234,0.9733288355425026,0.8650140166221707,0.9191714260823367,persistent,0.9191714260823367
227,229,1.0,0.6692866631902781,0.834643331595139,persistent,0.834643331595139
219,222,0.2663371693039647,1.0,0.6331685846519823,short-term,0.6331685846519823
224,227,0.27741006260190504,0.6063167049574493,0.44186338377967715,short-term,0.44186338377967715
217,219,0.49036586925943293,0.3570087515535882,0.42368731040651053,short-term,0.42368731040651053
222,224,0.2438277280828435,0.4471604894245291,0.3454941087536863,short-term,0.3454941087536863
229,232,0.28320538938431217,0.40255881592719794,0.34288210265575503,short-term,0.34288210265575503
242,244,0.0,0.458370085338817,0.2291850426694085,short-term,0.2291850426694085
251,254,0.0,0.3929668045028437,0.19648340225142186,short-term,0.19648340225142186
