low,high,recent_strength,all_strength,avg_strength,zone_type,strength
3852,3894,1.0,0.3637335640404916,0.6818667820202458,short-term,0.6818667820202458
4277,4320,0.0,1.0,0.5,short-term,0.5
4448,4490,0.0,0.9150679028443321,0.4575339514221661,short-term,0.4575339514221661
4320,4363,0.0,0.8102328577489348,0.4051164288744674,short-term,0.4051164288744674
3979,4022,0.4031363271087195,0.345535856363609,0.3743360917361642,short-term,0.3743360917361642
4575,4618,0.0,0.712906439471277,0.3564532197356385,short-term,0.3564532197356385
4490,4533,0.0,0.6944477363566943,0.34722386817834716,short-term,0.34722386817834716
4405,4448,0.0,0.6829021515827185,0.34145107579135925,short-term,0.34145107579135925
4363,4405,0.0,0.6193363960506034,0.3096681980253017,short-term,0.3096681980253017
