low,high,recent_strength,all_strength,avg_strength,zone_type,strength
114813,115955,1.0,0.8566171345844311,0.9283085672922156,persistent,0.9283085672922156
112528,113670,0.4077476831478453,1.0,0.7038738415739226,short-term,0.7038738415739226
111385,112528,0.0,0.8648528911230464,0.4324264455615232,short-term,0.4324264455615232
110243,111385,0.0,0.8360568084630164,0.4180284042315082,short-term,0.4180284042315082
