low,high,recent_strength,all_strength,avg_strength,zone_type,strength
110245,111387,0.8852168852648872,1.0,0.9426084426324436,persistent,0.9426084426324436
109102,110245,1.0,0.48367993730730174,0.7418399686536509,short-term,0.7418399686536509
107959,109102,0.5229048448298531,0.6715845272012045,0.5972446860155288,short-term,0.5972446860155288
111387,112530,0.2709982648792075,0.7107602664794894,0.4908792656793485,short-term,0.4908792656793485
112530,113673,0.12356512849497045,0.7996683091228399,0.4616167188089052,short-term,0.4616167188089052
