low,high,recent_strength,all_strength,avg_strength,zone_type,strength
3849,3892,1.0,0.5583998518791817,0.7791999259395909,persistent,0.7791999259395909
3934,3976,0.6761145382809656,0.49312542491410394,0.5846199815975348,short-term,0.5846199815975348
4273,4315,0.0,1.0,0.5,short-term,0.5
4442,4485,0.0,0.8106174744848366,0.4053087372424183,short-term,0.4053087372424183
4315,4358,0.0,0.7735268003794258,0.3867634001897129,short-term,0.3867634001897129
4485,4527,0.0,0.6725683422755036,0.3362841711377518,short-term,0.3362841711377518
4400,4442,0.0,0.670386934965903,0.3351934674829515,short-term,0.3351934674829515
4612,4654,0.0,0.6199119421034258,0.3099559710517129,short-term,0.3099559710517129
