low,high,recent_strength,all_strength,avg_strength,zone_type,strength
106822,107968,1.0,0.1452903818016354,0.5726451909008177,short-term,0.5726451909008177
112550,113695,0.0,1.0,0.5,short-term,0.5
111404,112550,0.0,0.8502095439002528,0.4251047719501264,short-term,0.4251047719501264
114841,115986,0.0,0.8215188366540151,0.4107594183270076,short-term,0.4107594183270076
113695,114841,0.0,0.7905732755979787,0.39528663779898937,short-term,0.39528663779898937
