low,high,recent_strength,all_strength,avg_strength,zone_type,strength
3852,3895,1.0,0.31604102888823726,0.6580205144441187,short-term,0.6580205144441187
3724,3767,0.7848104038205875,0.2920111628857164,0.538410783353152,short-term,0.538410783353152
4278,4321,0.0,1.0,0.5,short-term,0.5
4449,4492,0.0,0.8547188410310382,0.4273594205155191,short-term,0.4273594205155191
4577,4619,0.0,0.6966799548572588,0.3483399774286294,short-term,0.3483399774286294
4321,4364,0.0,0.6903000610794864,0.3451500305397432,short-term,0.3451500305397432
4492,4534,0.0,0.659914267383679,0.3299571336918395,short-term,0.3299571336918395
4406,4449,0.0,0.6543163211115987,0.3271581605557993,short-term,0.3271581605557993
4364,4406,0.0,0.5925758953470986,0.2962879476735493,short-term,0.2962879476735493
