low,high,recent_strength,all_strength,avg_strength,zone_type,strength
3851,3892,1.0,1.0,1.0,persistent,1.0
3810,3851,0.11326654011036243,0.6512150249122419,0.38224078251130217,short-term,0.38224078251130217
3892,3933,0.23433416300698975,0.4568808659972007,0.3456075145020952,short-term,0.3456075145020952
3933,3974,0.0,0.6900673681614816,0.3450336840807408,short-term,0.3450336840807408
4096,4137,0.0,0.5346106886050578,0.2673053443025289,short-term,0.2673053443025289
3974,4014,0.0,0.5260172464948325,0.26300862324741625,short-term,0.26300862324741625
