low,high,recent_strength,all_strength,avg_strength,zone_type,strength
110245,111388,0.9247577990122267,1.0,0.9623788995061133,persistent,0.9623788995061133
109103,110245,1.0,0.5046865249462944,0.7523432624731472,short-term,0.7523432624731472
107960,109103,0.5462619855618625,0.6852964654105975,0.61577922548623,short-term,0.61577922548623
112531,113674,0.1944734750738088,0.8159953714635965,0.5052344232687026,short-term,0.5052344232687026
111388,112531,0.283103229431551,0.7252720672445744,0.5041876483380627,short-term,0.5041876483380627
