low,high,recent_strength,all_strength,avg_strength,zone_type,strength
232,234,1.0,0.8594377862716253,0.9297188931358127,persistent,0.9297188931358127
219,222,0.2771970119077359,1.0,0.6385985059538679,short-term,0.6385985059538679
222,224,0.6172455879498321,0.5713203836767455,0.5942829858132888,persistent,0.5942829858132888
224,227,0.3689329612030985,0.5983686571527981,0.4836508091779483,short-term,0.4836508091779483
227,229,0.26008035853586997,0.6055338824872056,0.4328071205115378,short-term,0.4328071205115378
229,232,0.16663286349138293,0.4918053131930856,0.3292190883422343,short-term,0.3292190883422343
251,254,0.0,0.41255847056038747,0.20627923528019373,short-term,0.20627923528019373
241,244,0.0,0.4120840220906662,0.2060420110453331,short-term,0.2060420110453331
