low,high,recent_strength,all_strength,avg_strength,zone_type,strength
4080,4122,1.0,1.0,1.0,persistent,1.0
3994,4037,0.7820816570419834,0.5264278015794913,0.6542547293107374,short-term,0.6542547293107374
3952,3994,0.7216706307263696,0.5614643379971698,0.6415674843617697,short-term,0.6415674843617697
4464,4507,0.0,0.7728188444605582,0.3864094222302791,short-term,0.3864094222302791
3823,3866,0.10540444727326924,0.6147130567456484,0.3600587520094588,short-term,0.3600587520094588
4507,4550,0.0,0.6675013481212585,0.33375067406062925,short-term,0.33375067406062925
