low,high,recent_strength,all_strength,avg_strength,zone_type,strength
227,229,1.0,0.6412856212823741,0.820642810641187,persistent,0.820642810641187
232,234,0.2970349822074029,0.7732536139082071,0.535144298057805,short-term,0.535144298057805
220,222,0.0,1.0,0.5,short-term,0.5
229,232,0.4248610730367822,0.4110959245993561,0.41797849881806914,persistent,0.41797849881806914
224,227,0.1404457335497487,0.6105506023078289,0.37549816792878876,short-term,0.37549816792878876
222,224,0.19348901371523516,0.491256102796551,0.3423725582558931,short-term,0.3423725582558931
239,242,0.0,0.4341191617864167,0.21705958089320834,short-term,0.21705958089320834
242,244,0.0,0.3777625115501381,0.18888125577506906,short-term,0.18888125577506906
