low,high,recent_strength,all_strength,avg_strength,zone_type,strength
110243,111385,1.0,0.8602401407620404,0.9301200703810202,persistent,0.9301200703810202
111385,112527,0.6459261547386307,0.8960229296746265,0.7709745422066285,short-term,0.7709745422066285
112527,113669,0.4974054378633513,1.0,0.7487027189316756,short-term,0.7487027189316756
114812,115954,0.0,0.761721658842901,0.3808608294214505,short-term,0.3808608294214505
