low,high,recent_strength,all_strength,avg_strength,zone_type,strength
3972,4013,0.8894193129008232,0.733782157570336,0.8116007352355796,persistent,0.8116007352355796
3890,3931,1.0,0.6047146315569589,0.8023573157784795,short-term,0.8023573157784795
3931,3972,0.5319869139038358,1.0,0.7659934569519179,short-term,0.7659934569519179
4096,4137,0.5185437781045532,0.8135190082792028,0.666031393191878,short-term,0.666031393191878
3848,3890,0.23832746064164526,0.9836504027959905,0.6109889317188179,short-term,0.6109889317188179
4013,4055,0.4015530243236942,0.6101447646203051,0.5058488944719997,short-term,0.5058488944719997
3807,3848,0.17131632895250393,0.7982899413540545,0.4848031351532792,short-term,0.4848031351532792
