low,high,recent_strength,all_strength,avg_strength,zone_type,strength
110245,111388,1.0,0.8658595241349782,0.9329297620674891,persistent,0.9329297620674891
112531,113673,0.0,1.0,0.5,short-term,0.5
111388,112531,0.030183595787662994,0.885787363753937,0.45798547977079995,short-term,0.45798547977079995
114816,115959,0.0,0.7909100316452222,0.3954550158226111,short-term,0.3954550158226111
