low,high,recent_strength,all_strength,avg_strength,zone_type,strength
3851,3892,1.0,1.0,1.0,persistent,1.0
3810,3851,0.5227645620500123,0.7646178292839231,0.6436911956669678,persistent,0.6436911956669678
3933,3974,0.028138063586714418,0.8100312110196063,0.41908463730316037,short-term,0.41908463730316037
3892,3933,0.19905305948218485,0.5066581435530105,0.3528556015175977,short-term,0.3528556015175977
3974,4015,0.0,0.6097689589035701,0.30488447945178504,short-term,0.30488447945178504
4098,4139,0.0,0.5870146824667986,0.2935073412333993,short-term,0.2935073412333993
