low,high,recent_strength,all_strength,avg_strength,zone_type,strength
107961,109104,1.0,0.535089807011505,0.7675449035057524,short-term,0.7675449035057524
111390,112533,0.41094212865658064,0.8808526934551534,0.6458974110558671,persistent,0.6458974110558671
112533,113676,0.2459407555054263,1.0,0.6229703777527131,short-term,0.6229703777527131
110247,111390,0.19460059515879224,0.7758663981111105,0.48523349663495136,short-term,0.48523349663495136
114819,115963,0.0,0.7922608689539193,0.39613043447695967,short-term,0.39613043447695967
