low,high,recent_strength,all_strength,avg_strength,zone_type,strength
227,229,1.0,0.6577546375268565,0.8288773187634282,persistent,0.8288773187634282
219,222,0.0,1.0,0.5,short-term,0.5
232,234,0.10621220852346813,0.7880697163598184,0.44714096244164325,short-term,0.44714096244164325
229,232,0.38020905314105785,0.39417683449222646,0.38719294381664215,persistent,0.38719294381664215
224,227,0.14185467833534826,0.5861897319208583,0.3640222051281033,short-term,0.3640222051281033
222,224,0.19543008611419366,0.4892406460501291,0.3423353660821614,short-term,0.3423353660821614
215,217,0.2749466165483884,0.27196672145313167,0.27345666900076004,short-term,0.27345666900076004
242,244,0.0,0.4677753912323754,0.2338876956161877,short-term,0.2338876956161877
251,254,0.0,0.4170850743836312,0.2085425371918156,short-term,0.2085425371918156
