low,high,recent_strength,all_strength,avg_strength,zone_type,strength
109096,110237,1.0,0.5195962350384942,0.7597981175192471,short-term,0.7597981175192471
110237,111378,0.2890055193223417,1.0,0.6445027596611709,short-term,0.6445027596611709
107955,109096,0.31071893250348637,0.6564215841863842,0.4835702583449353,short-term,0.4835702583449353
112519,113661,0.0,0.7998238579218723,0.39991192896093614,short-term,0.39991192896093614
111378,112519,0.0,0.6826866811631913,0.34134334058159566,short-term,0.34134334058159566
