low,high,recent_strength,all_strength,avg_strength,zone_type,strength
110244,111386,1.0,0.8907508111203828,0.9453754055601914,persistent,0.9453754055601914
111386,112529,0.23179006329746404,0.9069078502405129,0.5693489567689884,short-term,0.5693489567689884
112529,113671,0.0,1.0,0.5,short-term,0.5
114813,115956,0.0,0.7857793361805202,0.3928896680902601,short-term,0.3928896680902601
