low,high,recent_strength,all_strength,avg_strength,zone_type,strength
4145,4187,1.0,0.5136791064411985,0.7568395532205993,short-term,0.7568395532205993
4272,4314,0.0,1.0,0.5,short-term,0.5
4187,4230,0.5527346032606608,0.41412259993129125,0.483428601595976,short-term,0.483428601595976
4441,4483,0.0,0.8220005254507033,0.4110002627253517,short-term,0.4110002627253517
4314,4356,0.0,0.801845406304266,0.400922703152133,short-term,0.400922703152133
4483,4526,0.0,0.6767494834679515,0.33837474173397575,short-term,0.33837474173397575
4399,4441,0.0,0.6716670981601872,0.3358335490800936,short-term,0.3358335490800936
4610,4653,0.0,0.6252272303698783,0.31261361518493913,short-term,0.31261361518493913
4526,4568,0.0,0.5571391477772035,0.27856957388860176,short-term,0.27856957388860176
