low,high,recent_strength,all_strength,avg_strength,zone_type,strength
110254,111398,0.9826287678909773,0.7589116253188095,0.8707701966048934,short-term,0.8707701966048934
111398,112542,0.6195592740386069,0.8843172601406954,0.7519382670896512,short-term,0.7519382670896512
107965,109109,1.0,0.4406692107232729,0.7203346053616364,short-term,0.7203346053616364
112542,113687,0.37079400069197105,1.0,0.6853970003459855,short-term,0.6853970003459855
114831,115976,0.0,0.793446863151668,0.396723431575834,short-term,0.396723431575834
113687,114831,0.0,0.765155449110864,0.382577724555432,short-term,0.382577724555432
