low,high,recent_strength,all_strength,avg_strength,zone_type,strength
110252,111396,1.0,1.0,1.0,persistent,1.0
112540,113684,0.709814916342785,0.8689865756982678,0.7894007460205263,persistent,0.7894007460205263
107964,109108,0.6245848187755596,0.7006693878728697,0.6626271033242146,short-term,0.6626271033242146
111396,112540,0.49216054290427413,0.7723716484249507,0.6322660956646124,short-term,0.6322660956646124
