low,high,recent_strength,all_strength,avg_strength,zone_type,strength
110256,111401,1.0,0.7760826178936194,0.8880413089468098,short-term,0.8880413089468098
112546,113691,0.0,1.0,0.5,short-term,0.5
111401,112546,0.0,0.8466473630220457,0.42332368151102284,short-term,0.42332368151102284
114836,115981,0.0,0.8282609777218692,0.4141304888609346,short-term,0.4141304888609346
113691,114836,0.0,0.7932882532880855,0.39664412664404275,short-term,0.39664412664404275
