low,high,recent_strength,all_strength,avg_strength,zone_type,strength
3851,3893,1.0,1.0,1.0,persistent,1.0
3810,3851,0.698946873759484,0.8760449626869233,0.7874959182232038,short-term,0.7874959182232038
3934,3975,0.4510783383486724,0.883637660625329,0.6673579994870007,short-term,0.6673579994870007
3893,3934,0.8019869368730067,0.5220153458855352,0.662001141379271,persistent,0.662001141379271
3975,4016,0.33704559265088246,0.6960525642120857,0.5165490784314841,short-term,0.5165490784314841
4098,4139,0.0,0.6403559192673217,0.32017795963366086,short-term,0.32017795963366086
