low,high,recent_strength,all_strength,avg_strength,zone_type,strength
227,229,1.0,0.6639846181355094,0.8319923090677547,persistent,0.8319923090677547
232,234,0.7112669470632074,0.8676705148967381,0.7894687309799727,persistent,0.7894687309799727
219,222,0.19193804649976312,1.0,0.5959690232498815,short-term,0.5959690232498815
224,227,0.1505244997478221,0.5946719907532637,0.3725982452505429,short-term,0.3725982452505429
229,232,0.2740430895550765,0.40249609742323444,0.3382695934891555,short-term,0.3382695934891555
214,217,0.3684557748897959,0.2747531379935359,0.3216044564416659,short-term,0.3216044564416659
222,224,0.17526057596601216,0.44710776487957554,0.31118417042279384,short-term,0.31118417042279384
242,244,0.0,0.45831603907412954,0.22915801953706477,short-term,0.22915801953706477
251,254,0.0,0.3929204699172977,0.19646023495864884,short-term,0.19646023495864884
