low,high,recent_strength,all_strength,avg_strength,zone_type,strength
227,229,1.0,0.6574152774110386,0.8287076387055192,persistent,0.8287076387055192
219,222,0.0,1.0,0.5,short-term,0.5
232,234,0.10634357329752032,0.7562346185632101,0.4312890959303652,short-term,0.4312890959303652
229,232,0.3600298803758063,0.38851099602013683,0.37427043819797157,persistent,0.37427043819797157
222,224,0.1960188853403371,0.48933588104248826,0.34267738319141267,short-term,0.34267738319141267
224,227,0.028135027647782185,0.5862164392623621,0.30717573345507215,short-term,0.30717573345507215
215,217,0.27629960000500725,0.272244650441162,0.27427212522308464,short-term,0.27427212522308464
242,244,0.0,0.46777539123237516,0.23388769561618758,short-term,0.23388769561618758
251,254,0.0,0.4170850743836314,0.2085425371918157,short-term,0.2085425371918157
