low,high,recent_strength,all_strength,avg_strength,zone_type,strength
105678,106825,1.0,0.12011575833336965,0.5600578791666848,short-term,0.5600578791666848
112559,113706,0.0,1.0,0.5,short-term,0.5
104531,105678,0.8802013225917851,0.1057260493491472,0.49296368597046614,short-term,0.49296368597046614
111412,112559,0.12722641061153778,0.7934910248465283,0.46035871772903303,short-term,0.46035871772903303
114853,115999,0.0,0.7653445527138376,0.3826722763569188,short-term,0.3826722763569188
113706,114853,0.0,0.6754022518734574,0.3377011259367287,short-term,0.3377011259367287
