low,high,recent_strength,all_strength,avg_strength,zone_type,strength
105677,106823,1.0,0.13988171044847825,0.5699408552242391,short-term,0.5699408552242391
112551,113697,0.0,1.0,0.5,short-term,0.5
111406,112551,0.0,0.845277169241107,0.4226385846205535,short-term,0.4226385846205535
114843,115989,0.0,0.8172797268593055,0.40863986342965275,short-term,0.40863986342965275
113697,114843,0.0,0.797062030235271,0.3985310151176355,short-term,0.3985310151176355
