low,high,recent_strength,all_strength,avg_strength,zone_type,strength
4021,4064,1.0,0.32524941159646703,0.6626247057982335,short-term,0.6626247057982335
3979,4021,0.7838983187386993,0.3764694180059285,0.580183868372314,short-term,0.580183868372314
4276,4319,0.0,1.0,0.5,short-term,0.5
4446,4489,0.0,0.8811314751156784,0.4405657375578392,short-term,0.4405657375578392
4319,4361,0.0,0.810160879014279,0.4050804395071395,short-term,0.4050804395071395
4574,4616,0.0,0.7368534819147868,0.3684267409573934,short-term,0.3684267409573934
4489,4531,0.0,0.707109101241232,0.353554550620616,short-term,0.353554550620616
4404,4446,0.0,0.6972285834953843,0.34861429174769215,short-term,0.34861429174769215
4361,4404,0.0,0.593080252921877,0.2965401264609385,short-term,0.2965401264609385
