low,high,recent_strength,all_strength,avg_strength,zone_type,strength
4021,4063,1.0,0.3255530303573755,0.6627765151786877,short-term,0.6627765151786877
3978,4021,0.862130931033115,0.4085285910099685,0.6353297610215418,short-term,0.6353297610215418
4276,4319,0.0,1.0,0.5,short-term,0.5
4446,4489,0.0,0.8828570972875356,0.4414285486437678,short-term,0.4414285486437678
4319,4361,0.0,0.8137059274385774,0.4068529637192887,short-term,0.4068529637192887
4574,4616,0.0,0.738296547724738,0.369148273862369,short-term,0.369148273862369
4489,4531,0.0,0.7084939151736427,0.35424695758682134,short-term,0.35424695758682134
4404,4446,0.0,0.6985940472615835,0.34929702363079174,short-term,0.34929702363079174
4361,4404,0.0,0.5942417509083104,0.2971208754541552,short-term,0.2971208754541552
