low,high,recent_strength,all_strength,avg_strength,zone_type,strength
114811,115953,1.0,0.8265876385625041,0.9132938192812521,persistent,0.9132938192812521
112527,113669,0.5915369251452232,1.0,0.7957684625726116,short-term,0.7957684625726116
113669,114811,0.6086549292832849,0.7694893312022448,0.6890721302427649,short-term,0.6890721302427649
111385,112527,0.37756533910694834,0.8738326708396135,0.6256990049732809,short-term,0.6256990049732809
110242,111385,0.08491447153677634,0.8152517431130825,0.4500831073249294,short-term,0.4500831073249294
