low,high,recent_strength,all_strength,avg_strength,zone_type,strength
105677,106823,1.0,0.1385519346912296,0.5692759673456148,short-term,0.5692759673456148
112553,113699,0.0,1.0,0.5,short-term,0.5
111407,112553,0.0,0.8372416005866443,0.41862080029332216,short-term,0.41862080029332216
114845,115991,0.0,0.8095103139447536,0.4047551569723768,short-term,0.4047551569723768
113699,114845,0.0,0.7799783849580122,0.3899891924790061,short-term,0.3899891924790061
