low,high,recent_strength,all_strength,avg_strength,zone_type,strength
110743,111332,1.0,0.9441978001722442,0.9720989000861221,persistent,0.9720989000861221
112510,113099,0.7449787131545669,0.6402416932765606,0.6926102032155637,persistent,0.6926102032155637
111332,111921,0.5110074834247007,0.6587343922891656,0.5848709378569332,short-term,0.5848709378569332
113099,113688,0.07221034777375655,1.0,0.5361051738868783,short-term,0.5361051738868783
111921,112510,0.2587490066632956,0.725545962575453,0.4921474846193743,short-term,0.4921474846193743
113688,114277,0.0,0.7681358884369882,0.3840679442184941,short-term,0.3840679442184941
122521,123110,0.0,0.6496703256694298,0.3248351628347149,short-term,0.3248351628347149
