low,high,recent_strength,all_strength,avg_strength,zone_type,strength
232,234,0.9891693070136727,0.845028619485685,0.9170989632496789,persistent,0.9170989632496789
229,232,1.0,0.6187468337522517,0.8093734168761259,persistent,0.8093734168761259
219,222,0.3539381314959305,1.0,0.6769690657479652,short-term,0.6769690657479652
222,224,0.6645563242017513,0.5358756289559721,0.6002159765788617,short-term,0.6002159765788617
224,227,0.45804713230219807,0.6239038924658614,0.5409755123840297,short-term,0.5409755123840297
227,229,0.34448999576910094,0.5931369736500964,0.4688134847095987,short-term,0.4688134847095987
251,254,0.0,0.40271570151167285,0.20135785075583643,short-term,0.20135785075583643
241,244,0.0,0.3901123448621658,0.1950561724310829,short-term,0.1950561724310829
