low,high,recent_strength,all_strength,avg_strength,zone_type,strength
106822,107968,1.0,0.14274262433970328,0.5713713121698516,short-term,0.5713713121698516
112549,113695,0.0,1.0,0.5,short-term,0.5
111404,112549,0.0,0.8502095439002564,0.4251047719501282,short-term,0.4251047719501282
114840,115985,0.0,0.8215188366540188,0.4107594183270094,short-term,0.4107594183270094
113695,114840,0.0,0.7905732755979883,0.39528663779899414,short-term,0.39528663779899414
