low,high,recent_strength,all_strength,avg_strength,zone_type,strength
114812,115954,1.0,0.840771941194036,0.920385970597018,persistent,0.920385970597018
112527,113670,0.35362148503547836,1.0,0.6768107425177392,short-term,0.6768107425177392
111385,112527,0.08740895226144565,0.8653507589871616,0.4763798556243036,short-term,0.4763798556243036
110243,111385,0.0,0.8232940460811329,0.41164702304056644,short-term,0.41164702304056644
