low,high,recent_strength,all_strength,avg_strength,zone_type,strength
227,229,1.0,0.5943010457844466,0.7971505228922233,persistent,0.7971505228922233
232,234,0.3479676298567464,0.739738536780541,0.5438530833186437,short-term,0.5438530833186437
220,222,0.0,1.0,0.5,short-term,0.5
234,237,0.5951665225376442,0.3361347951334138,0.46565065883552903,short-term,0.46565065883552903
229,232,0.430446629165992,0.4361085211019438,0.4332775751339679,short-term,0.4332775751339679
222,224,0.1518078821983882,0.5684935496474957,0.3601507159229419,short-term,0.3601507159229419
224,227,0.13157477573532078,0.48161937611920413,0.3065970759272625,short-term,0.3065970759272625
237,239,0.12120292387574388,0.3857128472353678,0.2534578855555558,short-term,0.2534578855555558
239,242,0.018097501277566992,0.3869232259486258,0.2025103636130964,short-term,0.2025103636130964
