low,high,recent_strength,all_strength,avg_strength,zone_type,strength
110244,111387,1.0,0.886707532720647,0.9433537663603235,persistent,0.9433537663603235
112529,113672,0.0,1.0,0.5,short-term,0.5
111387,112529,0.10104995140421129,0.8938238359187402,0.4974368936614757,short-term,0.4974368936614757
114815,115957,0.0,0.7909100316452234,0.3954550158226117,short-term,0.3954550158226117
