low,high,recent_strength,all_strength,avg_strength,zone_type,strength
110257,111403,1.0,0.7634221999363382,0.8817110999681691,short-term,0.8817110999681691
112548,113693,0.0,1.0,0.5,short-term,0.5
111403,112548,0.0,0.8502095439002513,0.42510477195012564,short-term,0.42510477195012564
114838,115983,0.0,0.8268531719993584,0.4134265859996792,short-term,0.4134265859996792
113693,114838,0.0,0.7852389402526398,0.3926194701263199,short-term,0.3926194701263199
