low,high,recent_strength,all_strength,avg_strength,zone_type,strength
3852,3894,1.0,0.3583695027253844,0.6791847513626922,short-term,0.6791847513626922
4277,4320,0.0,1.0,0.5,short-term,0.5
4448,4490,0.0,0.8978628855030132,0.4489314427515066,short-term,0.4489314427515066
4320,4362,0.0,0.7965595358285943,0.39827976791429714,short-term,0.39827976791429714
3979,4022,0.40313632710871966,0.34044016076841976,0.3717882439385697,short-term,0.3717882439385697
4575,4618,0.0,0.7023930466164079,0.35119652330820395,short-term,0.35119652330820395
4490,4533,0.0,0.6946092819680314,0.3473046409840157,short-term,0.3473046409840157
4405,4448,0.0,0.6661388185377779,0.33306940926888895,short-term,0.33306940926888895
4362,4405,0.0,0.6119275361497577,0.30596376807487885,short-term,0.30596376807487885
