low,high,recent_strength,all_strength,avg_strength,zone_type,strength
110255,111399,1.0,0.7455134162973381,0.8727567081486691,short-term,0.8727567081486691
111399,112544,0.5998083360136083,0.8728225486815631,0.7363154423475857,short-term,0.7363154423475857
112544,113689,0.42829516147967944,1.0,0.7141475807398397,short-term,0.7141475807398397
107965,109110,0.749973267432903,0.3947911014018859,0.5723821844173944,short-term,0.5723821844173944
114833,115978,0.0,0.7956365171057751,0.39781825855288755,short-term,0.39781825855288755
113689,114833,0.0,0.7651554491108621,0.38257772455543104,short-term,0.38257772455543104
