low,high,recent_strength,all_strength,avg_strength,zone_type,strength
112554,113700,1.0,0.924146979238757,0.9620734896193786,persistent,0.9620734896193786
110262,111408,0.8211480960899561,1.0,0.910574048044978,persistent,0.910574048044978
111408,112554,0.6256322900353017,0.7997843971884178,0.7127083436118598,short-term,0.7127083436118598
107970,109116,0.0,0.6367733684183999,0.31838668420919997,short-term,0.31838668420919997
