low,high,recent_strength,all_strength,avg_strength,zone_type,strength
3851,3892,1.0,1.0,1.0,persistent,1.0
3810,3851,0.3133020720734874,0.6596828526304187,0.4864924623519531,short-term,0.4864924623519531
3933,3974,0.0,0.7123706850982323,0.35618534254911616,short-term,0.35618534254911616
3892,3933,0.13409533745524663,0.46538124049031193,0.29973828897277927,short-term,0.29973828897277927
3974,4015,0.0,0.5788941229939928,0.2894470614969964,short-term,0.2894470614969964
4097,4138,0.0,0.5441221264735765,0.27206106323678825,short-term,0.27206106323678825
