low,high,recent_strength,all_strength,avg_strength,zone_type,strength
109095,110235,1.0,0.5131062184743608,0.7565531092371804,short-term,0.7565531092371804
110235,111376,0.4083926353336555,1.0,0.7041963176668278,short-term,0.7041963176668278
112517,113658,0.0,0.7762740403460155,0.3881370201730078,short-term,0.3881370201730078
107954,109095,0.13881616208998282,0.6370940679997461,0.38795511504486446,short-term,0.38795511504486446
111376,112517,0.0,0.6625858219007146,0.3312929109503573,short-term,0.3312929109503573
