low,high,recent_strength,all_strength,avg_strength,zone_type,strength
110252,111396,0.8716275155995536,0.7561889989021275,0.8139082572508406,short-term,0.8139082572508406
107964,109108,1.0,0.4733204554994928,0.7366602277497464,short-term,0.7366602277497464
111396,112540,0.5631848534626142,0.8843172601406891,0.7237510568016516,short-term,0.7237510568016516
112540,113684,0.3370550223278748,1.0,0.6685275111639374,short-term,0.6685275111639374
114828,115973,0.0,0.7918055686187082,0.3959027843093541,short-term,0.3959027843093541
113684,114828,0.0,0.7651554491108645,0.38257772455543226,short-term,0.38257772455543226
