low,high,recent_strength,all_strength,avg_strength,zone_type,strength
3850,3892,1.0,0.5358641122440684,0.7679320561220342,short-term,0.7679320561220342
3807,3850,0.765256274639076,0.5364728268529106,0.6508645507459934,short-term,0.6508645507459934
4274,4316,0.0,1.0,0.5,short-term,0.5
4443,4486,0.0,0.7974298228319036,0.3987149114159518,short-term,0.3987149114159518
4316,4358,0.0,0.7610642030797835,0.38053210153989175,short-term,0.38053210153989175
4486,4528,0.0,0.6769800219487687,0.33849001097438436,short-term,0.33849001097438436
4401,4443,0.0,0.6744023564254962,0.3372011782127481,short-term,0.3372011782127481
4570,4613,0.0,0.5515984090491225,0.27579920452456125,short-term,0.27579920452456125
4613,4655,0.0,0.5476756707621435,0.27383783538107176,short-term,0.27383783538107176
