low,high,recent_strength,all_strength,avg_strength,zone_type,strength
105677,106823,1.0,0.13965431624557928,0.5698271581227896,short-term,0.5698271581227896
112554,113700,0.0,1.0,0.5,short-term,0.5
111408,112554,0.0,0.8518595216996467,0.42592976084982337,short-term,0.42592976084982337
114846,115992,0.0,0.8159511423614564,0.4079755711807282,short-term,0.4079755711807282
113700,114846,0.0,0.7861842440554392,0.3930921220277196,short-term,0.3930921220277196
