low,high,recent_strength,all_strength,avg_strength,zone_type,strength
107962,109105,1.0,0.5461982528850016,0.7730991264425008,short-term,0.7730991264425008
111392,112536,0.3546762534121176,0.8861951018959081,0.6204356776540129,short-term,0.6204356776540129
112536,113679,0.21226673938049007,1.0,0.606133369690245,short-term,0.606133369690245
114823,115966,0.0,0.7903949053481001,0.39519745267405004,short-term,0.39519745267405004
113679,114823,0.0,0.7648510322485552,0.3824255161242776,short-term,0.3824255161242776
106818,107962,0.4535594950848129,0.2286565649682914,0.34110803002655216,short-term,0.34110803002655216
