low,high,recent_strength,all_strength,avg_strength,zone_type,strength
112562,113710,0.41407003386666813,1.0,0.707035016933334,short-term,0.707035016933334
104531,105679,1.0,0.10553085144363038,0.5527654257218152,short-term,0.5527654257218152
111415,112562,0.31489170893684837,0.7842950477724989,0.5495933783546736,short-term,0.5495933783546736
105679,106826,0.9394955383923886,0.0991457640940407,0.5193206512432147,short-term,0.5193206512432147
114857,116004,0.0,0.7651648820483709,0.3825824410241854,short-term,0.3825824410241854
113710,114857,0.0,0.6723090216574621,0.33615451082873105,short-term,0.33615451082873105
