low,high,recent_strength,all_strength,avg_strength,zone_type,strength
3839.596008241758,3880.4975103021975,1.0,1.0,1.0,persistent,1.0
3880.4975103021975,3921.399012362637,0.5857924233520309,0.5561056004558754,0.5709490119039531,short-term,0.5709490119039531
3798.6945061813185,3839.596008241758,0.40345444591146945,0.6039318850229822,0.5036931654672259,short-term,0.5036931654672259
3921.399012362637,3962.300514423077,0.0,0.6670659687654015,0.33353298438270074,short-term,0.33353298438270074
3962.300514423077,4003.202016483516,0.0,0.5694657609655954,0.2847328804827977,short-term,0.2847328804827977
4085.0050206043957,4125.906522664835,0.0,0.5404457997918962,0.2702228998959481,short-term,0.2702228998959481
