low,high,recent_strength,all_strength,avg_strength,zone_type,strength
3852,3894,1.0,0.35905908546077286,0.6795295427303865,short-term,0.6795295427303865
4278,4320,0.0,1.0,0.5,short-term,0.5
4448,4490,0.0,0.9047736673467777,0.45238683367338883,short-term,0.45238683367338883
3766,3809,0.5868117650016345,0.2710216686247278,0.4289167168131811,short-term,0.4289167168131811
4320,4363,0.0,0.7869688657657737,0.39348443288288687,short-term,0.39348443288288687
4576,4618,0.0,0.7098367673358155,0.35491838366790773,short-term,0.35491838366790773
4490,4533,0.0,0.6840574733009945,0.34202873665049727,short-term,0.34202873665049727
4405,4448,0.0,0.6741259159113209,0.33706295795566044,short-term,0.33706295795566044
4363,4405,0.0,0.6113770681161146,0.3056885340580573,short-term,0.3056885340580573
