low,high,recent_strength,all_strength,avg_strength,zone_type,strength
3850,3893,1.0,0.47358390696569486,0.7367919534828474,short-term,0.7367919534828474
3808,3850,0.7734251534203926,0.5393908177646657,0.6564079855925291,short-term,0.6564079855925291
4275,4317,0.0,1.0,0.5,short-term,0.5
4445,4487,0.0,0.8613110689950426,0.4306555344975213,short-term,0.4306555344975213
4317,4360,0.0,0.8134534225179345,0.40672671125896726,short-term,0.40672671125896726
4402,4445,0.0,0.7236104516054184,0.3618052258027092,short-term,0.3618052258027092
4487,4530,0.0,0.7212115203413655,0.36060576017068274,short-term,0.36060576017068274
4572,4615,0.0,0.7184615295380928,0.3592307647690464,short-term,0.3592307647690464
4360,4402,0.0,0.572330155284769,0.2861650776423845,short-term,0.2861650776423845
