low,high,recent_strength,all_strength,avg_strength,zone_type,strength
110230,111370,0.965043161980068,1.0,0.9825215809900341,short-term,0.9825215809900341
109091,110230,1.0,0.5118176791278052,0.7559088395639026,short-term,0.7559088395639026
112510,113650,0.0,0.7286371566070211,0.36431857830351055,short-term,0.36431857830351055
107951,109091,0.12181151793117599,0.6035511294573526,0.36268132369426426,short-term,0.36268132369426426
111370,112510,0.0,0.6276692386380395,0.31383461931901974,short-term,0.31383461931901974
