low,high,recent_strength,all_strength,avg_strength,zone_type,strength
110229,111368,0.9641034037825252,1.0,0.9820517018912627,short-term,0.9820517018912627
109089,110229,1.0,0.5118176791278054,0.7559088395639026,short-term,0.7559088395639026
112508,113647,0.0,0.7286371566070202,0.3643185783035101,short-term,0.3643185783035101
107950,109089,0.09098724861435104,0.6090589699598412,0.3500231092870961,short-term,0.3500231092870961
111368,112508,0.0,0.6276692386380381,0.31383461931901907,short-term,0.31383461931901907
