low,high,recent_strength,all_strength,avg_strength,zone_type,strength
227,229,1.0,0.6172492217096683,0.8086246108548342,persistent,0.8086246108548342
232,234,0.6064501889951045,0.8339274849273419,0.7201888369612233,persistent,0.7201888369612233
219,222,0.19699659994948981,1.0,0.5984982999747449,short-term,0.5984982999747449
229,232,0.36367555915389616,0.3882649593913652,0.37597025927263067,short-term,0.37597025927263067
222,224,0.22252571647672248,0.456946797092228,0.3397362567844753,short-term,0.3397362567844753
214,217,0.37816647719780755,0.27475313799353557,0.32645980759567156,short-term,0.32645980759567156
224,227,0.03193961221922525,0.5697219337218431,0.3008307729705342,short-term,0.3008307729705342
242,244,0.0,0.4583160390741287,0.22915801953706436,short-term,0.22915801953706436
251,254,0.0,0.3981286599219641,0.19906432996098206,short-term,0.19906432996098206
