low,high,recent_strength,all_strength,avg_strength,zone_type,strength
3851,3892,1.0,1.0,1.0,persistent,1.0
3810,3851,0.6596991742764262,0.7993109577214774,0.7295050659989518,short-term,0.7295050659989518
3892,3934,0.7060190053108181,0.4910964388115021,0.5985577220611601,persistent,0.5985577220611601
3934,3975,0.3214872861311978,0.8312999067042365,0.5763935964177171,short-term,0.5763935964177171
3975,4016,0.05423344878808875,0.6519584896409415,0.35309596921451514,short-term,0.35309596921451514
4098,4139,0.0,0.6024277140561403,0.30121385702807013,short-term,0.30121385702807013
