low,high,recent_strength,all_strength,avg_strength,zone_type,strength
114813,115955,1.0,0.8735762926943994,0.9367881463471996,persistent,0.9367881463471996
112528,113670,0.3616701338727065,1.0,0.6808350669363532,short-term,0.6808350669363532
111386,112528,0.029322543126699435,0.8819750993188058,0.45564882122275263,short-term,0.45564882122275263
110243,111386,0.0,0.8526089167867774,0.4263044583933887,short-term,0.4263044583933887
