low,high,recent_strength,all_strength,avg_strength,zone_type,strength
106822,107967,1.0,0.14274262433970242,0.5713713121698512,short-term,0.5713713121698512
112549,113694,0.0,1.0,0.5,short-term,0.5
111404,112549,0.0,0.8502095439002509,0.42510477195012547,short-term,0.42510477195012547
114840,115985,0.0,0.8215188366540016,0.4107594183270008,short-term,0.4107594183270008
113694,114840,0.0,0.7905732755979795,0.39528663779898976,short-term,0.39528663779898976
