low,high,recent_strength,all_strength,avg_strength,zone_type,strength
109098,110240,1.0,0.5149611212994321,0.757480560649716,short-term,0.757480560649716
110240,111382,0.4572086639013036,1.0,0.7286043319506518,short-term,0.7286043319506518
107957,109098,0.47690629798056744,0.6697292198269883,0.5733177589037779,short-term,0.5733177589037779
112523,113665,0.0,0.8160386880467517,0.40801934402337586,short-term,0.40801934402337586
111382,112523,0.0,0.696526789149395,0.3482633945746975,short-term,0.3482633945746975
