low,high,recent_strength,all_strength,avg_strength,zone_type,strength
110253,111398,1.0,0.7589116253188082,0.8794558126594041,short-term,0.8794558126594041
111398,112542,0.6305120451219551,0.8843172601406916,0.7574146526313233,short-term,0.7574146526313233
107964,109109,0.9982799824244785,0.4503554490659962,0.7243177157452374,short-term,0.7243177157452374
112542,113686,0.3773490180709941,1.0,0.6886745090354971,short-term,0.6886745090354971
114831,115975,0.0,0.7934468631516624,0.3967234315758312,short-term,0.3967234315758312
113686,114831,0.0,0.7651554491108615,0.38257772455543076,short-term,0.38257772455543076
