low,high,recent_strength,all_strength,avg_strength,zone_type,strength
4021,4063,1.0,0.3291046012196051,0.6645523006098025,short-term,0.6645523006098025
3851,3893,0.778215472361716,0.45244892347968957,0.6153321979207027,short-term,0.6153321979207027
4276,4318,0.0,1.0,0.5,short-term,0.5
4446,4488,0.0,0.8744262296313715,0.43721311481568575,short-term,0.43721311481568575
4318,4361,0.0,0.8122853410223083,0.40614267051115416,short-term,0.40614267051115416
4403,4446,0.0,0.7181154351704659,0.35905771758523297,short-term,0.35905771758523297
4573,4616,0.0,0.7171641082856188,0.3585820541428094,short-term,0.3585820541428094
4488,4531,0.0,0.7100272024868838,0.3550136012434419,short-term,0.3550136012434419
4361,4403,0.0,0.5824340167110038,0.2912170083555019,short-term,0.2912170083555019
