low,high,recent_strength,all_strength,avg_strength,zone_type,strength
232,234,1.0,0.8711608410356682,0.9355804205178341,persistent,0.9355804205178341
219,222,0.19102504446605859,1.0,0.5955125222330293,short-term,0.5955125222330293
222,224,0.5441133646570387,0.5675371261356089,0.5558252453963238,persistent,0.5558252453963238
227,229,0.36031886186702045,0.705968362428947,0.5331436121479838,short-term,0.5331436121479838
224,227,0.2932776246160906,0.6022037435022193,0.4477406840591549,short-term,0.4477406840591549
217,219,0.5363387469990624,0.3579037627556958,0.4471212548773791,short-term,0.4471212548773791
229,232,0.1666328634913831,0.41455717096363215,0.29059501722750763,short-term,0.29059501722750763
241,244,0.0,0.417705003196596,0.208852501598298,short-term,0.208852501598298
251,254,0.0,0.3974058089261235,0.19870290446306174,short-term,0.19870290446306174
