low,high,recent_strength,all_strength,avg_strength,zone_type,strength
107962,109106,1.0,0.5410984881540132,0.7705492440770065,short-term,0.7705492440770065
111393,112536,0.3639253939765281,0.8861951018959091,0.6250602479362186,short-term,0.6250602479362186
112536,113680,0.21780216750907658,1.0,0.6089010837545383,short-term,0.6089010837545383
114824,115967,0.0,0.7947910214159406,0.3973955107079703,short-term,0.3973955107079703
113680,114824,0.0,0.7648510322485534,0.3824255161242767,short-term,0.3824255161242767
106819,107962,0.46538728305766014,0.22865656496829148,0.3470219240129758,short-term,0.3470219240129758
