low,high,recent_strength,all_strength,avg_strength,zone_type,strength
107960,109103,1.0,0.5350898070115042,0.7675449035057521,short-term,0.7675449035057521
110246,111389,0.4183559597230088,0.8152797035139235,0.6168178316184662,short-term,0.6168178316184662
112532,113675,0.0,1.0,0.5,short-term,0.5
111389,112532,0.01901399972955546,0.8838418177747385,0.45142790875214694,short-term,0.45142790875214694
114818,115961,0.0,0.7891728745181988,0.3945864372590994,short-term,0.3945864372590994
