low,high,recent_strength,all_strength,avg_strength,zone_type,strength
105678,106824,1.0,0.12242529549116157,0.5612126477455808,short-term,0.5612126477455808
112555,113701,0.0,1.0,0.5,short-term,0.5
111409,112555,0.0,0.8001465054248311,0.40007325271241556,short-term,0.40007325271241556
114847,115993,0.0,0.766417981517985,0.3832089907589925,short-term,0.3832089907589925
113701,114847,0.0,0.6777520759224065,0.33887603796120325,short-term,0.33887603796120325
