low,high,recent_strength,all_strength,avg_strength,zone_type,strength
4145,4187,1.0,0.5112116429360236,0.7556058214680118,short-term,0.7556058214680118
4272,4314,0.0,1.0,0.5,short-term,0.5
4060,4102,0.6474188364064282,0.29711191710958745,0.47226537675800784,short-term,0.47226537675800784
4441,4483,0.0,0.8088424540910196,0.4044212270455098,short-term,0.4044212270455098
4314,4356,0.0,0.801845406304263,0.4009227031521315,short-term,0.4009227031521315
4483,4526,0.0,0.6885769242483664,0.3442884621241832,short-term,0.3442884621241832
4399,4441,0.0,0.6716670981601968,0.3358335490800984,short-term,0.3358335490800984
4610,4652,0.0,0.6252272303698831,0.3126136151849416,short-term,0.3126136151849416
4526,4568,0.0,0.5584697783564958,0.2792348891782479,short-term,0.2792348891782479
