low,high,recent_strength,all_strength,avg_strength,zone_type,strength
109099,110241,1.0,0.5134862001725359,0.7567431000862679,short-term,0.7567431000862679
110241,111383,0.4740224747241864,1.0,0.7370112373620932,persistent,0.7370112373620932
107957,109099,0.4594237849418527,0.6721054656345831,0.5657646252882179,short-term,0.5657646252882179
112525,113667,0.0,0.8154884422330754,0.4077442211165377,short-term,0.4077442211165377
111383,112525,0.05342702886135453,0.7024437223756747,0.3779353756185146,short-term,0.3779353756185146
