low,high,recent_strength,all_strength,avg_strength,zone_type,strength
3851,3892,1.0,1.0,1.0,persistent,1.0
3810,3851,0.5666786021027438,0.769484900451872,0.6680817512773078,persistent,0.6680817512773078
3933,3974,0.030501758720347008,0.7992923283202552,0.4148970435203011,short-term,0.4148970435203011
3892,3933,0.15454934820628888,0.49952678816206186,0.32703806818417536,short-term,0.32703806818417536
3974,4015,0.0,0.6016850267855348,0.3008425133927674,short-term,0.3008425133927674
4098,4139,0.0,0.5792324121887497,0.28961620609437483,short-term,0.28961620609437483
