low,high,recent_strength,all_strength,avg_strength,zone_type,strength
110243,111385,1.0,0.8574754815351238,0.9287377407675619,persistent,0.9287377407675619
112527,113669,0.5895357866241758,1.0,0.7947678933120879,short-term,0.7947678933120879
111385,112527,0.646343529221523,0.8931432709111335,0.7697434000663284,short-term,0.7697434000663284
114812,115954,0.0,0.7592736205421089,0.37963681027105445,short-term,0.37963681027105445
