low,high,recent_strength,all_strength,avg_strength,zone_type,strength
229,231,1.0,0.6880440214950388,0.8440220107475194,persistent,0.8440220107475194
219,222,0.20781151996321226,1.0,0.6039057599816061,short-term,0.6039057599816061
224,227,0.5604016989791758,0.5845760180347093,0.5724888585069425,short-term,0.5724888585069425
222,224,0.5822907146318285,0.5395153596223299,0.5609030371270791,persistent,0.5609030371270791
227,229,0.2682378675301667,0.6821127576915521,0.47517531261085943,short-term,0.47517531261085943
231,234,0.0,0.7651118718591196,0.3825559359295598,short-term,0.3825559359295598
251,253,0.0,0.4299870567069878,0.2149935283534939,short-term,0.2149935283534939
234,236,0.0,0.42660741005478453,0.21330370502739227,short-term,0.21330370502739227
