low,high,recent_strength,all_strength,avg_strength,zone_type,strength
3851,3892,1.0,1.0,1.0,persistent,1.0
3810,3851,0.1304904861201894,0.651215024912243,0.39085275551621623,short-term,0.39085275551621623
3892,3933,0.2699683314733143,0.4568808659972007,0.36342459873525745,short-term,0.36342459873525745
3933,3973,0.0,0.6900673681614816,0.3450336840807408,short-term,0.3450336840807408
3728,3769,0.300178786229125,0.2905160082273958,0.2953473972282604,short-term,0.2953473972282604
4096,4137,0.0,0.5346106886050574,0.2673053443025287,short-term,0.2673053443025287
3973,4014,0.0,0.5260172464948328,0.2630086232474164,short-term,0.2630086232474164
