low,high,recent_strength,all_strength,avg_strength,zone_type,strength
3852,3894,1.0,0.36193427975064424,0.6809671398753221,short-term,0.6809671398753221
4277,4320,0.0,1.0,0.5,short-term,0.5
4448,4490,0.0,0.9067941169882086,0.4533970584941043,short-term,0.4533970584941043
4320,4363,0.0,0.8062248711450346,0.4031124355725173,short-term,0.4031124355725173
3979,4022,0.40313632710871994,0.3438265908478636,0.37348145897829177,short-term,0.37348145897829177
4575,4618,0.0,0.7093798983887702,0.3546899491943851,short-term,0.3546899491943851
4490,4533,0.0,0.7015187069918135,0.35075935349590676,short-term,0.35075935349590676
4405,4448,0.0,0.6727650418572794,0.3363825209286397,short-term,0.3363825209286397
4363,4405,0.0,0.6162727187941932,0.3081363593970966,short-term,0.3081363593970966
