low,high,recent_strength,all_strength,avg_strength,zone_type,strength
3850,3893,1.0,0.4934161175997596,0.7467080587998798,short-term,0.7467080587998798
3808,3850,0.6838933086900819,0.5419675696451898,0.6129304391676358,short-term,0.6129304391676358
4274,4317,0.0,1.0,0.5,short-term,0.5
4444,4487,0.0,0.854022877875749,0.4270114389378745,short-term,0.4270114389378745
4317,4359,0.0,0.8093943343527487,0.40469716717637433,short-term,0.40469716717637433
4487,4529,0.0,0.7272699246469858,0.3636349623234929,short-term,0.3636349623234929
4402,4444,0.0,0.7105470614225846,0.3552735307112923,short-term,0.3552735307112923
4572,4614,0.0,0.6984868576155601,0.34924342880778003,short-term,0.34924342880778003
4359,4402,0.0,0.5754004772310847,0.28770023861554234,short-term,0.28770023861554234
