low,high,recent_strength,all_strength,avg_strength,zone_type,strength
3933,3976,1.0,0.5322701630382555,0.7661350815191277,short-term,0.7661350815191277
4060,4103,0.9302904647887361,0.27776457339798166,0.6040275190933588,short-term,0.6040275190933588
4272,4314,0.0,1.0,0.5,short-term,0.5
4441,4483,0.0,0.8220005254507071,0.41100026272535356,short-term,0.41100026272535356
4314,4356,0.0,0.8018454063042615,0.40092270315213074,short-term,0.40092270315213074
4483,4526,0.0,0.6785221338053629,0.33926106690268143,short-term,0.33926106690268143
4399,4441,0.0,0.6716670981601928,0.3358335490800964,short-term,0.3358335490800964
4610,4653,0.0,0.6252272303698716,0.3126136151849358,short-term,0.3126136151849358
3849,3891,0.0,0.5570136681736698,0.2785068340868349,short-term,0.2785068340868349
