low,high,recent_strength,all_strength,avg_strength,zone_type,strength
3943,3984,0.8985135348363381,1.0,0.9492567674181691,persistent,0.9492567674181691
3901,3943,1.0,0.5625075561646083,0.7812537780823041,persistent,0.7812537780823041
3984,4025,0.5942422961238137,0.5354476746588408,0.5648449853913273,short-term,0.5648449853913273
3860,3901,0.32980084233572976,0.6751054028543996,0.5024531225950647,short-term,0.5024531225950647
3819,3860,0.0,0.9175838570992376,0.4587919285496188,short-term,0.4587919285496188
4066,4108,0.07913312111720036,0.6316139422374897,0.35537353167734503,short-term,0.35537353167734503
