low,high,recent_strength,all_strength,avg_strength,zone_type,strength
105678,106824,1.0,0.12225382921335286,0.5611269146066764,short-term,0.5611269146066764
112556,113702,0.0,1.0,0.5,short-term,0.5
104531,105678,0.8648076712970562,0.1057260493491477,0.48526686032310196,short-term,0.48526686032310196
111410,112556,0.0,0.7964736675070371,0.39823683375351854,short-term,0.39823683375351854
114849,115995,0.0,0.7653445527138374,0.3826722763569187,short-term,0.3826722763569187
113702,114849,0.0,0.6754022518734575,0.33770112593672874,short-term,0.33770112593672874
