low,high,recent_strength,all_strength,avg_strength,zone_type,strength
3851,3893,1.0,1.0,1.0,persistent,1.0
3810,3851,0.6397848067076614,0.8604398480384057,0.7501123273730335,short-term,0.7501123273730335
3934,3975,0.4128970002514483,0.8678972961587477,0.640397148205098,short-term,0.640397148205098
3893,3934,0.7341030865901397,0.5127166116107041,0.6234098491004219,persistent,0.6234098491004219
3975,4016,0.22968371952112554,0.6806605002644707,0.4551721098927981,short-term,0.4551721098927981
4098,4139,0.0,0.6289491673748474,0.3144745836874237,short-term,0.3144745836874237
