low,high,recent_strength,all_strength,avg_strength,zone_type,strength
3975,4017,1.0,0.49953463100619827,0.7497673155030992,short-term,0.7497673155030992
4102,4144,0.9566416032324097,0.5285111090835855,0.7425763561579976,short-term,0.7425763561579976
4271,4313,0.0,1.0,0.5,short-term,0.5
4440,4482,0.0,0.8053290840585982,0.4026645420292991,short-term,0.4026645420292991
4313,4356,0.0,0.7970365047429386,0.3985182523714693,short-term,0.3985182523714693
4482,4525,0.0,0.684250964340745,0.3421254821703725,short-term,0.3421254821703725
4398,4440,0.0,0.6818155020333523,0.34090775101667614,short-term,0.34090775101667614
4609,4652,0.0,0.6347357256767312,0.3173678628383656,short-term,0.3173678628383656
4567,4609,0.0,0.568064870533595,0.2840324352667975,short-term,0.2840324352667975
