low,high,recent_strength,all_strength,avg_strength,zone_type,strength
232,234,1.0,0.8711336704911028,0.9355668352455514,persistent,0.9355668352455514
219,222,0.19122208392292317,1.0,0.5956110419614615,short-term,0.5956110419614615
222,224,0.5789753052103893,0.5730376369281116,0.5760064710692505,persistent,0.5760064710692505
224,227,0.36893296120309865,0.614160260369244,0.49154661078617135,short-term,0.49154661078617135
227,229,0.26008035853587,0.6900798355377253,0.47508009703679766,short-term,0.47508009703679766
229,232,0.16663286349138312,0.41454424138328505,0.29058855243733406,short-term,0.29058855243733406
251,254,0.0,0.41817288056483404,0.20908644028241702,short-term,0.20908644028241702
241,244,0.0,0.4176919754388436,0.2088459877194218,short-term,0.2088459877194218
