low,high,recent_strength,all_strength,avg_strength,zone_type,strength
110254,111398,1.0,1.0,1.0,persistent,1.0
112543,113687,0.7098149163427838,0.8689865756982742,0.789400746020529,persistent,0.789400746020529
111398,112543,0.49216054290427363,0.7723716484249522,0.6322660956646129,short-term,0.6322660956646129
107965,109109,0.5384781637192341,0.6870593156192053,0.6127687396692196,short-term,0.6127687396692196
