low,high,recent_strength,all_strength,avg_strength,zone_type,strength
3852,3894,1.0,0.3583695027253868,0.6791847513626934,short-term,0.6791847513626934
4277,4320,0.0,1.0,0.5,short-term,0.5
4448,4490,0.0,0.8978628855030213,0.44893144275151065,short-term,0.44893144275151065
4320,4362,0.0,0.7982841701430995,0.39914208507154975,short-term,0.39914208507154975
3979,4022,0.4031363271087197,0.34044016076842576,0.37178824393857274,short-term,0.37178824393857274
4575,4618,0.0,0.7023930466163979,0.35119652330819895,short-term,0.35119652330819895
4490,4533,0.0,0.6946092819680336,0.3473046409840168,short-term,0.3473046409840168
4405,4448,0.0,0.6661388185377716,0.3330694092688858,short-term,0.3330694092688858
4362,4405,0.0,0.6102029018352553,0.30510145091762764,short-term,0.30510145091762764
