low,high,recent_strength,all_strength,avg_strength,zone_type,strength
4145,4187,1.0,0.5112116429360155,0.7556058214680077,short-term,0.7556058214680077
4272,4314,0.0,1.0,0.5,short-term,0.5
4060,4102,0.6517949857612501,0.29748695225304017,0.47464096900714514,short-term,0.47464096900714514
4441,4483,0.0,0.8098512509428097,0.40492562547140487,short-term,0.40492562547140487
4314,4356,0.0,0.8018454063042576,0.4009227031521288,short-term,0.4009227031521288
4483,4526,0.0,0.6875681273965409,0.34378406369827047,short-term,0.34378406369827047
4399,4441,0.0,0.6716670981601843,0.33583354908009216,short-term,0.33583354908009216
4610,4652,0.0,0.6252272303698638,0.3126136151849319,short-term,0.3126136151849319
4526,4568,0.0,0.5584697783564943,0.2792348891782471,short-term,0.2792348891782471
