low,high,recent_strength,all_strength,avg_strength,zone_type,strength
107960,109103,1.0,0.5350898070115067,0.7675449035057533,short-term,0.7675449035057533
110246,111389,0.46094217540773064,0.8209901778977452,0.6409661766527379,short-term,0.6409661766527379
112532,113675,0.0,1.0,0.5,short-term,0.5
111389,112532,0.02108625731441571,0.8838418177747405,0.4524640375445781,short-term,0.4524640375445781
114818,115961,0.0,0.7891728745181974,0.3945864372590987,short-term,0.3945864372590987
