low,high,recent_strength,all_strength,avg_strength,zone_type,strength
3850,3892,1.0,0.5571686480208098,0.7785843240104049,short-term,0.7785843240104049
3807,3850,0.7652562746390759,0.5578015635079431,0.6615289190735094,short-term,0.6615289190735094
4274,4316,0.0,1.0,0.5,short-term,0.5
4443,4486,0.0,0.8291335174846645,0.41456675874233223,short-term,0.41456675874233223
4316,4358,0.0,0.7913220971473932,0.3956610485736966,short-term,0.3956610485736966
4486,4528,0.0,0.7038949519995084,0.3519474759997542,short-term,0.3519474759997542
4401,4443,0.0,0.701214805332027,0.3506074026660135,short-term,0.3506074026660135
4570,4613,0.0,0.573528498733195,0.2867642493665975,short-term,0.2867642493665975
4613,4655,0.0,0.5694498027765972,0.2847249013882986,short-term,0.2847249013882986
