low,high,recent_strength,all_strength,avg_strength,zone_type,strength
3851,3892,1.0,1.0,1.0,persistent,1.0
3810,3851,0.638461124239657,0.8082726972699745,0.7233669107548157,short-term,0.7233669107548157
3892,3934,0.6832897560614952,0.5148644359866656,0.5990770960240804,persistent,0.5990770960240804
3934,3975,0.1845742516361474,0.8406203009495664,0.5125972762928569,short-term,0.5125972762928569
3975,4016,0.0,0.6592681381877952,0.3296340690938976,short-term,0.3296340690938976
4098,4139,0.0,0.6091820319070478,0.3045910159535239,short-term,0.3045910159535239
