low,high,recent_strength,all_strength,avg_strength,zone_type,strength
110243,111385,1.0,0.891847553061583,0.9459237765307915,persistent,0.9459237765307915
111385,112528,0.31331829479470164,0.9157339414021857,0.6145261180984436,short-term,0.6145261180984436
112528,113670,0.0,1.0,0.5,short-term,0.5
114812,115955,0.0,0.7895171960955577,0.39475859804777885,short-term,0.39475859804777885
