low,high,recent_strength,all_strength,avg_strength,zone_type,strength
109095,110236,1.0,0.5289831010951613,0.7644915505475807,short-term,0.7644915505475807
110236,111377,0.2773346096106665,1.0,0.6386673048053333,short-term,0.6386673048053333
107954,109095,0.17067823434581142,0.6564215841863834,0.4135499092660974,short-term,0.4135499092660974
112518,113659,0.0,0.7998238579218714,0.3999119289609357,short-term,0.3999119289609357
111377,112518,0.0,0.6826866811631899,0.34134334058159493,short-term,0.34134334058159493
