low,high,recent_strength,all_strength,avg_strength,zone_type,strength
110252,111397,0.8585051942895053,0.7561889989021277,0.8073470965958165,short-term,0.8073470965958165
107964,109108,1.0,0.47354942152290824,0.7367747107614542,short-term,0.7367747107614542
111397,112541,0.5547061254832604,0.8843172601406916,0.719511692811976,short-term,0.719511692811976
112541,113685,0.3319806709300657,1.0,0.6659903354650328,short-term,0.6659903354650328
114829,115973,0.0,0.791805568618704,0.395902784309352,short-term,0.395902784309352
113685,114829,0.0,0.7651554491108581,0.38257772455542904,short-term,0.38257772455542904
