low,high,recent_strength,all_strength,avg_strength,zone_type,strength
105677,106823,1.0,0.13921669573601575,0.5696083478680078,short-term,0.5696083478680078
112553,113699,0.0,1.0,0.5,short-term,0.5
111407,112553,0.0,0.8412586184823891,0.42062930924119457,short-term,0.42062930924119457
114845,115991,0.0,0.8133942793564392,0.4066971396782196,short-term,0.4066971396782196
113699,114845,0.0,0.7885185781607864,0.3942592890803932,short-term,0.3942592890803932
