low,high,recent_strength,all_strength,avg_strength,zone_type,strength
3849,3892,1.0,0.5583998518791861,0.779199925939593,persistent,0.779199925939593
3807,3849,0.6812729830237321,0.537088086369879,0.6091805346968056,short-term,0.6091805346968056
4273,4315,0.0,1.0,0.5,short-term,0.5
4443,4485,0.0,0.8150884208250992,0.4075442104125496,short-term,0.4075442104125496
4315,4358,0.0,0.7735268003794207,0.38676340018971034,short-term,0.38676340018971034
4400,4443,0.0,0.6703869349659083,0.33519346748295414,short-term,0.33519346748295414
4485,4527,0.0,0.6680973959352552,0.3340486979676276,short-term,0.3340486979676276
4612,4654,0.0,0.6199119421034265,0.30995597105171324,short-term,0.30995597105171324
