low,high,recent_strength,all_strength,avg_strength,zone_type,strength
112554,113700,1.0,1.0,1.0,persistent,1.0
110262,111408,0.7416862005636053,0.9408422969971396,0.8412642487803725,short-term,0.8412642487803725
111408,112554,0.6256322900353019,0.7653251125465673,0.6954787012909346,short-term,0.6954787012909346
114846,115993,0.8329261660580157,0.45320983390179104,0.6430679999799034,short-term,0.6430679999799034
107970,109116,0.0,0.6093375309204238,0.3046687654602119,short-term,0.3046687654602119
