low,high,recent_strength,all_strength,avg_strength,zone_type,strength
3934,3976,1.0,0.5249295594170963,0.7624647797085482,short-term,0.7624647797085482
4272,4315,0.0,1.0,0.5,short-term,0.5
3849,3891,0.44595726604064195,0.5538720520575243,0.49991465904908317,short-term,0.49991465904908317
4442,4484,0.0,0.8089114252360387,0.4044557126180193,short-term,0.4044557126180193
4315,4357,0.0,0.7916828072682164,0.3958414036341082,short-term,0.3958414036341082
4399,4442,0.0,0.6783024601818427,0.33915123009092135,short-term,0.33915123009092135
4484,4526,0.0,0.6780434639570929,0.33902173197854646,short-term,0.33902173197854646
4611,4653,0.0,0.6217008825342402,0.3108504412671201,short-term,0.3108504412671201
