low,high,recent_strength,all_strength,avg_strength,zone_type,strength
227,229,1.0,0.6193713020108652,0.8096856510054327,persistent,0.8096856510054327
219,222,0.19545804324053132,1.0,0.5977290216202656,short-term,0.5977290216202656
232,234,0.11978111681507525,0.7218639403965882,0.4208225286058317,short-term,0.4208225286058317
229,232,0.3721533186897597,0.3790178785027425,0.37558559859625107,persistent,0.37558559859625107
217,219,0.36075795355928,0.3573909229710119,0.35907443826514596,short-term,0.35907443826514596
222,224,0.2207877756488664,0.4569467970922292,0.3388672863705478,short-term,0.3388672863705478
224,227,0.03169016169736828,0.5697219337218418,0.300706047709605,short-term,0.300706047709605
242,244,0.0,0.45831603907412893,0.22915801953706447,short-term,0.22915801953706447
251,254,0.0,0.39812865992196783,0.19906432996098392,short-term,0.19906432996098392
