low,high,recent_strength,all_strength,avg_strength,zone_type,strength
227,229,1.0,0.659933419742265,0.8299667098711325,persistent,0.8299667098711325
232,234,0.27256827027224434,0.7732536139082056,0.5229109420902249,short-term,0.5229109420902249
219,222,0.0,1.0,0.5,short-term,0.5
229,232,0.4248610730367819,0.4110959245993553,0.4179784988180686,persistent,0.4179784988180686
224,227,0.14044573354974882,0.5919028038479406,0.36617426869884473,short-term,0.36617426869884473
222,224,0.1934890137152352,0.4912561027965506,0.34237255825589286,short-term,0.34237255825589286
242,244,0.0,0.4602861996343919,0.23014309981719594,short-term,0.23014309981719594
252,254,0.0,0.3552705216747311,0.17763526083736556,short-term,0.17763526083736556
