low,high,recent_strength,all_strength,avg_strength,zone_type,strength
232,234,1.0,0.8676705148967351,0.9338352574483675,persistent,0.9338352574483675
227,229,0.9795630663229586,0.6639846181355108,0.8217738422292347,persistent,0.8217738422292347
219,222,0.26985374097906223,1.0,0.6349268704895311,short-term,0.6349268704895311
224,227,0.25824687779399574,0.6025235948432668,0.43038523631863124,short-term,0.43038523631863124
214,217,0.5180274106805253,0.27475313799353673,0.396390274337031,short-term,0.396390274337031
222,224,0.24640618643908022,0.4471077648795751,0.34675697565932767,short-term,0.34675697565932767
229,232,0.28610970044556244,0.40249609742323716,0.3443028989343998,short-term,0.3443028989343998
242,244,0.0,0.4583160390741282,0.2291580195370641,short-term,0.2291580195370641
251,254,0.0,0.39292046991729845,0.19646023495864923,short-term,0.19646023495864923
