low,high,recent_strength,all_strength,avg_strength,zone_type,strength
3981,4024,1.0,0.3436600216698756,0.6718300108349378,short-term,0.6718300108349378
4280,4322,0.0,1.0,0.5,short-term,0.5
4450,4493,0.0,0.8421372243514531,0.42106861217572655,short-term,0.42106861217572655
3895,3938,0.6356037174146517,0.18021292767726502,0.4079083225459584,short-term,0.4079083225459584
4579,4621,0.0,0.6979947529326901,0.34899737646634504,short-term,0.34899737646634504
4322,4365,0.0,0.6905707299725381,0.34528536498626905,short-term,0.34528536498626905
4493,4536,0.0,0.6877618437029729,0.34388092185148644,short-term,0.34388092185148644
4365,4408,0.0,0.6456617645129955,0.32283088225649775,short-term,0.32283088225649775
4408,4450,0.0,0.5986166488932785,0.29930832444663924,short-term,0.29930832444663924
