low,high,recent_strength,all_strength,avg_strength,zone_type,strength
3849,3892,1.0,0.5572388647477932,0.7786194323738966,persistent,0.7786194323738966
3807,3849,0.8063214918685514,0.535971409217116,0.6711464505428337,short-term,0.6711464505428337
4273,4316,0.0,1.0,0.5,short-term,0.5
4443,4485,0.0,0.8105442540447189,0.40527212702235943,short-term,0.40527212702235943
4316,4358,0.0,0.7698490798988055,0.38492453994940273,short-term,0.38492453994940273
4400,4443,0.0,0.6677865652485977,0.33389328262429885,short-term,0.33389328262429885
4485,4528,0.0,0.6667083331040455,0.33335416655202277,short-term,0.33335416655202277
4612,4655,0.0,0.6186230632024772,0.3093115316012386,short-term,0.3093115316012386
