low,high,recent_strength,all_strength,avg_strength,zone_type,strength
110257,111402,1.0,0.7761809384317843,0.8880904692158922,short-term,0.8880904692158922
112547,113692,0.0,1.0,0.5,short-term,0.5
111402,112547,0.0,0.8517650112753525,0.42588250563767627,short-term,0.42588250563767627
114837,115982,0.0,0.8283659086444269,0.41418295432221347,short-term,0.41418295432221347
113692,114837,0.0,0.7885050538222234,0.3942525269111117,short-term,0.3942525269111117
