low,high,recent_strength,all_strength,avg_strength,zone_type,strength
3852,3895,1.0,0.33018810242554975,0.6650940512127749,short-term,0.6650940512127749
3724,3767,0.7436938403470614,0.29201116288571616,0.5178525016163888,short-term,0.5178525016163888
4278,4321,0.0,1.0,0.5,short-term,0.5
4448,4491,0.0,0.8531934393386372,0.4265967196693186,short-term,0.4265967196693186
4321,4363,0.0,0.6903000610794924,0.3451500305397462,short-term,0.3451500305397462
4576,4619,0.0,0.6761762012927368,0.3380881006463684,short-term,0.3380881006463684
4491,4534,0.0,0.6585111314721142,0.3292555657360571,short-term,0.3292555657360571
4406,4448,0.0,0.6562245016169092,0.3281122508084546,short-term,0.3281122508084546
4363,4406,0.0,0.5844725814665198,0.2922362907332599,short-term,0.2922362907332599
