low,high,recent_strength,all_strength,avg_strength,zone_type,strength
227,229,1.0,0.6572259373202891,0.8286129686601446,persistent,0.8286129686601446
232,234,0.24607723576904753,0.7700812172621937,0.5080792265156207,persistent,0.5080792265156207
219,222,0.0,1.0,0.5,short-term,0.5
229,232,0.42486107303678183,0.4094093378069598,0.4171352054218708,persistent,0.4171352054218708
224,227,0.14044573354974882,0.589474427910318,0.3649600807300334,short-term,0.3649600807300334
222,224,0.19348901371523505,0.4892406460501318,0.3413648298826834,short-term,0.3413648298826834
242,244,0.0,0.4583978018698565,0.22919890093492826,short-term,0.22919890093492826
252,254,0.0,0.4170850743836325,0.20854253719181626,short-term,0.20854253719181626
