low,high,recent_strength,all_strength,avg_strength,zone_type,strength
114813,115955,1.0,0.8449773784216739,0.9224886892108369,persistent,0.9224886892108369
112528,113670,0.4495403834617095,1.0,0.7247701917308548,short-term,0.7247701917308548
111386,112528,0.37928881646878976,0.8855708105594364,0.6324298135141131,short-term,0.6324298135141131
113670,114813,0.4782245071712926,0.7693907102244654,0.623807608697879,short-term,0.623807608697879
110243,111386,0.09680534642819953,0.8560849054720819,0.4764451259501407,short-term,0.4764451259501407
