low,high,recent_strength,all_strength,avg_strength,zone_type,strength
4145,4187,1.0,0.5112116429360196,0.7556058214680098,short-term,0.7556058214680098
4272,4314,0.0,1.0,0.5,short-term,0.5
4187,4229,0.5686489040242941,0.41412259993128997,0.49138575197779205,short-term,0.49138575197779205
4441,4483,0.0,0.8220005254507001,0.41100026272535006,short-term,0.41100026272535006
4314,4356,0.0,0.8018454063042586,0.4009227031521293,short-term,0.4009227031521293
4483,4526,0.0,0.6767494834679508,0.3383747417339754,short-term,0.3383747417339754
4399,4441,0.0,0.6716670981601857,0.33583354908009283,short-term,0.33583354908009283
4610,4653,0.0,0.6252272303698688,0.3126136151849344,short-term,0.3126136151849344
4526,4568,0.0,0.5571391477772042,0.2785695738886021,short-term,0.2785695738886021
