low,high,recent_strength,all_strength,avg_strength,zone_type,strength
110243,111385,1.0,0.8812081254056128,0.9406040627028064,persistent,0.9406040627028064
111385,112527,0.49934611134872503,0.9159167780886793,0.7076314447187022,short-term,0.7076314447187022
112527,113670,0.10166966186950127,1.0,0.5508348309347506,short-term,0.5508348309347506
114812,115954,0.0,0.7802882977248542,0.3901441488624271,short-term,0.3901441488624271
