low,high,recent_strength,all_strength,avg_strength,zone_type,strength
3852,3894,1.0,0.35905908546077325,0.6795295427303867,short-term,0.6795295427303867
4278,4320,0.0,1.0,0.5,short-term,0.5
4448,4491,0.0,0.9047736673467794,0.4523868336733897,short-term,0.4523868336733897
3767,3809,0.5868117650016346,0.2710216686247284,0.42891671681318144,short-term,0.42891671681318144
4320,4363,0.0,0.7869688657657754,0.3934844328828877,short-term,0.3934844328828877
4576,4618,0.0,0.709836767335821,0.3549183836679105,short-term,0.3549183836679105
4491,4533,0.0,0.6840574733009951,0.34202873665049754,short-term,0.34202873665049754
4405,4448,0.0,0.6741259159113228,0.3370629579556614,short-term,0.3370629579556614
4363,4405,0.0,0.6113770681161187,0.30568853405805935,short-term,0.30568853405805935
