low,high,recent_strength,all_strength,avg_strength,zone_type,strength
3850,3893,1.0,0.4755770198703372,0.7377885099351686,short-term,0.7377885099351686
3808,3850,0.9172747945512877,0.5581525275094072,0.7377136610303474,short-term,0.7377136610303474
4275,4317,0.0,1.0,0.5,short-term,0.5
4444,4487,0.0,0.8608249371120339,0.43041246855601695,short-term,0.43041246855601695
4317,4359,0.0,0.8158409394149941,0.40792046970749707,short-term,0.40792046970749707
4487,4529,0.0,0.7364326581004444,0.3682163290502222,short-term,0.3682163290502222
4402,4444,0.0,0.7162063749224654,0.3581031874612327,short-term,0.3581031874612327
4572,4614,0.0,0.6994882524137769,0.34974412620688844,short-term,0.34974412620688844
4359,4402,0.0,0.5799833850572244,0.2899916925286122,short-term,0.2899916925286122
