low,high,recent_strength,all_strength,avg_strength,zone_type,strength
3975,4017,1.0,0.5142032986239055,0.7571016493119527,short-term,0.7571016493119527
4102,4144,0.7966415310767535,0.5244761795355118,0.6605588553061327,short-term,0.6605588553061327
4271,4313,0.0,1.0,0.5,short-term,0.5
4440,4482,0.0,0.8020654945837916,0.4010327472918958,short-term,0.4010327472918958
4313,4356,0.0,0.7970365047429441,0.39851825237147204,short-term,0.39851825237147204
4482,4525,0.0,0.6854627762553182,0.3427313881276591,short-term,0.3427313881276591
4398,4440,0.0,0.6818155020333508,0.3409077510166754,short-term,0.3409077510166754
4609,4651,0.0,0.634735725676728,0.317367862838364,short-term,0.317367862838364
4567,4609,0.0,0.5680648705335853,0.28403243526679267,short-term,0.28403243526679267
