low,high,recent_strength,all_strength,avg_strength,zone_type,strength
112552,113698,1.0,0.9143878803799921,0.957193940189996,persistent,0.957193940189996
110260,111406,0.8975424884631872,1.0,0.9487712442315936,persistent,0.9487712442315936
111406,112552,0.6256322900353023,0.7913385815625417,0.708485435798922,short-term,0.708485435798922
107969,109114,0.32659962593672687,0.6751953416854478,0.5008974838110873,short-term,0.5008974838110873
