low,high,recent_strength,all_strength,avg_strength,zone_type,strength
3933,3976,1.0,0.5322701630382591,0.7661350815191296,short-term,0.7661350815191296
4272,4314,0.0,1.0,0.5,short-term,0.5
4441,4484,0.0,0.8160846296114436,0.4080423148057218,short-term,0.4080423148057218
4314,4357,0.0,0.8018454063042699,0.40092270315213496,short-term,0.40092270315213496
3849,3891,0.24066138567556344,0.5570136681736715,0.3988375269246175,short-term,0.3988375269246175
4484,4526,0.0,0.6838712759147391,0.34193563795736953,short-term,0.34193563795736953
4399,4441,0.0,0.6775829939994639,0.33879149699973193,short-term,0.33879149699973193
3891,3933,0.3631577211848729,0.2808898295305924,0.32202377535773263,short-term,0.32202377535773263
4611,4653,0.0,0.6252272303698784,0.3126136151849392,short-term,0.3126136151849392
