low,high,recent_strength,all_strength,avg_strength,zone_type,strength
110232,111372,0.9280181591820029,1.0,0.9640090795910015,short-term,0.9640090795910015
109092,110232,1.0,0.49680501171136465,0.7484025058556824,short-term,0.7484025058556824
112512,113652,0.0,0.7335179756912306,0.3667589878456153,short-term,0.3667589878456153
107952,109092,0.08063945541408764,0.6020038372992137,0.3413216463566507,short-term,0.3413216463566507
111372,112512,0.0,0.6318737181526147,0.31593685907630736,short-term,0.31593685907630736
