low,high,recent_strength,all_strength,avg_strength,zone_type,strength
232,234,1.0,0.8606107784809428,0.9303053892404713,persistent,0.9303053892404713
227,229,0.6885125157645583,0.6955872407424494,0.6920498782535038,persistent,0.6920498782535038
219,222,0.29130686415736495,1.0,0.6456534320786824,short-term,0.6456534320786824
224,227,0.3621685479931601,0.5826198861895322,0.47239421709134616,short-term,0.47239421709134616
222,224,0.39025176248032023,0.49832717312947833,0.4442894678048993,short-term,0.4442894678048993
217,219,0.5363387469990633,0.3501010800268812,0.4432199135129722,short-term,0.4432199135129722
229,232,0.23556394780676237,0.40050964412383233,0.3180367959652973,short-term,0.3180367959652973
241,244,0.0,0.4495020656401008,0.2247510328200504,short-term,0.2247510328200504
251,254,0.0,0.3909664595505366,0.1954832297752683,short-term,0.1954832297752683
