low,high,recent_strength,all_strength,avg_strength,zone_type,strength
227,229,1.0,0.6411852436988816,0.8205926218494408,persistent,0.8205926218494408
232,234,0.29246114510563376,0.7310384995428678,0.5117498223242508,short-term,0.5117498223242508
220,222,0.0,1.0,0.5,short-term,0.5
229,232,0.40292061877684626,0.4604495972432579,0.4316851080100521,short-term,0.4316851080100521
234,237,0.45343554731094377,0.36011450121690264,0.4067750242639232,short-term,0.4067750242639232
222,224,0.19216175093486645,0.6098427160800017,0.4010022335074341,short-term,0.4010022335074341
224,227,0.13828310643384065,0.49649116690538986,0.31738713666961527,short-term,0.31738713666961527
237,239,0.06514907018005525,0.3913764081658565,0.22826273917295586,short-term,0.22826273917295586
239,242,0.0,0.39260455930655247,0.19630227965327623,short-term,0.19630227965327623
