low,high,recent_strength,all_strength,avg_strength,zone_type,strength
227,229,1.0,0.6249619240635934,0.8124809620317968,persistent,0.8124809620317968
219,222,0.15291444175411767,1.0,0.5764572208770589,short-term,0.5764572208770589
232,234,0.11667339915918028,0.7283796902402592,0.42252654469971973,short-term,0.42252654469971973
229,232,0.3624978114617064,0.38243900199209097,0.3724684067268987,persistent,0.3724684067268987
222,224,0.21505944311337108,0.4610713292306294,0.3380653861720002,short-term,0.3380653861720002
224,227,0.0308679613569163,0.5748644064135039,0.3028661838852101,short-term,0.3028661838852101
215,217,0.3031383328517289,0.2622168693290602,0.2826776010903945,short-term,0.2826776010903945
242,244,0.0,0.46245293038124546,0.23122646519062273,short-term,0.23122646519062273
251,254,0.0,0.40172228277591066,0.20086114138795533,short-term,0.20086114138795533
