low,high,recent_strength,all_strength,avg_strength,zone_type,strength
3851,3892,1.0,1.0,1.0,persistent,1.0
3810,3851,0.5321178244325793,0.7678787552296528,0.6499982898311161,persistent,0.6499982898311161
3933,3974,0.07467789629231772,0.8134858149952139,0.4440818556437658,short-term,0.4440818556437658
3892,3933,0.1582542272698769,0.4982450636126073,0.3282496454412421,short-term,0.3282496454412421
3974,4016,0.0,0.6379875409721442,0.3189937704860721,short-term,0.3189937704860721
4098,4139,0.0,0.5895181702685067,0.29475908513425336,short-term,0.29475908513425336
