low,high,recent_strength,all_strength,avg_strength,zone_type,strength
114812,115954,1.0,0.8350204504568881,0.917510225228444,persistent,0.917510225228444
112527,113670,0.4015282487306557,1.0,0.7007641243653279,short-term,0.7007641243653279
111385,112527,0.08740895226144561,0.8594311312845132,0.4734200417729794,short-term,0.4734200417729794
110243,111385,0.0,0.8176621168408932,0.4088310584204466,short-term,0.4088310584204466
