low,high,recent_strength,all_strength,avg_strength,zone_type,strength
3851,3894,1.0,0.35319931904027446,0.6765996595201372,short-term,0.6765996595201372
4022,4064,0.9114434838223137,0.271003127546958,0.5912233056846359,short-term,0.5912233056846359
4277,4320,0.0,1.0,0.5,short-term,0.5
4447,4490,0.0,0.8978628855030029,0.44893144275150143,short-term,0.44893144275150143
4320,4362,0.0,0.7965595358285943,0.39827976791429714,short-term,0.39827976791429714
4575,4618,0.0,0.7149448386234971,0.35747241931174856,short-term,0.35747241931174856
4490,4533,0.0,0.6946092819680277,0.34730464098401387,short-term,0.34730464098401387
4405,4447,0.0,0.6740375413054435,0.33701877065272173,short-term,0.33701877065272173
4362,4405,0.0,0.6040288133820848,0.3020144066910424,short-term,0.3020144066910424
