low,high,recent_strength,all_strength,avg_strength,zone_type,strength
3852,3894,1.0,0.34558775693888494,0.6727938784694425,short-term,0.6727938784694425
3724,3767,0.7266826770572524,0.28749674601870817,0.5070897115379803,short-term,0.5070897115379803
4278,4320,0.0,1.0,0.5,short-term,0.5
4448,4491,0.0,0.8708279915393005,0.43541399576965023,short-term,0.43541399576965023
4320,4363,0.0,0.7017714665073981,0.35088573325369904,short-term,0.35088573325369904
4576,4619,0.0,0.6776246716201058,0.3388123358100529,short-term,0.3388123358100529
4491,4533,0.0,0.662980188973708,0.331490094486854,short-term,0.331490094486854
4406,4448,0.0,0.6488337786389602,0.3244168893194801,short-term,0.3244168893194801
4363,4406,0.0,0.5884391682861445,0.29421958414307225,short-term,0.29421958414307225
