low,high,recent_strength,all_strength,avg_strength,zone_type,strength
3933,3976,1.0,0.5322701630382579,0.766135081519129,short-term,0.766135081519129
4272,4314,0.0,1.0,0.5,short-term,0.5
4441,4484,0.0,0.8160846296114386,0.4080423148057193,short-term,0.4080423148057193
4314,4357,0.0,0.801845406304268,0.400922703152134,short-term,0.400922703152134
3849,3891,0.19559224815133855,0.5570136681736696,0.3763029581625041,short-term,0.3763029581625041
4484,4526,0.0,0.6838712759147308,0.3419356379573654,short-term,0.3419356379573654
4399,4441,0.0,0.6775829939994604,0.3387914969997302,short-term,0.3387914969997302
3891,3933,0.3631577211848731,0.28088982953059066,0.32202377535773186,short-term,0.32202377535773186
4611,4653,0.0,0.6252272303698739,0.31261361518493697,short-term,0.31261361518493697
