low,high,avg_strength,zone_type,strength
110225.91218500689,111364.82462200827,1.0,persistent,1.0
107948.08731100413,109086.9997480055,0.3815688623611401,short-term,0.3815688623611401
112503.73705900964,113642.64949601101,0.36249539896231797,short-term,0.36249539896231797
111364.82462200827,112503.73705900964,0.32198752837190087,short-term,0.32198752837190087
