low,high,recent_strength,all_strength,avg_strength,zone_type,strength
112553,113699,1.0,0.9136258322425703,0.9568129161212852,persistent,0.9568129161212852
110261,111407,0.9035765098794574,1.0,0.9517882549397287,persistent,0.9517882549397287
111407,112553,0.6256322900353027,0.7906790823444402,0.7081556861898715,short-term,0.7081556861898715
107969,109115,0.0,0.6295238871530852,0.3147619435765426,short-term,0.3147619435765426
