low,high,recent_strength,all_strength,avg_strength,zone_type,strength
4021,4063,1.0,0.32555303035737504,0.6627765151786875,short-term,0.6627765151786875
3978,4021,0.8621309310331164,0.40852859100997174,0.635329761021544,short-term,0.635329761021544
4276,4318,0.0,1.0,0.5,short-term,0.5
4446,4489,0.0,0.8828570972875355,0.44142854864376774,short-term,0.44142854864376774
4318,4361,0.0,0.8137059274385657,0.40685296371928287,short-term,0.40685296371928287
4574,4616,0.0,0.7382965477247391,0.36914827386236954,short-term,0.36914827386236954
4489,4531,0.0,0.7084939151736455,0.35424695758682273,short-term,0.35424695758682273
4404,4446,0.0,0.6985940472615891,0.34929702363079457,short-term,0.34929702363079457
4361,4404,0.0,0.5942417509083203,0.29712087545416016,short-term,0.29712087545416016
