low,high,recent_strength,all_strength,avg_strength,zone_type,strength
3934,3976,1.0,0.5238775176007701,0.761938758800385,short-term,0.761938758800385
3849,3891,0.5571820945860867,0.5538720520575221,0.5555270733218044,short-term,0.5555270733218044
4272,4315,0.0,1.0,0.5,short-term,0.5
4442,4484,0.0,0.8089114252360331,0.40445571261801655,short-term,0.40445571261801655
4315,4357,0.0,0.7916828072682113,0.39584140363410564,short-term,0.39584140363410564
4484,4526,0.0,0.6879571423812494,0.3439785711906247,short-term,0.3439785711906247
4399,4442,0.0,0.678302460181842,0.339151230090921,short-term,0.339151230090921
4611,4653,0.0,0.6217008825342458,0.3108504412671229,short-term,0.3108504412671229
