low,high,recent_strength,all_strength,avg_strength,zone_type,strength
229,231,1.0,0.6880440214950356,0.8440220107475178,persistent,0.8440220107475178
219,222,0.1841825932401194,1.0,0.5920912966200597,short-term,0.5920912966200597
224,227,0.49668198467739033,0.5845760180347088,0.5406290013560495,short-term,0.5406290013560495
222,224,0.5160821395248834,0.5395153596223309,0.5277987495736072,persistent,0.5277987495736072
227,229,0.23773824500033283,0.6821127576915514,0.4599255013459421,short-term,0.4599255013459421
231,234,0.0,0.7651118718591188,0.3825559359295594,short-term,0.3825559359295594
251,253,0.0,0.4299870567069909,0.21499352835349544,short-term,0.21499352835349544
234,236,0.0,0.4266074100547848,0.2133037050273924,short-term,0.2133037050273924
