low,high,recent_strength,all_strength,avg_strength,zone_type,strength
106822,107968,1.0,0.14529038180163437,0.5726451909008172,short-term,0.5726451909008172
112549,113695,0.0,1.0,0.5,short-term,0.5
111404,112549,0.0,0.8502095439002484,0.4251047719501242,short-term,0.4251047719501242
114840,115986,0.0,0.8215188366540076,0.4107594183270038,short-term,0.4107594183270038
113695,114840,0.0,0.7905732755979819,0.3952866377989909,short-term,0.3952866377989909
