low,high,recent_strength,all_strength,avg_strength,zone_type,strength
3851,3892,1.0,1.0,1.0,persistent,1.0
3810,3851,0.6237237072845802,0.8041119559860288,0.7139178316353045,persistent,0.7139178316353045
3933,3975,0.18031377656215936,0.8362930440694291,0.5083034103157942,short-term,0.5083034103157942
3892,3933,0.27724374572199917,0.512214070928336,0.3947289083251676,short-term,0.3947289083251676
3975,4016,0.0,0.655874426920529,0.3279372134602645,short-term,0.3279372134602645
4098,4139,0.0,0.606046148636274,0.303023074318137,short-term,0.303023074318137
