low,high,recent_strength,all_strength,avg_strength,zone_type,strength
110255,111400,1.0,0.7786067080767617,0.8893033540383808,short-term,0.8893033540383808
112545,113690,0.0,1.0,0.5,short-term,0.5
111400,112545,0.0,0.849400954261322,0.424700477130661,short-term,0.424700477130661
114835,115980,0.0,0.8309547700511262,0.4154773850255631,short-term,0.4154773850255631
113690,114835,0.0,0.7991206494419335,0.39956032472096675,short-term,0.39956032472096675
