low,high,recent_strength,all_strength,avg_strength,zone_type,strength
110272,111420,1.0,0.6471376315209593,0.8235688157604797,short-term,0.8235688157604797
112568,113716,0.6245817109815252,1.0,0.8122908554907626,short-term,0.8122908554907626
111420,112568,0.7066882268299036,0.778488233249761,0.7425882300398323,short-term,0.7425882300398323
104531,105679,0.7323496908564271,0.0856530313827809,0.409001361119604,short-term,0.409001361119604
114864,116012,0.028645930777808266,0.7712726195426477,0.399959275160228,short-term,0.399959275160228
113716,114864,0.036429611421712645,0.6692472877409559,0.35283844958133426,short-term,0.35283844958133426
