low,high,recent_strength,all_strength,avg_strength,zone_type,strength
3852,3895,1.0,0.29171857614974833,0.6458592880748741,short-term,0.6458592880748741
3767,3810,0.835218743432575,0.252186021266447,0.543702382349511,short-term,0.543702382349511
4279,4322,0.0,1.0,0.5,short-term,0.5
4449,4492,0.0,0.8523144521137359,0.42615722605686795,short-term,0.42615722605686795
4577,4620,0.0,0.6946478107994474,0.3473239053997237,short-term,0.3473239053997237
4322,4364,0.0,0.6853513829151294,0.3426756914575647,short-term,0.3426756914575647
4492,4535,0.0,0.6690712267215541,0.33453561336077703,short-term,0.33453561336077703
4407,4449,0.0,0.6476854449473141,0.32384272247365703,short-term,0.32384272247365703
4364,4407,0.0,0.5968851071647692,0.2984425535823846,short-term,0.2984425535823846
