low,high,recent_strength,all_strength,avg_strength,zone_type,strength
4145,4187,1.0,0.5104813620131157,0.7552406810065578,short-term,0.7552406810065578
4272,4314,0.0,1.0,0.5,short-term,0.5
4060,4102,0.6529831564868634,0.2971119171095866,0.47504753679822503,short-term,0.47504753679822503
4441,4483,0.0,0.8088424540910114,0.4044212270455057,short-term,0.4044212270455057
4314,4356,0.0,0.801845406304265,0.4009227031521325,short-term,0.4009227031521325
4483,4525,0.0,0.6885769242483538,0.3442884621241769,short-term,0.3442884621241769
4399,4441,0.0,0.6716670981601891,0.33583354908009455,short-term,0.33583354908009455
4610,4652,0.0,0.625227230369882,0.312613615184941,short-term,0.312613615184941
4525,4568,0.0,0.5584697783565017,0.27923488917825084,short-term,0.27923488917825084
