low,high,recent_strength,all_strength,avg_strength,zone_type,strength
4144,4187,1.0,0.5117326195324308,0.7558663097662154,short-term,0.7558663097662154
4102,4144,0.8723282395257039,0.5340311656165501,0.703179702571127,short-term,0.703179702571127
4271,4314,0.0,1.0,0.5,short-term,0.5
4440,4483,0.0,0.8016811122886156,0.4008405561443078,short-term,0.4008405561443078
4314,4356,0.0,0.7993519406463527,0.39967597032317637,short-term,0.39967597032317637
4483,4525,0.0,0.6862387519017583,0.34311937595087916,short-term,0.34311937595087916
4398,4440,0.0,0.6757709111318386,0.3378854555659193,short-term,0.3378854555659193
4610,4652,0.0,0.6312758417133612,0.3156379208566806,short-term,0.3156379208566806
4567,4610,0.0,0.5750189579224685,0.28750947896123424,short-term,0.28750947896123424
