low,high,recent_strength,all_strength,avg_strength,zone_type,strength
3849,3892,1.0,0.5572388647477982,0.7786194323738991,persistent,0.7786194323738991
3807,3849,0.7655597721365982,0.5359714092171209,0.6507655906768596,short-term,0.6507655906768596
4273,4316,0.0,1.0,0.5,short-term,0.5
4443,4485,0.0,0.7971781566661651,0.39858907833308255,short-term,0.39858907833308255
4316,4358,0.0,0.7698490798988136,0.3849245399494068,short-term,0.3849245399494068
4400,4443,0.0,0.6777665390698879,0.33888326953494396,short-term,0.33888326953494396
4485,4528,0.0,0.66670833310405,0.333354166552025,short-term,0.333354166552025
4612,4655,0.0,0.6186230632024767,0.30931153160123837,short-term,0.30931153160123837
