low,high,recent_strength,all_strength,avg_strength,zone_type,strength
110235,111376,0.5551192463390084,1.0,0.7775596231695042,short-term,0.7775596231695042
109094,110235,1.0,0.48853002055802724,0.7442650102790136,short-term,0.7442650102790136
107953,109094,0.14094784141390912,0.6154554446675347,0.3782016430407219,short-term,0.3782016430407219
112516,113657,0.0,0.7499082296983639,0.37495411484918195,short-term,0.37495411484918195
111376,112516,0.0,0.6400813822182227,0.3200406911091114,short-term,0.3200406911091114
