low,high,recent_strength,all_strength,avg_strength,zone_type,strength
3850,3892,1.0,0.5118270291561423,0.7559135145780711,short-term,0.7559135145780711
3808,3850,0.5588105129630349,0.549446230848125,0.55412837190558,short-term,0.55412837190558
4274,4317,0.0,1.0,0.5,short-term,0.5
4444,4486,0.0,0.8383066327133674,0.4191533163566837,short-term,0.4191533163566837
4317,4359,0.0,0.7916143408530498,0.3958071704265249,short-term,0.3958071704265249
4486,4529,0.0,0.7266883730833265,0.3633441865416632,short-term,0.3633441865416632
4402,4444,0.0,0.7032237171609422,0.3516118585804711,short-term,0.3516118585804711
4571,4614,0.0,0.6011324201721773,0.30056621008608864,short-term,0.30056621008608864
4359,4402,0.0,0.5789079057064896,0.2894539528532448,short-term,0.2894539528532448
