low,high,recent_strength,all_strength,avg_strength,zone_type,strength
110243,111385,1.0,0.8541737851546851,0.9270868925773426,persistent,0.9270868925773426
112527,113669,0.8196262472604804,1.0,0.9098131236302403,persistent,0.9098131236302403
111385,112527,0.809079742471551,0.8897042362468389,0.849391989359195,short-term,0.849391989359195
114812,115954,0.0456493626204845,0.7585026085962249,0.40207598560835467,short-term,0.40207598560835467
