low,high,recent_strength,all_strength,avg_strength,zone_type,strength
110246,111388,0.8756729128058824,0.8529469856185774,0.8643099492122299,short-term,0.8643099492122299
107960,109103,1.0,0.5362676668972959,0.7681338334486479,short-term,0.7681338334486479
112531,113674,0.0,1.0,0.5,short-term,0.5
111388,112531,0.030383969958991706,0.8857873637539383,0.458085666856465,short-term,0.458085666856465
114817,115960,0.0,0.7909100316452247,0.39545501582261233,short-term,0.39545501582261233
