low,high,recent_strength,all_strength,avg_strength,zone_type,strength
227,229,1.0,0.638367689548735,0.8191838447743676,persistent,0.8191838447743676
232,234,0.2924611451056339,0.7204597293403047,0.5064604372229693,short-term,0.5064604372229693
220,222,0.0,1.0,0.5,short-term,0.5
234,237,0.5012732051180754,0.3549033275819071,0.42808826634999125,short-term,0.42808826634999125
229,232,0.40292061877684604,0.44732552610725074,0.4251230724420484,short-term,0.4251230724420484
222,224,0.1280520003592893,0.5684935496474944,0.3482727750033919,short-term,0.3482727750033919
224,227,0.14223997549957143,0.49042075852839784,0.31633036701398465,short-term,0.31633036701398465
237,239,0.06514907018005466,0.3857128472353719,0.2254309587077133,short-term,0.2254309587077133
239,242,0.0,0.3869232259486239,0.19346161297431194,short-term,0.19346161297431194
