low,high,recent_strength,all_strength,avg_strength,zone_type,strength
232,234,0.8531240497610957,0.8802378705772445,0.8666809601691701,persistent,0.8666809601691701
227,229,1.0,0.6172492217096676,0.8086246108548338,persistent,0.8086246108548338
219,222,0.20821024166950275,1.0,0.6041051208347514,short-term,0.6041051208347514
229,232,0.43629249767896533,0.3995974635572198,0.4179449806180926,persistent,0.4179449806180926
222,224,0.2351925526490163,0.45694679709222846,0.3460696748706224,short-term,0.3460696748706224
224,227,0.03375771145644232,0.5697219337218415,0.30173982258914195,short-term,0.30173982258914195
242,244,0.0,0.458316039074129,0.2291580195370645,short-term,0.2291580195370645
251,254,0.0,0.39812865992197055,0.19906432996098528,short-term,0.19906432996098528
