low,high,recent_strength,all_strength,avg_strength,zone_type,strength
107963,109107,1.0,0.5230941041997931,0.7615470520998966,short-term,0.7615470520998966
110251,111395,0.6636877993361862,0.7561889989021268,0.7099383991191565,short-term,0.7099383991191565
111395,112539,0.4288287247987679,0.8843172601406902,0.656572992469729,short-term,0.656572992469729
112539,113683,0.2566455303675482,1.0,0.6283227651837742,short-term,0.6283227651837742
114827,115971,0.0,0.7918055686187095,0.39590278430935477,short-term,0.39590278430935477
113683,114827,0.0,0.7651554491108593,0.38257772455542965,short-term,0.38257772455542965
