low,high,recent_strength,all_strength,avg_strength,zone_type,strength
3767,3810,0.9606532727725984,0.2532628245442444,0.6069580486584214,short-term,0.6069580486584214
3895,3938,1.0,0.16174350018394779,0.5808717500919739,short-term,0.5808717500919739
4279,4322,0.0,1.0,0.5,short-term,0.5
4450,4492,0.0,0.8559537299418238,0.4279768649709119,short-term,0.4279768649709119
4578,4620,0.0,0.7005384059770184,0.3502692029885092,short-term,0.3502692029885092
4322,4364,0.0,0.6882777489835583,0.34413887449177916,short-term,0.34413887449177916
4492,4535,0.0,0.6767310929433518,0.3383655464716759,short-term,0.3383655464716759
4407,4450,0.0,0.6504509820956434,0.3252254910478217,short-term,0.3252254910478217
4364,4407,0.0,0.5994337331220527,0.29971686656102636,short-term,0.29971686656102636
