low,high,recent_strength,all_strength,avg_strength,zone_type,strength
3851,3892,1.0,1.0,1.0,persistent,1.0
3810,3851,0.36432137519452135,0.6731626004942574,0.5187419878443893,short-term,0.5187419878443893
3933,3974,0.0,0.7224673079858053,0.36123365399290264,short-term,0.36123365399290264
3892,3933,0.1427129514368351,0.4727025465461865,0.30770774899151077,short-term,0.30770774899151077
3974,4015,0.0,0.5870989463731286,0.2935494731865643,short-term,0.2935494731865643
4097,4138,0.0,0.5518341169171901,0.27591705845859504,short-term,0.27591705845859504
