low,high,recent_strength,all_strength,avg_strength,zone_type,strength
114813,115955,1.0,0.8506082382642655,0.9253041191321327,persistent,0.9253041191321327
112528,113670,0.42190761142126143,1.0,0.7109538057106307,short-term,0.7109538057106307
113670,114813,0.6065224903200026,0.7838362566193021,0.6951793734696523,short-term,0.6951793734696523
111386,112528,0.23729548249722865,0.885570810559434,0.5614331465283313,short-term,0.5614331465283313
110243,111386,0.06897833215668264,0.8560849054720783,0.46253161881438043,short-term,0.46253161881438043
