low,high,avg_strength,zone_type,strength
110225.50168269231,111364.33201923077,1.0,persistent,1.0
112503.16235576924,113641.9926923077,0.36249539896231653,short-term,0.36249539896231653
107947.8410096154,109086.67134615385,0.35302871051093115,short-term,0.35302871051093115
111364.33201923077,112503.16235576924,0.32198752837190164,short-term,0.32198752837190164
