low,high,recent_strength,all_strength,avg_strength,zone_type,strength
3975,4017,1.0,0.5103106528606567,0.7551553264303283,short-term,0.7551553264303283
4102,4144,0.8336417761827046,0.5244761795355075,0.6790589778591061,short-term,0.6790589778591061
4271,4313,0.0,1.0,0.5,short-term,0.5
4440,4482,0.0,0.8098238242763751,0.40491191213818756,short-term,0.40491191213818756
4313,4355,0.0,0.797036504742942,0.398518252371471,short-term,0.398518252371471
4482,4525,0.0,0.6854627762553159,0.34273138812765797,short-term,0.34273138812765797
4398,4440,0.0,0.6740571723407721,0.33702858617038606,short-term,0.33702858617038606
4609,4651,0.0,0.6347357256767298,0.3173678628383649,short-term,0.3173678628383649
4567,4609,0.0,0.5680648705335887,0.28403243526679434,short-term,0.28403243526679434
