low,high,recent_strength,all_strength,avg_strength,zone_type,strength
227,229,1.0,0.6522323338036504,0.8261161669018252,persistent,0.8261161669018252
232,234,0.7493576073080662,0.8922341037192327,0.8207958555136494,persistent,0.8207958555136494
219,222,0.18288539463655362,1.0,0.5914426973182768,short-term,0.5914426973182768
229,232,0.2901298741082088,0.39794281394236286,0.3440363440252858,short-term,0.3440363440252858
224,227,0.0888597078648259,0.5844360032648399,0.3366478555648329,short-term,0.3366478555648329
214,217,0.3510777619429434,0.2747531379935354,0.3129154499682394,short-term,0.3129154499682394
222,224,0.16699450778151664,0.4471077648795734,0.30705113633054504,short-term,0.30705113633054504
242,244,0.0,0.4583160390741271,0.22915801953706355,short-term,0.22915801953706355
251,254,0.0,0.3981286599219698,0.1990643299609849,short-term,0.1990643299609849
