low,high,recent_strength,all_strength,avg_strength,zone_type,strength
3852,3894,1.0,0.35872493145350687,0.6793624657267534,short-term,0.6793624657267534
3724,3767,0.7266826770572528,0.29842564858831366,0.5125541628227832,short-term,0.5125541628227832
4278,4320,0.0,1.0,0.5,short-term,0.5
4448,4491,0.0,0.9039316506457459,0.45196582532287294,short-term,0.45196582532287294
4320,4363,0.0,0.769279426135834,0.384639713067917,short-term,0.384639713067917
4576,4618,0.0,0.70338389887208,0.35169194943604,short-term,0.35169194943604
4491,4533,0.0,0.6881827207978403,0.34409136039892013,short-term,0.34409136039892013
4405,4448,0.0,0.6734985487583208,0.3367492743791604,short-term,0.3367492743791604
4363,4405,0.0,0.610808097421507,0.3054040487107535,short-term,0.3054040487107535
