low,high,recent_strength,all_strength,avg_strength,zone_type,strength
110258,111404,1.0,1.0,1.0,persistent,1.0
112549,113695,0.8500570510741552,0.8833530339248572,0.8667050424995062,persistent,0.8667050424995062
111404,112549,0.4921605429042735,0.7723716484249546,0.6322660956646141,short-term,0.6322660956646141
107968,109113,0.2776283149056959,0.6458292238523415,0.46172876937901874,short-term,0.46172876937901874
