low,high,recent_strength,all_strength,avg_strength,zone_type,strength
107962,109105,1.0,0.53840449421347,0.769202247106735,short-term,0.769202247106735
111392,112535,0.36900877228663714,0.8861951018959137,0.6276019370912754,short-term,0.6276019370912754
112535,113679,0.22084446912511,1.0,0.610422234562555,short-term,0.610422234562555
114822,115965,0.0,0.7903949053481056,0.3951974526740528,short-term,0.3951974526740528
113679,114822,0.0,0.7648510322485529,0.38242551612427644,short-term,0.38242551612427644
106818,107962,0.47188790010624265,0.22865656496829234,0.35027223253726747,short-term,0.35027223253726747
