low,high,recent_strength,all_strength,avg_strength,zone_type,strength
110154,111332,1.0,0.8227585507788762,0.9113792753894381,persistent,0.9113792753894381
112509,113687,0.5373414587285045,1.0,0.7686707293642523,short-term,0.7686707293642523
111332,112509,0.5998006305301842,0.8439490110139606,0.7218748207720724,short-term,0.7218748207720724
121930,123107,0.0,0.7826025303624085,0.3913012651812042,short-term,0.3913012651812042
