low,high,recent_strength,all_strength,avg_strength,zone_type,strength
3933,3976,1.0,0.5322701630382541,0.766135081519127,short-term,0.766135081519127
4060,4103,0.9302904647887367,0.2777645733979793,0.604027519093358,short-term,0.604027519093358
4272,4314,0.0,1.0,0.5,short-term,0.5
3849,3891,0.27961913706108343,0.557013668173667,0.41831640261737524,short-term,0.41831640261737524
4441,4483,0.0,0.8220005254506918,0.4110002627253459,short-term,0.4110002627253459
4314,4357,0.0,0.8018454063042639,0.40092270315213197,short-term,0.40092270315213197
4483,4526,0.0,0.6785221338053516,0.3392610669026758,short-term,0.3392610669026758
4399,4441,0.0,0.6716670981601868,0.3358335490800934,short-term,0.3358335490800934
4610,4653,0.0,0.6252272303698698,0.3126136151849349,short-term,0.3126136151849349
