low,high,recent_strength,all_strength,avg_strength,zone_type,strength
3849,3892,1.0,0.5472398899029752,0.7736199449514876,persistent,0.7736199449514876
3807,3849,0.7774170135003552,0.5359714092171209,0.6566942113587381,short-term,0.6566942113587381
4273,4316,0.0,1.0,0.5,short-term,0.5
4443,4485,0.0,0.8014077145823232,0.4007038572911616,short-term,0.4007038572911616
4316,4358,0.0,0.7698490798988101,0.38492453994940506,short-term,0.38492453994940506
4401,4443,0.0,0.6777665390698921,0.3388832695349461,short-term,0.3388832695349461
4485,4528,0.0,0.6624787751879132,0.3312393875939566,short-term,0.3312393875939566
4612,4655,0.0,0.6186230632024831,0.30931153160124153,short-term,0.30931153160124153
