low,high,recent_strength,all_strength,avg_strength,zone_type,strength
3850,3892,1.0,0.5358641122440729,0.7679320561220364,short-term,0.7679320561220364
3807,3850,0.7439277276063658,0.5333110451996662,0.6386193864030161,short-term,0.6386193864030161
4274,4316,0.0,1.0,0.5,short-term,0.5
4443,4486,0.0,0.7974298228319077,0.39871491141595383,short-term,0.39871491141595383
4316,4358,0.0,0.7610642030797918,0.3805321015398959,short-term,0.3805321015398959
4486,4528,0.0,0.6769800219487878,0.3384900109743939,short-term,0.3384900109743939
4401,4443,0.0,0.6744023564255051,0.33720117821275253,short-term,0.33720117821275253
4613,4655,0.0,0.5527466106746862,0.2763733053373431,short-term,0.2763733053373431
4570,4613,0.0,0.5465274691366132,0.2732637345683066,short-term,0.2732637345683066
