low,high,recent_strength,all_strength,avg_strength,zone_type,strength
3840,3881,1.0,1.0,1.0,persistent,1.0
3881,3921,0.5641303805598793,0.5561056004558736,0.5601179905078765,short-term,0.5601179905078765
3799,3840,0.38853508689687466,0.6039318850229809,0.4962334859599278,short-term,0.4962334859599278
3921,3962,0.0,0.6670659687654024,0.3335329843827012,short-term,0.3335329843827012
3962,4003,0.0,0.5694657609655969,0.28473288048279843,short-term,0.28473288048279843
4085,4126,0.0,0.5404457997918932,0.2702228998959466,short-term,0.2702228998959466
