low,high,recent_strength,all_strength,avg_strength,zone_type,strength
110243,111385,1.0,0.8645790520585054,0.9322895260292527,persistent,0.9322895260292527
111385,112527,0.5670915742263339,0.9005423235359891,0.7338169488811614,short-term,0.7338169488811614
112527,113669,0.3678262291639238,1.0,0.6839131145819619,short-term,0.6839131145819619
114812,115954,0.0,0.7655636589469437,0.38278182947347184,short-term,0.38278182947347184
