low,high,recent_strength,all_strength,avg_strength,zone_type,strength
3851,3892,1.0,1.0,1.0,persistent,1.0
3810,3851,0.2349642205161894,0.6468198435576674,0.4408920320369284,short-term,0.4408920320369284
3933,3974,0.0,0.6984803277105223,0.34924016385526113,short-term,0.34924016385526113
3892,3933,0.12773785710580193,0.45928731094387515,0.29351258402483854,short-term,0.29351258402483854
3974,4015,0.0,0.5622891595106069,0.28114457975530344,short-term,0.28114457975530344
4097,4138,0.0,0.5442594403080059,0.27212972015400294,short-term,0.27212972015400294
