low,high,recent_strength,all_strength,avg_strength,zone_type,strength
227,229,1.0,0.6653647293899464,0.8326823646949733,persistent,0.8326823646949733
232,234,0.741279244613357,0.8922341037192305,0.8167566741662937,persistent,0.8167566741662937
219,222,0.18091381987033966,1.0,0.5904569099351699,short-term,0.5904569099351699
224,227,0.08790176609966956,0.5811116762160392,0.3345067211578544,short-term,0.3345067211578544
229,232,0.2583030464496237,0.4024960974232349,0.3303995719364293,short-term,0.3303995719364293
214,217,0.34729300888597475,0.2747531379935354,0.3110230734397551,short-term,0.3110230734397551
222,224,0.16519424287631373,0.4471077648795746,0.30615100387794414,short-term,0.30615100387794414
242,244,0.0,0.4583160390741302,0.2291580195370651,short-term,0.2291580195370651
251,254,0.0,0.3981286599219676,0.1990643299609838,short-term,0.1990643299609838
