low,high,recent_strength,all_strength,avg_strength,zone_type,strength
3850,3892,1.0,0.5320784193544145,0.7660392096772073,short-term,0.7660392096772073
3807,3850,0.7550189617556574,0.5722626170128373,0.6636407893842473,persistent,0.6636407893842473
4274,4316,0.0,1.0,0.5,short-term,0.5
4444,4486,0.0,0.8305007025387244,0.4152503512693622,short-term,0.4152503512693622
4316,4359,0.0,0.7867278392183527,0.3933639196091763,short-term,0.3933639196091763
4486,4528,0.0,0.7157778432874919,0.35788892164374597,short-term,0.35788892164374597
4401,4444,0.0,0.7120765067824497,0.35603825339122486,short-term,0.35603825339122486
4571,4613,0.0,0.5839244134483863,0.29196220672419315,short-term,0.29196220672419315
