low,high,recent_strength,all_strength,avg_strength,zone_type,strength
3852,3894,1.0,0.34325819780078226,0.6716290989003911,short-term,0.6716290989003911
3724,3767,0.7266826770572524,0.28555877032826477,0.5061207236927586,short-term,0.5061207236927586
4278,4320,0.0,1.0,0.5,short-term,0.5
4448,4491,0.0,0.8649578608281513,0.43247893041407565,short-term,0.43247893041407565
4320,4363,0.0,0.6903000610794922,0.3451500305397461,short-term,0.3451500305397461
4576,4619,0.0,0.6730568976921226,0.3365284488460613,short-term,0.3365284488460613
4491,4533,0.0,0.6585111314721178,0.3292555657360589,short-term,0.3292555657360589
4406,4448,0.0,0.6444600801274002,0.3222300400637001,short-term,0.3222300400637001
4363,4406,0.0,0.5844725814665218,0.2922362907332609,short-term,0.2922362907332609
