low,high,recent_strength,all_strength,avg_strength,zone_type,strength
227,229,1.0,0.5498499178138315,0.7749249589069158,persistent,0.7749249589069158
232,234,0.4280761326372636,0.7397385367805395,0.5839073347089015,short-term,0.5839073347089015
234,237,0.7321847246192751,0.33613479513341255,0.5341597598763438,short-term,0.5341597598763438
220,222,0.0,1.0,0.5,short-term,0.5
229,232,0.529543303772202,0.436108521101942,0.482825912437072,short-term,0.482825912437072
224,227,0.16186569185351887,0.48161937611920685,0.3217425339863629,short-term,0.3217425339863629
237,239,0.149106050290991,0.38571284723537175,0.2674094487631814,short-term,0.2674094487631814
222,224,0.0,0.5324340657056322,0.2662170328528161,short-term,0.2662170328528161
239,242,0.08900180466345031,0.38692322594862316,0.23796251530603674,short-term,0.23796251530603674
