low,high,recent_strength,all_strength,avg_strength,zone_type,strength
3849,3891,1.0,0.5565095119384195,0.7782547559692097,persistent,0.7782547559692097
4273,4315,0.0,1.0,0.5,short-term,0.5
4442,4484,0.0,0.8067973302932415,0.40339866514662076,short-term,0.40339866514662076
4315,4357,0.0,0.7778395766759557,0.38891978833797786,short-term,0.38891978833797786
4484,4527,0.0,0.679995225667482,0.339997612833741,short-term,0.339997612833741
4400,4442,0.0,0.6720171493398879,0.33600857466994394,short-term,0.33600857466994394
4611,4654,0.0,0.6125442562487384,0.3062721281243692,short-term,0.3062721281243692
