low,high,recent_strength,all_strength,avg_strength,zone_type,strength
107960,109103,1.0,0.5350898070115048,0.7675449035057524,short-term,0.7675449035057524
110246,111389,0.6800874872604752,0.8485436734908817,0.7643155803756785,short-term,0.7643155803756785
112532,113675,0.0,1.0,0.5,short-term,0.5
111389,112532,0.024311535539238226,0.8838418177747389,0.4540766766569886,short-term,0.4540766766569886
114818,115961,0.0,0.7891728745181964,0.3945864372590982,short-term,0.3945864372590982
