low,high,recent_strength,all_strength,avg_strength,zone_type,strength
227,229,1.0,0.6599334197422625,0.8299667098711312,persistent,0.8299667098711312
232,234,0.2460772357690472,0.773253613908206,0.5096654248386266,persistent,0.5096654248386266
219,222,0.0,1.0,0.5,short-term,0.5
229,232,0.42486107303678167,0.4110959245993543,0.417978498818068,persistent,0.417978498818068
224,227,0.14044573354974874,0.5919028038479398,0.3661742686988443,short-term,0.3661742686988443
222,224,0.1934890137152352,0.49125610279655135,0.3423725582558933,short-term,0.3423725582558933
242,244,0.0,0.460286199634395,0.2301430998171975,short-term,0.2301430998171975
252,254,0.0,0.41880328184203813,0.20940164092101907,short-term,0.20940164092101907
