low,high,recent_strength,all_strength,avg_strength,zone_type,strength
3850,3892,1.0,0.5375397719263275,0.7687698859631638,short-term,0.7687698859631638
3807,3850,0.7626517975752545,0.5726015152235515,0.667626656399403,persistent,0.667626656399403
4274,4316,0.0,1.0,0.5,short-term,0.5
4444,4486,0.0,0.8357590546458519,0.41787952732292594,short-term,0.41787952732292594
4316,4359,0.0,0.786727839218352,0.393363919609176,short-term,0.393363919609176
4486,4528,0.0,0.7142628198614941,0.35713140993074705,short-term,0.35713140993074705
4401,4444,0.0,0.7068181546753145,0.35340907733765725,short-term,0.35340907733765725
4571,4613,0.0,0.5887367855431908,0.2943683927715954,short-term,0.2943683927715954
