low,high,recent_strength,all_strength,avg_strength,zone_type,strength
3975,4016,1.0,0.678755010308753,0.8393775051543765,persistent,0.8393775051543765
3893,3934,0.9793752762125728,0.5643238120064225,0.7718495441094977,persistent,0.7718495441094977
3934,3975,0.5210148307460424,1.0,0.7605074153730211,short-term,0.7605074153730211
3811,3852,0.4094313568267678,0.8591856509196126,0.6343085038731902,short-term,0.6343085038731902
3852,3893,0.309352170945915,0.9101075405662759,0.6097298557560954,short-term,0.6097298557560954
4099,4140,0.046388271981691015,0.6941832946596548,0.3702857833206729,short-term,0.3702857833206729
