low,high,recent_strength,all_strength,avg_strength,zone_type,strength
110255,111399,1.0,0.745513416297338,0.872756708148669,short-term,0.872756708148669
111399,112544,0.7193666229570326,0.8846872918871345,0.8020269574220835,short-term,0.8020269574220835
112544,113688,0.4282951614796799,1.0,0.71414758073984,short-term,0.71414758073984
107965,109110,0.7499732674329038,0.3947911014018866,0.5723821844173952,short-term,0.5723821844173952
114833,115978,0.0,0.7934468631516676,0.3967234315758338,short-term,0.3967234315758338
113688,114833,0.0,0.7651554491108594,0.3825777245554297,short-term,0.3825777245554297
