low,high,recent_strength,all_strength,avg_strength,zone_type,strength
105677,106823,1.0,0.13988171044847825,0.5699408552242391,short-term,0.5699408552242391
112551,113697,0.0,1.0,0.5,short-term,0.5
111405,112551,0.0,0.8452771692411057,0.42263858462055287,short-term,0.42263858462055287
114842,115988,0.0,0.8209315845710502,0.4104657922855251,short-term,0.4104657922855251
113697,114842,0.0,0.7934101725235266,0.3967050862617633,short-term,0.3967050862617633
