low,high,recent_strength,all_strength,avg_strength,zone_type,strength
232,234,1.0,0.8652785749607022,0.9326392874803511,persistent,0.9326392874803511
219,222,0.28018225326753354,1.0,0.6400911266337668,short-term,0.6400911266337668
222,224,0.6718327383287538,0.5795746558823766,0.6257036971055652,persistent,0.6257036971055652
224,227,0.36893296120309876,0.5933047645961247,0.4811188628996117,short-term,0.4811188628996117
227,229,0.2600803585358703,0.6100367983650412,0.43505857845045576,short-term,0.43505857845045576
229,232,0.16663286349138315,0.48533489225282084,0.325983877872102,short-term,0.325983877872102
251,254,0.0,0.41236623267316785,0.20618311633658393,short-term,0.20618311633658393
241,244,0.0,0.4118920052799153,0.20594600263995766,short-term,0.20594600263995766
