low,high,recent_strength,all_strength,avg_strength,zone_type,strength
110242,111384,0.755047621637652,1.0,0.877523810818826,persistent,0.877523810818826
109100,110242,1.0,0.5071249049256267,0.7535624524628133,short-term,0.7535624524628133
107958,109100,0.47180383304797696,0.672105465634585,0.5719546493412809,short-term,0.5719546493412809
112526,113668,0.0,0.8154884422330771,0.4077442211165386,short-term,0.4077442211165386
111384,112526,0.05486672181838039,0.7024437223756771,0.37865522209702873,short-term,0.37865522209702873
