low,high,recent_strength,all_strength,avg_strength,zone_type,strength
3852,3894,1.0,0.3587249314535034,0.6793624657267517,short-term,0.6793624657267517
3724,3767,0.7266826770572525,0.2984256485883109,0.5125541628227817,short-term,0.5125541628227817
4278,4320,0.0,1.0,0.5,short-term,0.5
4448,4491,0.0,0.9039316506457372,0.4519658253228686,short-term,0.4519658253228686
4320,4363,0.0,0.7692794261358264,0.3846397130679132,short-term,0.3846397130679132
4576,4619,0.0,0.7033838988720693,0.35169194943603466,short-term,0.35169194943603466
4491,4533,0.0,0.6881827207978344,0.3440913603989172,short-term,0.3440913603989172
4406,4448,0.0,0.6734985487583172,0.3367492743791586,short-term,0.3367492743791586
4363,4406,0.0,0.610808097421497,0.3054040487107485,short-term,0.3054040487107485
