low,high,recent_strength,all_strength,avg_strength,zone_type,strength
110258,111403,1.0,0.7573066076958499,0.878653303847925,short-term,0.878653303847925
112548,113693,0.0,1.0,0.5,short-term,0.5
111403,112548,0.0,0.8502095439002499,0.42510477195012497,short-term,0.42510477195012497
114839,115984,0.0,0.8268531719993535,0.41342658599967674,short-term,0.41342658599967674
113693,114839,0.0,0.7852389402526375,0.39261947012631876,short-term,0.39261947012631876
