low,high,recent_strength,all_strength,avg_strength,zone_type,strength
3852,3895,1.0,0.3271828364860932,0.6635914182430466,short-term,0.6635914182430466
4278,4321,0.0,1.0,0.5,short-term,0.5
3724,3767,0.7051620961272735,0.2920111628857153,0.49858662950649446,short-term,0.49858662950649446
4449,4491,0.0,0.8572601614493027,0.42863008072465136,short-term,0.42863008072465136
4577,4619,0.0,0.6966799548572784,0.3483399774286392,short-term,0.3483399774286392
4321,4363,0.0,0.6903000610794948,0.3451500305397474,short-term,0.3451500305397474
4491,4534,0.0,0.6544444093614497,0.3272222046807248,short-term,0.3272222046807248
4406,4449,0.0,0.6481211877363301,0.32406059386816505,short-term,0.32406059386816505
4363,4406,0.0,0.5925758953471066,0.2962879476735533,short-term,0.2962879476735533
