low,high,recent_strength,all_strength,avg_strength,zone_type,strength
110255,111400,1.0,0.7786067080767638,0.8893033540383819,short-term,0.8893033540383819
112545,113689,0.0,1.0,0.5,short-term,0.5
111400,112545,0.0,0.8494009542613224,0.4247004771306612,short-term,0.4247004771306612
114834,115979,0.0,0.8309547700511317,0.41547738502556586,short-term,0.41547738502556586
113689,114834,0.0,0.7991206494419407,0.39956032472097036,short-term,0.39956032472097036
