low,high,recent_strength,all_strength,avg_strength,zone_type,strength
109096,110238,1.0,0.5151314334451487,0.7575657167225743,short-term,0.7575657167225743
110238,111379,0.2789019279707254,1.0,0.6394509639853627,short-term,0.6394509639853627
107955,109096,0.2998562433528198,0.6564215841863829,0.4781389137696013,short-term,0.4781389137696013
112520,113661,0.0,0.799823857921866,0.399911928960933,short-term,0.399911928960933
111379,112520,0.0,0.6826866811631892,0.3413433405815946,short-term,0.3413433405815946
