low,high,recent_strength,all_strength,avg_strength,zone_type,strength
107960,109103,1.0,0.5350898070115047,0.7675449035057523,short-term,0.7675449035057523
110246,111389,0.39236799975221975,0.8039425722303676,0.5981552859912936,short-term,0.5981552859912936
112532,113676,0.0,1.0,0.5,short-term,0.5
111389,112532,0.10069503089587849,0.8808526934551524,0.49077386217551544,short-term,0.49077386217551544
114819,115962,0.0,0.7891728745181953,0.39458643725909764,short-term,0.39458643725909764
