low,high,recent_strength,all_strength,avg_strength,zone_type,strength
4145,4187,1.0,0.5101432516763189,0.7550716258381595,short-term,0.7550716258381595
4102,4145,0.8723282395257037,0.5073553897289398,0.6898418146273217,short-term,0.6898418146273217
4272,4314,0.0,1.0,0.5,short-term,0.5
4441,4483,0.0,0.8054458559417509,0.40272292797087544,short-term,0.40272292797087544
4314,4356,0.0,0.8018454063042616,0.4009227031521308,short-term,0.4009227031521308
4483,4525,0.0,0.674477114093696,0.337238557046848,short-term,0.337238557046848
4398,4441,0.0,0.6716670981601885,0.3358335490800943,short-term,0.3358335490800943
4610,4652,0.0,0.6293151898165121,0.31465759490825607,short-term,0.31465759490825607
4525,4568,0.0,0.5660666906918326,0.2830333453459163,short-term,0.2830333453459163
