low,high,recent_strength,all_strength,avg_strength,zone_type,strength
107962,109105,1.0,0.5465327744100873,0.7732663872050436,short-term,0.7732663872050436
111392,112536,0.35408595495734524,0.8861951018959094,0.6201405284266274,short-term,0.6201405284266274
112536,113680,0.21191345740276976,1.0,0.6059567287013848,short-term,0.6059567287013848
114823,115967,0.0,0.7947910214159296,0.3973955107079648,short-term,0.3973955107079648
113680,114823,0.0,0.7648510322485551,0.38242551612427755,short-term,0.38242551612427755
106818,107962,0.45280462224931795,0.22865656496829104,0.3407305936088045,short-term,0.3407305936088045
