low,high,recent_strength,all_strength,avg_strength,zone_type,strength
106822,107968,1.0,0.14529038180163523,0.5726451909008177,short-term,0.5726451909008177
112550,113696,0.0,1.0,0.5,short-term,0.5
111405,112550,0.0,0.8502095439002556,0.4251047719501278,short-term,0.4251047719501278
114841,115987,0.0,0.8215188366540156,0.4107594183270078,short-term,0.4107594183270078
113696,114841,0.0,0.7905732755979845,0.39528663779899226,short-term,0.39528663779899226
