low,high,recent_strength,all_strength,avg_strength,zone_type,strength
107962,109105,1.0,0.5366096859002089,0.7683048429501045,short-term,0.7683048429501045
111392,112536,0.3724750126257129,0.8861951018959124,0.6293350572608127,short-term,0.6293350572608127
112536,113679,0.22291894557400185,1.0,0.611459472787001,short-term,0.611459472787001
114822,115966,0.0,0.7903949053481117,0.39519745267405587,short-term,0.39519745267405587
113679,114822,0.0,0.7648510322485502,0.3824255161242751,short-term,0.3824255161242751
106818,107962,0.4763205233870775,0.22865656496829215,0.3524885441776848,short-term,0.3524885441776848
