low,high,recent_strength,all_strength,avg_strength,zone_type,strength
112527,113669,1.0,1.0,1.0,persistent,1.0
111385,112527,0.9871325438586439,0.8897042362468435,0.9384183900527436,persistent,0.9384183900527436
110243,111385,0.7716039402158376,0.8541737851546904,0.812888862685264,short-term,0.812888862685264
114812,115954,0.19632354493082485,0.7639377239765848,0.4801306344537048,short-term,0.4801306344537048
