low,high,recent_strength,all_strength,avg_strength,zone_type,strength
110243,111386,0.833920666718333,1.0,0.9169603333591665,persistent,0.9169603333591665
109101,110243,1.0,0.4981092493336454,0.7490546246668227,short-term,0.7490546246668227
107958,109101,0.49260374953226627,0.6733927064426268,0.5829982279874466,short-term,0.5829982279874466
111386,112528,0.2552945583047209,0.7001373770877771,0.477715967696249,short-term,0.477715967696249
112528,113670,0.0,0.8170502953275742,0.4085251476637871,short-term,0.4085251476637871
