low,high,recent_strength,all_strength,avg_strength,zone_type,strength
232,234,0.9891693070136723,0.8450286194856862,0.9170989632496793,persistent,0.9170989632496793
229,232,1.0,0.6187468337522535,0.8093734168761267,persistent,0.8093734168761267
219,222,0.35393813149593045,1.0,0.6769690657479652,short-term,0.6769690657479652
222,224,0.6645563242017511,0.5358756289559711,0.600215976578861,short-term,0.600215976578861
224,227,0.3649371615677708,0.6095551099885687,0.4872461357781697,short-term,0.4872461357781697
227,229,0.34678186130895283,0.5934901633229007,0.4701360123159268,short-term,0.4701360123159268
251,254,0.0,0.40271570151166985,0.20135785075583493,short-term,0.20135785075583493
241,244,0.0,0.3901123448621669,0.19505617243108345,short-term,0.19505617243108345
