low,high,recent_strength,all_strength,avg_strength,zone_type,strength
4145,4187,1.0,0.511211642936013,0.7556058214680065,short-term,0.7556058214680065
4272,4314,0.0,1.0,0.5,short-term,0.5
4060,4102,0.5722920471706705,0.2906735659716298,0.4314828065711501,short-term,0.4314828065711501
4441,4483,0.0,0.8098512509428174,0.4049256254714087,short-term,0.4049256254714087
4314,4356,0.0,0.8018454063042562,0.4009227031521281,short-term,0.4009227031521281
4483,4526,0.0,0.68756812739654,0.34378406369827,short-term,0.34378406369827
4399,4441,0.0,0.671667098160183,0.3358335490800915,short-term,0.3358335490800915
4610,4653,0.0,0.6252272303698748,0.3126136151849374,short-term,0.3126136151849374
4526,4568,0.0,0.5584697783564979,0.27923488917824896,short-term,0.27923488917824896
