low,high,recent_strength,all_strength,avg_strength,zone_type,strength
3850,3893,1.0,0.4735839069656973,0.7367919534828486,short-term,0.7367919534828486
3808,3850,0.7816841185503932,0.540333698722748,0.6610089086365706,short-term,0.6610089086365706
4275,4317,0.0,1.0,0.5,short-term,0.5
4445,4487,0.0,0.8548536581505468,0.4274268290752734,short-term,0.4274268290752734
4317,4360,0.0,0.8134534225179342,0.4067267112589671,short-term,0.4067267112589671
4487,4530,0.0,0.7276689311858792,0.3638344655929396,short-term,0.3638344655929396
4402,4445,0.0,0.7236104516054233,0.3618052258027116,short-term,0.3618052258027116
4572,4615,0.0,0.7120249316423393,0.35601246582116963,short-term,0.35601246582116963
4360,4402,0.0,0.5723301552847696,0.2861650776423848,short-term,0.2861650776423848
