low,high,recent_strength,all_strength,avg_strength,zone_type,strength
3943,3984,0.9345858359722972,1.0,0.9672929179861486,persistent,0.9672929179861486
4108,4150,1.0,0.4363613244835134,0.7181806622417567,short-term,0.7181806622417567
3902,3943,0.7589919301500344,0.5263238066583439,0.6426578684041891,short-term,0.6426578684041891
3984,4026,0.6120170377130615,0.5376285505050695,0.5748227941090656,short-term,0.5748227941090656
4067,4108,0.3218986785038604,0.6254982523303058,0.47369846541708305,short-term,0.47369846541708305
3819,3860,0.0,0.9213211718090482,0.4606605859045241,short-term,0.4606605859045241
3860,3902,0.0,0.6226363376751459,0.31131816883757296,short-term,0.31131816883757296
