low,high,recent_strength,all_strength,avg_strength,zone_type,strength
90071,92037,0.77848938447056,1.0,0.88924469223528,short-term,0.88924469223528
88105,90071,1.0,0.7195071643841302,0.8597535821920651,persistent,0.8597535821920651
86139,88105,0.17344730766541938,0.9180880234784855,0.5457676655719524,short-term,0.5457676655719524
92037,94002,0.13480077113978622,0.6588881877977781,0.3968444794687822,short-term,0.3968444794687822
109728,111694,0.0,0.5319184437337099,0.26595922186685494,short-term,0.26595922186685494
