low,high,recent_strength,all_strength,avg_strength,zone_type,strength
91061,92150,1.0,0.44352081479267974,0.7217604073963398,short-term,0.7217604073963398
110654,111742,0.0,1.0,0.5,short-term,0.5
112831,113919,0.0,0.7864951553298148,0.3932475776649074,short-term,0.3932475776649074
107388,108477,0.0,0.741423144107706,0.370711572053853,short-term,0.370711572053853
109565,110654,0.0,0.6687659938626516,0.3343829969313258,short-term,0.3343829969313258
111742,112831,0.0,0.6186006967138322,0.3093003483569161,short-term,0.3093003483569161
103034,104123,0.0,0.5817421458634348,0.2908710729317174,short-term,0.2908710729317174
100858,101946,0.0,0.5748604972163899,0.28743024860819494,short-term,0.28743024860819494
