low,high,recent_strength,all_strength,avg_strength,zone_type,strength
100311,101446,1.0,0.26008979939267124,0.6300448996963356,short-term,0.6300448996963356
107117,108252,0.505684174310922,0.5912820468784994,0.5484831105947108,short-term,0.5484831105947108
110520,111655,0.025853167930852947,1.0,0.5129265839654265,short-term,0.5129265839654265
103714,104849,0.7013664274847623,0.24051232686326945,0.4709393771740159,short-term,0.4709393771740159
112789,113923,0.0,0.7529736957465669,0.37648684787328346,short-term,0.37648684787328346
109386,110520,0.14863863512555142,0.5873242112922593,0.36798142320890537,short-term,0.36798142320890537
111655,112789,0.0,0.5965083602695548,0.2982541801347774,short-term,0.2982541801347774
