low,high,recent_strength,all_strength,avg_strength,zone_type,strength
86122,88079,1.0,1.0,1.0,persistent,1.0
88079,90036,0.9254263497434966,0.8433030116602097,0.8843646807018531,short-term,0.8843646807018531
90036,91993,0.1573582384808611,0.9737041689134969,0.565531203697179,short-term,0.565531203697179
91993,93950,0.0,0.6361214628274658,0.3180607314137329,short-term,0.3180607314137329
109605,111562,0.0,0.5235538876866754,0.2617769438433377,short-term,0.2617769438433377
