low,high,recent_strength,all_strength,avg_strength,zone_type,strength
68576,70464,1.0,0.5466015148271627,0.7733007574135813,persistent,0.7733007574135813
89351,91240,0.0,1.0,0.5,short-term,0.5
87462,89351,0.0,0.9155649727055589,0.45778248635277946,short-term,0.45778248635277946
91240,93128,0.0,0.8301150536807581,0.41505752684037905,short-term,0.41505752684037905
85574,87462,0.0,0.7227874650322681,0.36139373251613405,short-term,0.36139373251613405
110126,112015,0.0,0.5488636697786349,0.27443183488931744,short-term,0.27443183488931744
112015,113904,0.0,0.40232698583498927,0.20116349291749464,short-term,0.20116349291749464
