low,high,recent_strength,all_strength,avg_strength,zone_type,strength
88364,90416,1.0,0.534402020714586,0.767201010357293,short-term,0.767201010357293
90416,92468,0.5059052409860555,1.0,0.7529526204930277,short-term,0.7529526204930277
110937,112989,0.0,0.6761979950324825,0.33809899751624123,short-term,0.33809899751624123
108885,110937,0.0,0.6013688835793685,0.30068444178968423,short-term,0.30068444178968423
100677,102729,0.0,0.5716972502548172,0.2858486251274086,short-term,0.2858486251274086
106833,108885,0.0,0.5681124147028423,0.2840562073514212,short-term,0.2840562073514212
