low,high,recent_strength,all_strength,avg_strength,zone_type,strength
88104,90069,1.0,0.7677403053819097,0.8838701526909549,persistent,0.8838701526909549
90069,92035,0.2066780499534303,1.0,0.6033390249767152,short-term,0.6033390249767152
86139,88104,0.1514695273392984,0.960212983978232,0.5558412556587652,short-term,0.5558412556587652
92035,94000,0.030637100660453057,0.6838026947543644,0.35721989770740875,short-term,0.35721989770740875
109723,111688,0.0,0.5571432829448073,0.27857164147240365,short-term,0.27857164147240365
