low,high,recent_strength,all_strength,avg_strength,zone_type,strength
90478,92546,0.8280802855589929,1.0,0.9140401427794964,short-term,0.9140401427794964
88411,90478,1.0,0.49227765612822155,0.7461388280641108,short-term,0.7461388280641108
109087,111155,0.0,0.7923056470159637,0.39615282350798187,short-term,0.39615282350798187
111155,113223,0.0,0.7267901027774243,0.36339505138871214,short-term,0.36339505138871214
107020,109087,0.0,0.6683774103144907,0.33418870515724536,short-term,0.33418870515724536
113223,115290,0.0,0.648609043629884,0.324304521814942,short-term,0.324304521814942
