low,high,recent_strength,all_strength,avg_strength,zone_type,strength
86126,88085,1.0,1.0,1.0,persistent,1.0
88085,90044,0.4585359838153959,0.8181294498931768,0.6383327168542864,short-term,0.6383327168542864
90044,92003,0.0,0.9794659413918795,0.48973297069593974,short-term,0.48973297069593974
92003,93962,0.0,0.6666883114179479,0.33334415570897397,short-term,0.33334415570897397
109634,111593,0.0,0.5270467973693433,0.2635233986846717,short-term,0.2635233986846717
