low,high,recent_strength,all_strength,avg_strength,zone_type,strength
88434,90510,1.0,0.44341081309709973,0.7217054065485499,short-term,0.7217054065485499
90510,92585,0.31335910788437005,1.0,0.656679553942185,short-term,0.656679553942185
109189,111264,0.0,0.8921467244244614,0.4460733622122307,short-term,0.4460733622122307
111264,113340,0.0,0.7466381355596431,0.37331906777982155,short-term,0.37331906777982155
113340,115415,0.0,0.7258433851776045,0.36292169258880225,short-term,0.36292169258880225
107113,109189,0.0,0.7132584804867167,0.35662924024335835,short-term,0.35662924024335835
