low,high,recent_strength,all_strength,avg_strength,zone_type,strength
88164,90150,1.0,0.7646549747500195,0.8823274873750098,persistent,0.8823274873750098
90150,92135,0.9653510997463511,0.7869425281575635,0.8761468139519573,short-term,0.8761468139519573
86179,88164,0.0,1.0,0.5,short-term,0.5
110004,111990,0.0,0.6318357707518762,0.3159178853759381,short-term,0.3159178853759381
92135,94121,0.0,0.48584359862299525,0.24292179931149763,short-term,0.24292179931149763
