low,high,recent_strength,all_strength,avg_strength,zone_type,strength
101157,102267,1.0,0.7593200049817547,0.8796600024908774,persistent,0.8796600024908774
96714,97825,0.9306985138709102,0.1542551036193297,0.5424768087451199,short-term,0.5424768087451199
110042,111153,0.0,1.0,0.5,short-term,0.5
113374,114485,0.0,0.7500097955872618,0.3750048977936309,short-term,0.3750048977936309
111153,112263,0.0,0.7050683967181686,0.3525341983590843,short-term,0.3525341983590843
107821,108931,0.0,0.6443782463870373,0.32218912319351867,short-term,0.32218912319351867
106710,107821,0.0,0.5886228317547259,0.2943114158773629,short-term,0.2943114158773629
