low,high,recent_strength,all_strength,avg_strength,zone_type,strength
90146,92131,1.0,0.7940915101000183,0.8970457550500092,persistent,0.8970457550500092
88162,90146,0.3942622624422253,0.7676512131260188,0.580956737784122,short-term,0.580956737784122
86177,88162,0.0,1.0,0.5,short-term,0.5
92131,94116,0.3474950680094751,0.5132292923168581,0.43036218016316663,short-term,0.43036218016316663
109993,111978,0.0,0.625184274642661,0.3125921373213305,short-term,0.3125921373213305
