low,high,recent_strength,all_strength,avg_strength,zone_type,strength
90487,92556,0.6399037871962724,1.0,0.8199518935981362,short-term,0.8199518935981362
88417,90487,1.0,0.47984257260684016,0.7399212863034201,short-term,0.7399212863034201
109114,111183,0.0,0.8152282313263235,0.40761411566316175,short-term,0.40761411566316175
111183,113253,0.0,0.7084848334624071,0.35424241673120355,short-term,0.35424241673120355
107044,109114,0.0,0.663407890633699,0.3317039453168495,short-term,0.3317039453168495
113253,115323,0.0,0.6559580291756172,0.3279790145878086,short-term,0.3279790145878086
