low,high,recent_strength,all_strength,avg_strength,zone_type,strength
86288,88328,1.0,0.683888097622993,0.8419440488114964,persistent,0.8419440488114964
88328,90368,0.42442786709855645,0.6094832807984361,0.5169555739484962,short-term,0.5169555739484962
90368,92409,0.0,1.0,0.5,short-term,0.5
110770,112810,0.0,0.7487526202145914,0.3743763101072957,short-term,0.3743763101072957
92409,94449,0.0,0.5992857478923215,0.29964287394616074,short-term,0.29964287394616074
