low,high,recent_strength,all_strength,avg_strength,zone_type,strength
68580,70470,1.0,0.5388353262791625,0.7694176631395813,persistent,0.7694176631395813
89370,91260,0.0,1.0,0.5,short-term,0.5
87480,89370,0.0,0.9101403843594101,0.45507019217970507,short-term,0.45507019217970507
91260,93150,0.0,0.831776858712612,0.415888429356306,short-term,0.415888429356306
85590,87480,0.0,0.7259608516784554,0.3629804258392277,short-term,0.3629804258392277
110160,112050,0.0,0.5411595803079258,0.2705797901539629,short-term,0.2705797901539629
112050,113940,0.0,0.4017060842590223,0.20085304212951116,short-term,0.20085304212951116
