low,high,recent_strength,all_strength,avg_strength,zone_type,strength
86409,87459,1.0,0.7289712096584212,0.8644856048292107,persistent,0.8644856048292107
90610,91660,0.9701198825230086,0.7478533077972347,0.8589865951601217,persistent,0.8589865951601217
110565,111615,0.0,1.0,0.5,short-term,0.5
112666,113716,0.0,0.860201838603454,0.430100919301727,short-term,0.430100919301727
101113,102163,0.0,0.7661473646333103,0.3830736823166552,short-term,0.3830736823166552
107414,108465,0.0,0.7187045893776388,0.3593522946888194,short-term,0.3593522946888194
109515,110565,0.0,0.6127678083170511,0.30638390415852557,short-term,0.30638390415852557
111615,112666,0.0,0.5989443918194348,0.2994721959097174,short-term,0.2994721959097174
106364,107414,0.0,0.5624672548231888,0.2812336274115944,short-term,0.2812336274115944
