low,high,recent_strength,all_strength,avg_strength,zone_type,strength
91064,92153,1.0,0.3752628246357068,0.6876314123178534,short-term,0.6876314123178534
110676,111766,0.0,1.0,0.5,short-term,0.5
112855,113945,0.0,0.8237235929673352,0.4118617964836676,short-term,0.4118617964836676
107407,108497,0.0,0.7503624525561597,0.37518122627807987,short-term,0.37518122627807987
109587,110676,0.0,0.7317880877064735,0.36589404385323676,short-term,0.36589404385323676
111766,112855,0.0,0.6377034745599023,0.31885173727995114,short-term,0.31885173727995114
101960,103049,0.0,0.6175611577281864,0.3087805788640932,short-term,0.3087805788640932
106318,107407,0.0,0.5823067308856482,0.2911533654428241,short-term,0.2911533654428241
