low,high,recent_strength,all_strength,avg_strength,zone_type,strength
86255,88279,1.0,0.9910807851055893,0.9955403925527946,persistent,0.9955403925527946
90303,92327,0.0,1.0,0.5,short-term,0.5
88279,90303,0.1278932329961622,0.6975026087568883,0.41269792087652524,short-term,0.41269792087652524
110541,112565,0.0,0.8067667993484859,0.40338339967424297,short-term,0.40338339967424297
92327,94351,0.0,0.6726597050482772,0.3363298525241386,short-term,0.3363298525241386
