low,high,recent_strength,all_strength,avg_strength,zone_type,strength
64837,66764,1.0,0.18847880285783816,0.5942394014289191,short-term,0.5942394014289191
62910,64837,0.9424223196477667,0.17762663059371797,0.5600244751207424,short-term,0.5600244751207424
89886,91813,0.0,1.0,0.5,short-term,0.5
86032,87959,0.0,0.9518634613256023,0.47593173066280114,short-term,0.47593173066280114
87959,89886,0.0,0.8689923389310381,0.43449616946551906,short-term,0.43449616946551906
91813,93739,0.0,0.7028447775663555,0.3514223887831778,short-term,0.3514223887831778
111081,113008,0.0,0.43585211738122176,0.21792605869061088,short-term,0.21792605869061088
109154,111081,0.0,0.43051929675489503,0.21525964837744752,short-term,0.21525964837744752
93739,95666,0.0,0.41292553804363885,0.20646276902181943,short-term,0.20646276902181943
