low,high,recent_strength,all_strength,avg_strength,zone_type,strength
90615,91665,1.0,0.7541126877843248,0.8770563438921624,persistent,0.8770563438921624
86411,87462,0.9504648688910771,0.7426254959292484,0.8465451824101627,short-term,0.8465451824101627
110581,111632,0.0,1.0,0.5,short-term,0.5
112682,113733,0.0,0.8634675961606693,0.43173379808033463,short-term,0.43173379808033463
101123,102174,0.0,0.7437011964890305,0.3718505982445153,short-term,0.3718505982445153
107428,108479,0.0,0.7247200005237521,0.36236000026187604,short-term,0.36236000026187604
109530,110581,0.0,0.6188246355039444,0.3094123177519722,short-term,0.3094123177519722
111632,112682,0.0,0.5996896493901935,0.29984482469509677,short-term,0.29984482469509677
106377,107428,0.0,0.5458816409643128,0.2729408204821564,short-term,0.2729408204821564
