low,high,recent_strength,all_strength,avg_strength,zone_type,strength
103702,104832,1.0,0.35048062438330047,0.6752403121916503,short-term,0.6752403121916503
100311,101442,0.8822041154084985,0.2570460774162315,0.569625096412365,short-term,0.569625096412365
110483,111613,0.0,1.0,0.5,short-term,0.5
112743,113873,0.0,0.8261098843203861,0.41305494216019306,short-term,0.41305494216019306
107092,108222,0.03794585333348087,0.5797405554065146,0.30884320436999774,short-term,0.30884320436999774
108222,109353,0.0,0.6049144144209327,0.3024572072104664,short-term,0.3024572072104664
109353,110483,0.0,0.5810284842700462,0.2905142421350231,short-term,0.2905142421350231
