low,high,recent_strength,all_strength,avg_strength,zone_type,strength
86239,88255,1.0,1.0,1.0,persistent,1.0
88255,90271,0.9069765651548001,0.7171471382156162,0.8120618516852081,short-term,0.8120618516852081
90271,92286,0.0,0.9323268058969774,0.4661634029484887,short-term,0.4661634029484887
110427,112443,0.0,0.749958224077951,0.3749791120389755,short-term,0.3749791120389755
92286,94302,0.0,0.6152855192315436,0.3076427596157718,short-term,0.3076427596157718
