low,high,recent_strength,all_strength,avg_strength,zone_type,strength
105229,106347,1.0,0.43544908923440634,0.7177245446172031,short-term,0.7177245446172031
104111,105229,0.6279822684349173,0.47055202774321375,0.5492671480890655,short-term,0.5492671480890655
109701,110819,0.0,1.0,0.5,short-term,0.5
110819,111937,0.0,0.999768413518467,0.4998842067592335,short-term,0.4998842067592335
107465,108583,0.0,0.9722548986567617,0.48612744932838087,short-term,0.48612744932838087
113055,114173,0.0,0.908236910702874,0.454118455351437,short-term,0.454118455351437
111937,113055,0.0,0.7560948693502042,0.3780474346751021,short-term,0.3780474346751021
