low,high,recent_strength,all_strength,avg_strength,zone_type,strength
92055,94024,1.0,0.7356998172020193,0.8678499086010096,persistent,0.8678499086010096
90086,92055,0.0,1.0,0.5,short-term,0.5
86147,88116,0.0,0.9916449862078184,0.4958224931039092,short-term,0.4958224931039092
88116,90086,0.0,0.7207724182124982,0.3603862091062491,short-term,0.3603862091062491
109780,111749,0.0,0.5915468709358627,0.29577343546793133,short-term,0.29577343546793133
