low,high,recent_strength,all_strength,avg_strength,zone_type,strength
101028,102137,0.8083097225353927,0.8318390450653943,0.8200743838003934,short-term,0.8200743838003934
94377,95486,1.0,0.19443161991396213,0.5972158099569811,short-term,0.5972158099569811
96594,97703,0.9048454541724101,0.1759305674265265,0.5403880107994683,short-term,0.5403880107994683
109896,111005,0.0,1.0,0.5,short-term,0.5
111005,112113,0.0,0.9685456602035291,0.48427283010176453,short-term,0.48427283010176453
113222,114330,0.0,0.8308325447232746,0.4154162723616373,short-term,0.4154162723616373
107679,108788,0.0,0.7824301953064553,0.39121509765322765,short-term,0.39121509765322765
106571,107679,0.0,0.6812833312046671,0.34064166560233355,short-term,0.34064166560233355
