low,high,recent_strength,all_strength,avg_strength,zone_type,strength
86205,88203,1.0,1.0,1.0,persistent,1.0
88203,90202,0.5372612355271758,0.6705028062056547,0.6038820208664153,short-term,0.6038820208664153
90202,92200,0.0,0.7649213560281232,0.3824606780140616,short-term,0.3824606780140616
110187,112185,0.0,0.6587960850564651,0.32939804252823257,short-term,0.32939804252823257
92200,94199,0.0,0.5310932313777299,0.26554661568886495,short-term,0.26554661568886495
