low,high,recent_strength,all_strength,avg_strength,zone_type,strength
101284,102395,1.0,0.785967873963623,0.8929839369818116,persistent,0.8929839369818116
110172,111283,0.0,1.0,0.5,short-term,0.5
96840,97951,0.8296861140279757,0.1515730010636867,0.49062955754583115,short-term,0.49062955754583115
112394,113505,0.0,0.7741198110391567,0.38705990551957836,short-term,0.38705990551957836
111283,112394,0.0,0.7602130278586455,0.38010651392932276,short-term,0.38010651392932276
107950,109061,0.0,0.6381432676434992,0.3190716338217496,short-term,0.3190716338217496
106839,107950,0.0,0.5940880253038701,0.29704401265193503,short-term,0.29704401265193503
