low,high,recent_strength,all_strength,avg_strength,zone_type,strength
90105,92079,1.0,1.0,1.0,persistent,1.0
86156,88130,0.0,0.9919785177973676,0.4959892588986838,short-term,0.4959892588986838
92079,94053,0.1765300302607191,0.6386231774073106,0.40757660383401484,short-term,0.40757660383401484
88130,90105,0.0,0.7301054002184265,0.36505270010921326,short-term,0.36505270010921326
109847,111821,0.0,0.6050331382521491,0.30251656912607455,short-term,0.30251656912607455
