low,high,recent_strength,all_strength,avg_strength,zone_type,strength
94035,96006,1.0,0.4257880117125074,0.7128940058562537,short-term,0.7128940058562537
90092,92064,0.0,1.0,0.5,short-term,0.5
86150,88121,0.0,0.9884612763532635,0.49423063817663176,short-term,0.49423063817663176
88121,90092,0.0,0.7248510477449616,0.3624255238724808,short-term,0.3624255238724808
92064,94035,0.0,0.670784824637437,0.3353924123187185,short-term,0.3353924123187185
109804,111775,0.0,0.5936006695848265,0.29680033479241325,short-term,0.29680033479241325
