low,high,recent_strength,all_strength,avg_strength,zone_type,strength
88097,90060,1.0,0.8121398466770079,0.9060699233385039,persistent,0.9060699233385039
90060,92023,0.1531486915560497,1.0,0.5765743457780248,short-term,0.5765743457780248
86134,88097,0.0,0.9398067938259431,0.46990339691297156,short-term,0.46990339691297156
92023,93986,0.0,0.6859480969778758,0.3429740484889379,short-term,0.3429740484889379
109690,111653,0.0,0.5483643223090595,0.27418216115452976,short-term,0.27418216115452976
