low,high,recent_strength,all_strength,avg_strength,zone_type,strength
88367,90420,1.0,0.5301791264877627,0.7650895632438813,short-term,0.7650895632438813
90420,92473,0.4596730314562662,1.0,0.7298365157281331,short-term,0.7298365157281331
110950,113003,0.0,0.6750106502852021,0.33750532514260106,short-term,0.33750532514260106
108897,110950,0.0,0.6108406267001601,0.3054203133500801,short-term,0.3054203133500801
100685,102738,0.0,0.5723370447536412,0.2861685223768206,short-term,0.2861685223768206
106844,108897,0.0,0.5615882143299981,0.28079410716499903,short-term,0.28079410716499903
