low,high,recent_strength,all_strength,avg_strength,zone_type,strength
62910,64841,1.0,0.15969505096380424,0.5798475254819021,short-term,0.5798475254819021
86084,88015,0.0,1.0,0.5,short-term,0.5
89946,91877,0.0,0.9860869753751846,0.4930434876875923,short-term,0.4930434876875923
72566,74497,0.805688255114967,0.12866442696152317,0.46717634103824507,short-term,0.46717634103824507
88015,89946,0.0,0.8698009206305846,0.4349004603152923,short-term,0.4349004603152923
91877,93808,0.0,0.7026139896553556,0.3513069948276778,short-term,0.3513069948276778
109257,111188,0.0,0.4668003060771899,0.23340015303859496,short-term,0.23340015303859496
93808,95739,0.0,0.4079949450693482,0.2039974725346741,short-term,0.2039974725346741
107326,109257,0.0,0.3963867070657089,0.19819335353285444,short-term,0.19819335353285444
