low,high,recent_strength,all_strength,avg_strength,zone_type,strength
86264,88292,1.0,0.9587335824878361,0.9793667912439181,persistent,0.9793667912439181
90320,92348,0.0,1.0,0.5,short-term,0.5
88292,90320,0.26134906505114014,0.6874413009794224,0.4743951830152813,short-term,0.4743951830152813
110601,112629,0.0,0.8129476060295205,0.40647380301476027,short-term,0.40647380301476027
92348,94376,0.0,0.6819771058811521,0.34098855294057606,short-term,0.34098855294057606
