low,high,recent_strength,all_strength,avg_strength,zone_type,strength
86260,88286,1.0,0.9758150925418478,0.9879075462709239,persistent,0.9879075462709239
90312,92338,0.0,1.0,0.5,short-term,0.5
88286,90312,0.2843428255871084,0.6849930372400165,0.48466793141356246,short-term,0.48466793141356246
110571,112597,0.0,0.815943196731201,0.4079715983656005,short-term,0.4079715983656005
92338,94364,0.0,0.6853688621997229,0.34268443109986146,short-term,0.34268443109986146
