low,high,recent_strength,all_strength,avg_strength,zone_type,strength
93505,94605,1.0,0.2470900896036188,0.6235450448018094,short-term,0.6235450448018094
110007,111107,0.0,1.0,0.5,short-term,0.5
111107,112207,0.0,0.7665774783918897,0.38328873919594486,short-term,0.38328873919594486
101206,102306,0.0,0.7642173363044923,0.38210866815224614,short-term,0.38210866815224614
113307,114408,0.0,0.7395159629349556,0.3697579814674778,short-term,0.3697579814674778
107807,108907,0.0,0.6560928607169272,0.3280464303584636,short-term,0.3280464303584636
106707,107807,0.0,0.6038424713796559,0.3019212356898279,short-term,0.3019212356898279
