low,high,recent_strength,all_strength,avg_strength,zone_type,strength
100761,101884,1.0,0.5792778520954259,0.789638926047713,short-term,0.789638926047713
110867,111990,0.0,1.0,0.5,short-term,0.5
109744,110867,0.0,0.9508405855656791,0.47542029278283954,short-term,0.47542029278283954
113113,114235,0.0,0.8582761925441883,0.42913809627209415,short-term,0.42913809627209415
107498,108621,0.0,0.846105062116669,0.4230525310583345,short-term,0.4230525310583345
111990,113113,0.0,0.632966250565008,0.316483125282504,short-term,0.316483125282504
