low,high,recent_strength,all_strength,avg_strength,zone_type,strength
90119,92096,1.0,0.931320081838757,0.9656600409193785,persistent,0.9656600409193785
86163,88141,0.0,1.0,0.5,short-term,0.5
88141,90119,0.04358771319193655,0.7361666411639696,0.38987717717795306,short-term,0.38987717717795306
92096,94074,0.0,0.6255684375431662,0.3127842187715831,short-term,0.3127842187715831
109895,111873,0.0,0.6145917721390313,0.30729588606951563,short-term,0.30729588606951563
