low,high,recent_strength,all_strength,avg_strength,zone_type,strength
68581,70471,1.0,0.5352605542045904,0.7676302771022951,persistent,0.7676302771022951
89374,91265,0.0,1.0,0.5,short-term,0.5
87484,89374,0.0,0.9016332659407774,0.4508166329703887,short-term,0.4508166329703887
91265,93155,0.0,0.825314778463394,0.412657389231697,short-term,0.412657389231697
85594,87484,0.0,0.7286961876701987,0.36434809383509936,short-term,0.36434809383509936
110168,112058,0.0,0.5392504959022849,0.26962524795114245,short-term,0.26962524795114245
112058,113949,0.0,0.40028895916502155,0.20014447958251078,short-term,0.20014447958251078
