low,high,recent_strength,all_strength,avg_strength,zone_type,strength
90461,92524,1.0,1.0,1.0,persistent,1.0
109029,111093,0.0,0.7131502234374859,0.35657511171874295,short-term,0.35657511171874295
111093,113156,0.0,0.6965567888900862,0.3482783944450431,short-term,0.3482783944450431
106966,109029,0.0,0.6163789490705719,0.30818947453528595,short-term,0.30818947453528595
113156,115219,0.0,0.615495219310041,0.3077476096550205,short-term,0.3077476096550205
