low,high,recent_strength,all_strength,avg_strength,zone_type,strength
75077,77016,1.0,0.1444136189481897,0.5722068094740949,short-term,0.5722068094740949
86707,88645,0.0,1.0,0.5,short-term,0.5
88645,90583,0.0,0.9199229264985671,0.45996146324928355,short-term,0.45996146324928355
90583,92521,0.0,0.8977384379884032,0.4488692189942016,short-term,0.4488692189942016
109965,111904,0.0,0.5233672020307385,0.26168360101536925,short-term,0.26168360101536925
92521,94460,0.0,0.5212078377687165,0.26060391888435824,short-term,0.26060391888435824
84768,86707,0.0,0.42535142074508525,0.21267571037254263,short-term,0.21267571037254263
