low,high,recent_strength,all_strength,avg_strength,zone_type,strength
88349,90396,1.0,0.6056377923105988,0.8028188961552993,persistent,0.8028188961552993
90396,92443,0.04865274260293129,1.0,0.5243263713014656,short-term,0.5243263713014656
110867,112914,0.0,0.6912851995984145,0.34564259979920725,short-term,0.34564259979920725
108820,110867,0.0,0.6174982979461237,0.3087491489730618,short-term,0.3087491489730618
100632,102679,0.0,0.5968993389256937,0.29844966946284684,short-term,0.29844966946284684
