low,high,recent_strength,all_strength,avg_strength,zone_type,strength
86125,88084,1.0,1.0,1.0,persistent,1.0
88084,90042,0.472198075447428,0.8206609196813116,0.6464294975643698,short-term,0.6464294975643698
90042,92001,0.0,0.9781133879415829,0.48905669397079143,short-term,0.48905669397079143
92001,93960,0.0,0.6494192588073321,0.32470962940366604,short-term,0.32470962940366604
109629,111587,0.0,0.5255073394690727,0.26275366973453634,short-term,0.26275366973453634
