low,high,recent_strength,all_strength,avg_strength,zone_type,strength
88434,90509,1.0,0.4442198173274408,0.7221099086637204,short-term,0.7221099086637204
90509,92584,0.2777213528779521,1.0,0.638860676438976,short-term,0.638860676438976
109186,111262,0.0,0.8921467244244539,0.44607336221222693,short-term,0.44607336221222693
111262,113337,0.0,0.7466381355596392,0.3733190677798196,short-term,0.3733190677798196
113337,115412,0.0,0.7258433851776042,0.3629216925888021,short-term,0.3629216925888021
107111,109186,0.0,0.7132584804867111,0.35662924024335557,short-term,0.35662924024335557
