low,high,recent_strength,all_strength,avg_strength,zone_type,strength
86263,88291,1.0,0.9607823767592402,0.9803911883796201,persistent,0.9803911883796201
90319,92346,0.0,1.0,0.5,short-term,0.5
88291,90319,0.2587681060388518,0.6852738462783673,0.47202097615860955,short-term,0.47202097615860955
110595,112623,0.0,0.8116733938519866,0.4058366969259933,short-term,0.4058366969259933
92346,94374,0.0,0.6809081765594207,0.34045408827971035,short-term,0.34045408827971035
