low,high,recent_strength,all_strength,avg_strength,zone_type,strength
103701,104831,1.0,0.35048062438330124,0.6752403121916506,short-term,0.6752403121916506
100311,101441,0.882204115408498,0.2570460774162319,0.5696250964123649,short-term,0.5696250964123649
110480,111610,0.0,1.0,0.5,short-term,0.5
112740,113870,0.0,0.8261098843203855,0.41305494216019273,short-term,0.41305494216019273
107091,108221,0.03794585333348065,0.5797405554065151,0.3088432043699979,short-term,0.3088432043699979
108221,109351,0.0,0.6049144144209336,0.3024572072104668,short-term,0.3024572072104668
109351,110480,0.0,0.5810284842700522,0.2905142421350261,short-term,0.2905142421350261
