low,high,recent_strength,all_strength,avg_strength,zone_type,strength
88077,90033,1.0,0.8744094298372345,0.9372047149186172,persistent,0.9372047149186172
86121,88077,0.4518128668408784,1.0,0.7259064334204393,short-term,0.7259064334204393
90033,91990,0.15723190102134957,0.9875223607009175,0.5723771308611335,short-term,0.5723771308611335
91990,93946,0.0,0.640570001525546,0.320285000762773,short-term,0.320285000762773
109597,111553,0.0,0.5257917791994015,0.2628958895997007,short-term,0.2628958895997007
