low,high,recent_strength,all_strength,avg_strength,zone_type,strength
66718,68622,1.0,0.2677124946529761,0.633856247326488,short-term,0.633856247326488
68622,70526,0.6461496540658646,0.38070639399767864,0.5134280240317716,short-term,0.5134280240317716
89566,91470,0.0,1.0,0.5,short-term,0.5
87662,89566,0.0,0.8704135765133197,0.43520678825665987,short-term,0.43520678825665987
85758,87662,0.0,0.8115108364570505,0.40575541822852523,short-term,0.40575541822852523
91470,93374,0.0,0.7397161307614759,0.36985806538073795,short-term,0.36985806538073795
110510,112414,0.0,0.5000094196352622,0.2500047098176311,short-term,0.2500047098176311
112414,114318,0.0,0.39197531726417,0.195987658632085,short-term,0.195987658632085
