low,high,recent_strength,all_strength,avg_strength,zone_type,strength
90654,91709,1.0,0.7270513066365276,0.8635256533182638,persistent,0.8635256533182638
110712,111768,0.0,1.0,0.5,short-term,0.5
112824,113880,0.0,0.8268931570367919,0.41344657851839595,short-term,0.41344657851839595
101211,102267,0.0,0.8072672357360476,0.4036336178680238,short-term,0.4036336178680238
107545,108601,0.0,0.780137122262298,0.390068561131149,short-term,0.390068561131149
109657,110712,0.0,0.718320698256982,0.359160349128491,short-term,0.359160349128491
86431,87486,0.0,0.6569306384119458,0.3284653192059729,short-term,0.3284653192059729
111768,112824,0.0,0.650500291444779,0.3252501457223895,short-term,0.3252501457223895
106490,107545,0.0,0.5882411069293134,0.2941205534646567,short-term,0.2941205534646567
