low,high,recent_strength,all_strength,avg_strength,zone_type,strength
90525,92604,0.8159497340694163,1.0,0.9079748670347081,short-term,0.9079748670347081
88446,90525,1.0,0.42395036786117,0.711975183930585,short-term,0.711975183930585
109239,111318,0.0,0.9191713658237738,0.4595856829118869,short-term,0.4595856829118869
107159,109239,0.0,0.7351816425973215,0.3675908212986608,short-term,0.3675908212986608
113397,115477,0.0,0.7335378881488576,0.3667689440744288,short-term,0.3667689440744288
111318,113397,0.0,0.6982708966479718,0.3491354483239859,short-term,0.3491354483239859
