low,high,recent_strength,all_strength,avg_strength,zone_type,strength
90429,92484,0.9382833116015564,1.0,0.9691416558007782,short-term,0.9691416558007782
88374,90429,1.0,0.5061680220543356,0.7530840110271678,short-term,0.7530840110271678
110982,113037,0.0,0.6647356778580962,0.3323678389290481,short-term,0.3323678389290481
108926,110982,0.0,0.6220000200238829,0.31100001001194144,short-term,0.31100001001194144
100705,102761,0.0,0.5725973680280912,0.2862986840140456,short-term,0.2862986840140456
113037,115092,0.0,0.5672728654406541,0.28363643272032707,short-term,0.28363643272032707
