low,high,recent_strength,all_strength,avg_strength,zone_type,strength
90122,92101,1.0,0.920463605969391,0.9602318029846955,persistent,0.9602318029846955
86165,88144,0.0,1.0,0.5,short-term,0.5
88144,90122,0.19336838717779356,0.7520527083702088,0.4727105477740012,short-term,0.4727105477740012
92101,94080,0.2744423554296264,0.6255684375431643,0.45000539648639537,short-term,0.45000539648639537
109909,111888,0.0,0.6082938035519714,0.3041469017759857,short-term,0.3041469017759857
