low,high,recent_strength,all_strength,avg_strength,zone_type,strength
66717,68621,1.0,0.27928531152814356,0.6396426557640718,short-term,0.6396426557640718
89561,91465,0.0,1.0,0.5,short-term,0.5
68621,70524,0.5426238752171206,0.38477556336689184,0.46369971929200626,short-term,0.46369971929200626
87657,89561,0.0,0.8805961753680298,0.4402980876840149,short-term,0.4402980876840149
85754,87657,0.0,0.8193054384334599,0.40965271921672997,short-term,0.40965271921672997
91465,93368,0.0,0.7583110367100926,0.3791555183550463,short-term,0.3791555183550463
110501,112405,0.0,0.5053537559710258,0.2526768779855129,short-term,0.2526768779855129
112405,114308,0.0,0.39221047337165055,0.19610523668582527,short-term,0.19610523668582527
