low,high,recent_strength,all_strength,avg_strength,zone_type,strength
88096,90058,1.0,0.8183592590214955,0.9091796295107477,persistent,0.9091796295107477
90058,92021,0.1803521454530177,1.0,0.5901760727265088,short-term,0.5901760727265088
86133,88096,0.0,0.939806793825941,0.4699033969129705,short-term,0.4699033969129705
92021,93983,0.0,0.685948096977877,0.3429740484889385,short-term,0.3429740484889385
109684,111647,0.0,0.546287280986098,0.273143640493049,short-term,0.273143640493049
