low,high,recent_strength,all_strength,avg_strength,zone_type,strength
86189,88180,0.7541217373817165,1.0,0.8770608686908583,short-term,0.8770608686908583
88180,90171,1.0,0.6864625711179729,0.8432312855589865,persistent,0.8432312855589865
90171,92161,0.0,0.7245726696153296,0.3622863348076648,short-term,0.3622863348076648
110078,112069,0.0,0.6348764594469803,0.3174382297234902,short-term,0.3174382297234902
92161,94152,0.0,0.4798504312807717,0.23992521564038585,short-term,0.23992521564038585
