low,high,recent_strength,all_strength,avg_strength,zone_type,strength
88265,90284,1.0,0.7761190812691154,0.8880595406345577,persistent,0.8880595406345577
86246,88265,0.32736465185191294,0.9927211934947752,0.6600429226733441,short-term,0.6600429226733441
90284,92303,0.0,1.0,0.5,short-term,0.5
110473,112492,0.0,0.8057875038816289,0.40289375194081445,short-term,0.40289375194081445
92303,94321,0.0,0.6775785953458835,0.33878929767294175,short-term,0.33878929767294175
