low,high,recent_strength,all_strength,avg_strength,zone_type,strength
88366,90419,1.0,0.5314049074500591,0.7657024537250295,short-term,0.7657024537250295
90419,92471,0.4748134294808762,1.0,0.7374067147404381,short-term,0.7374067147404381
110945,112998,0.0,0.6750106502852062,0.3375053251426031,short-term,0.3375053251426031
108893,110945,0.0,0.6108406267001658,0.3054203133500829,short-term,0.3054203133500829
100682,102735,0.0,0.5723370447536463,0.28616852237682316,short-term,0.28616852237682316
106840,108893,0.0,0.5615882143300039,0.28079410716500197,short-term,0.28079410716500197
