low,high,recent_strength,all_strength,avg_strength,zone_type,strength
76450,78386,1.0,0.24823091617577836,0.6241154580878892,short-term,0.6241154580878892
86134,88070,0.0,1.0,0.5,short-term,0.5
90007,91944,0.0,0.9316633724814831,0.46583168624074156,short-term,0.46583168624074156
88070,90007,0.0,0.8616631982782628,0.4308315991391314,short-term,0.4308315991391314
91944,93881,0.0,0.6590259590241514,0.3295129795120757,short-term,0.3295129795120757
109375,111312,0.0,0.48300725053002214,0.24150362526501107,short-term,0.24150362526501107
93881,95817,0.0,0.40944234977086913,0.20472117488543456,short-term,0.20472117488543456
