low,high,recent_strength,all_strength,avg_strength,zone_type,strength
90853,91944,1.0,0.333151968711142,0.666575984355571,short-term,0.666575984355571
110498,111590,0.0,1.0,0.5,short-term,0.5
89761,90853,0.6355647004145935,0.211739631186429,0.42365216580051124,short-term,0.42365216580051124
112681,113773,0.0,0.828230983066147,0.4141154915330735,short-term,0.4141154915330735
109407,110498,0.0,0.6116501688190262,0.3058250844095131,short-term,0.3058250844095131
107224,108316,0.0,0.6028638045416063,0.30143190227080313,short-term,0.30143190227080313
100676,101767,0.0,0.5996570847708725,0.29982854238543627,short-term,0.29982854238543627
111590,112681,0.0,0.5876478822467021,0.29382394112335103,short-term,0.29382394112335103
101767,102858,0.0,0.5869363711408488,0.2934681855704244,short-term,0.2934681855704244
