low,high,recent_strength,all_strength,avg_strength,zone_type,strength
90146,92130,1.0,0.7940915101000222,0.897045755050011,persistent,0.897045755050011
88161,90146,0.5076117328616127,0.7676512131260204,0.6376314729938165,short-term,0.6376314729938165
92130,94115,0.4962416238594991,0.5159355062598001,0.5060885650596496,short-term,0.5060885650596496
86177,88161,0.0,1.0,0.5,short-term,0.5
109991,111976,0.0,0.6266468524417712,0.3133234262208856,short-term,0.3133234262208856
