low,high,recent_strength,all_strength,avg_strength,zone_type,strength
86232,88244,1.0,1.0,1.0,persistent,1.0
90256,92269,0.0,0.8858403778925169,0.44292018894625845,short-term,0.44292018894625845
88244,90256,0.09041394189034158,0.677203775316615,0.3838088586034783,short-term,0.3838088586034783
110378,112390,0.0,0.7420760136246403,0.37103800681232013,short-term,0.37103800681232013
92269,94281,0.0,0.5935208891622886,0.2967604445811443,short-term,0.2967604445811443
