low,high,recent_strength,all_strength,avg_strength,zone_type,strength
90445,92504,0.879531363506575,1.0,0.9397656817532876,short-term,0.9397656817532876
92504,94564,1.0,0.5024306724101995,0.7512153362050997,short-term,0.7512153362050997
111038,113098,0.0,0.6670408399891167,0.33352041999455834,short-term,0.33352041999455834
108979,111038,0.0,0.6511165060537772,0.3255582530268886,short-term,0.3255582530268886
106920,108979,0.0,0.5923381095249294,0.2961690547624647,short-term,0.2961690547624647
100742,102801,0.0,0.5912434787092197,0.29562173935460984,short-term,0.29562173935460984
