low,high,recent_strength,all_strength,avg_strength,zone_type,strength
95481,96585,1.0,0.3002812176179765,0.6501406088089883,short-term,0.6501406088089883
110935,112039,0.0,1.0,0.5,short-term,0.5
109831,110935,0.0,0.9496652710823823,0.47483263554119115,short-term,0.47483263554119115
113143,114246,0.0,0.8308699165364136,0.4154349582682068,short-term,0.4154349582682068
107623,108727,0.0,0.784255032184146,0.392127516092073,short-term,0.392127516092073
101000,102104,0.0,0.7464352523838865,0.37321762619194326,short-term,0.37321762619194326
106520,107623,0.0,0.6497226758712743,0.32486133793563715,short-term,0.32486133793563715
