low,high,recent_strength,all_strength,avg_strength,zone_type,strength
88176,90166,1.0,0.7165289043917629,0.8582644521958814,persistent,0.8582644521958814
86187,88176,0.6541114180766178,1.0,0.8270557090383088,short-term,0.8270557090383088
90166,92155,0.0,0.7252606960597623,0.36263034802988114,short-term,0.36263034802988114
110060,112049,0.0,0.6406015523588182,0.3203007761794091,short-term,0.3203007761794091
92155,94144,0.0,0.4834418836602134,0.2417209418301067,short-term,0.2417209418301067
