low,high,recent_strength,all_strength,avg_strength,zone_type,strength
90073,92039,0.8211190828341258,1.0,0.9105595414170629,short-term,0.9105595414170629
88107,90073,1.0,0.7140148456373557,0.8570074228186779,persistent,0.8570074228186779
86140,88107,0.1896223643076503,0.9201958736994957,0.554909119003573,short-term,0.554909119003573
92039,94005,0.27123763682544627,0.6604009377484933,0.46581928728696975,short-term,0.46581928728696975
109736,111702,0.0,0.5343765646602723,0.26718828233013614,short-term,0.26718828233013614
