low,high,recent_strength,all_strength,avg_strength,zone_type,strength
92058,94029,0.9679733189070874,0.7098855820602585,0.838929450483673,short-term,0.838929450483673
94029,95999,1.0,0.4439607175241966,0.7219803587620983,short-term,0.7219803587620983
90088,92058,0.0,1.0,0.5,short-term,0.5
86148,88118,0.0,0.9925606097781993,0.49628030488909963,short-term,0.49628030488909963
88118,90088,0.0,0.7223612729007094,0.3611806364503547,short-term,0.3611806364503547
109789,111760,0.0,0.5920930686835912,0.2960465343417956,short-term,0.2960465343417956
