low,high,recent_strength,all_strength,avg_strength,zone_type,strength
88423,90495,1.0,0.4699001782152594,0.7349500891076297,short-term,0.7349500891076297
90495,92567,0.2884027902132388,1.0,0.6442013951066194,short-term,0.6442013951066194
109141,111213,0.0,0.8573323712664346,0.4286661856332173,short-term,0.4286661856332173
111213,113284,0.0,0.7293240277723354,0.3646620138861677,short-term,0.3646620138861677
113284,115356,0.0,0.698181245432101,0.3490906227160505,short-term,0.3490906227160505
107069,109141,0.0,0.6861838802234341,0.34309194011171706,short-term,0.34309194011171706
