low,high,recent_strength,all_strength,avg_strength,zone_type,strength
92127,94111,1.0,0.5577632807087224,0.7788816403543612,persistent,0.7788816403543612
90143,92127,0.6496673830721089,0.7917283499145672,0.7206978664933381,short-term,0.7206978664933381
86176,88159,0.0,1.0,0.5,short-term,0.5
88159,90143,0.19030646326602646,0.7576583072090334,0.4739823852375299,short-term,0.4739823852375299
109982,111966,0.0,0.6044176601522513,0.30220883007612565,short-term,0.30220883007612565
