low,high,recent_strength,all_strength,avg_strength,zone_type,strength
86242,88259,0.803527065374389,1.0,0.9017635326871944,short-term,0.9017635326871944
88259,90276,1.0,0.7364063237598039,0.868203161879902,persistent,0.868203161879902
90276,92293,0.0,0.9550449880651535,0.47752249403257674,short-term,0.47752249403257674
110447,112464,0.0,0.7680547610668286,0.3840273805334143,short-term,0.3840273805334143
92293,94310,0.0,0.6471180415053033,0.32355902075265164,short-term,0.32355902075265164
