low,high,recent_strength,all_strength,avg_strength,zone_type,strength
66711,68612,1.0,0.2941981621624713,0.6470990810812356,short-term,0.6470990810812356
89521,91422,0.0,1.0,0.5,short-term,0.5
87620,89521,0.0,0.8819227818411103,0.44096139092055514,short-term,0.44096139092055514
85719,87620,0.0,0.784063373220775,0.3920316866103875,short-term,0.3920316866103875
91422,93322,0.0,0.7636853208862754,0.3818426604431377,short-term,0.3818426604431377
68612,70513,0.2506574273428186,0.38282731318241686,0.31674237026261776,short-term,0.31674237026261776
110429,112330,0.0,0.49733244220267037,0.24866622110133518,short-term,0.24866622110133518
112330,114231,0.0,0.38803045827265265,0.19401522913632632,short-term,0.19401522913632632
