low,high,recent_strength,all_strength,avg_strength,zone_type,strength
84304,86400,1.0,0.4398609401747192,0.7199304700873597,short-term,0.7199304700873597
90592,92688,0.4529586696339586,0.7523335328911677,0.6026461012625631,short-term,0.6026461012625631
109456,111551,0.0,1.0,0.5,short-term,0.5
111551,113647,0.0,0.8198782200354362,0.4099391100177181,short-term,0.4099391100177181
107360,109456,0.0,0.7471103904309018,0.3735551952154509,short-term,0.3735551952154509
101072,103168,0.0,0.7217952057145985,0.36089760285729927,short-term,0.36089760285729927
