low,high,recent_strength,all_strength,avg_strength,zone_type,strength
94037,95134,1.0,0.30703705294705735,0.6535185264735287,short-term,0.6535185264735287
110485,111581,0.0,1.0,0.5,short-term,0.5
90748,91844,0.7779229076442228,0.19377804569523183,0.4858504766697273,short-term,0.4858504766697273
112678,113774,0.0,0.8110710446569399,0.40553552232846996,short-term,0.40553552232846996
107195,108292,0.0,0.6095470295542005,0.30477351477710024,short-term,0.30477351477710024
100616,101713,0.0,0.5894718494524362,0.2947359247262181,short-term,0.2947359247262181
109388,110485,0.0,0.5782587379264915,0.28912936896324576,short-term,0.28912936896324576
101713,102809,0.0,0.5756574041884039,0.28782870209420197,short-term,0.28782870209420197
111581,112678,0.0,0.575472533012215,0.2877362665061075,short-term,0.2877362665061075
