low,high,recent_strength,all_strength,avg_strength,zone_type,strength
92057,94027,1.0,0.7239568004382202,0.8619784002191101,persistent,0.8619784002191101
90087,92057,0.0,1.0,0.5,short-term,0.5
86147,88117,0.0,0.9916449862078177,0.49582249310390886,short-term,0.49582249310390886
88117,90087,0.0,0.7207724182124958,0.3603862091062479,short-term,0.3603862091062479
109785,111755,0.0,0.5915468709358612,0.2957734354679306,short-term,0.2957734354679306
