low,high,recent_strength,all_strength,avg_strength,zone_type,strength
86187,88177,0.722190152104584,1.0,0.861095076052292,short-term,0.861095076052292
88177,90167,1.0,0.7073319257521131,0.8536659628760566,persistent,0.8536659628760566
90167,92157,0.0,0.7239245691021091,0.36196228455105456,short-term,0.36196228455105456
110065,112055,0.0,0.6376090024335119,0.31880450121675596,short-term,0.31880450121675596
92157,94147,0.0,0.48344188366021573,0.24172094183010787,short-term,0.24172094183010787
