low,high,recent_strength,all_strength,avg_strength,zone_type,strength
86465,87529,1.0,0.6514954980704076,0.8257477490352039,persistent,0.8257477490352039
110943,112007,0.0,1.0,0.5,short-term,0.5
109879,110943,0.0,0.9698427008589551,0.48492135042947754,short-term,0.48492135042947754
113071,114136,0.0,0.8320774021687664,0.4160387010843832,short-term,0.4160387010843832
101365,102429,0.0,0.8044474865662075,0.40222374328310373,short-term,0.40222374328310373
107750,108814,0.0,0.7692603604981383,0.38463018024906914,short-term,0.38463018024906914
105622,106686,0.0,0.6094863081645514,0.3047431540822757,short-term,0.3047431540822757
106686,107750,0.0,0.5966213272803035,0.29831066364015174,short-term,0.29831066364015174
112007,113071,0.0,0.5914756924271891,0.29573784621359456,short-term,0.29573784621359456
