low,high,recent_strength,all_strength,avg_strength,zone_type,strength
86468,87533,1.0,0.627931829774236,0.813965914887118,persistent,0.813965914887118
110964,112029,0.0,1.0,0.5,short-term,0.5
109899,110964,0.0,0.9900920176508092,0.4950460088254046,short-term,0.4950460088254046
113094,114159,0.0,0.8406308764662361,0.42031543823311807,short-term,0.42031543823311807
101379,102444,0.0,0.8185327830366446,0.4092663915183223,short-term,0.4092663915183223
107769,108834,0.0,0.7704502940849616,0.3852251470424808,short-term,0.3852251470424808
106704,107769,0.0,0.6094721955219614,0.3047360977609807,short-term,0.3047360977609807
112029,113094,0.0,0.5975558625166201,0.29877793125831004,short-term,0.29877793125831004
103509,104574,0.0,0.57478270781814,0.28739135390907,short-term,0.28739135390907
