low,high,recent_strength,all_strength,avg_strength,zone_type,strength
90100,92073,1.0,1.0,1.0,persistent,1.0
92073,94046,0.8346728141707916,0.6650656905369702,0.7498692523538809,short-term,0.7498692523538809
86154,88127,0.0,0.9844734995418545,0.49223674977092724,short-term,0.49223674977092724
88127,90100,0.0,0.7222684316412368,0.3611342158206184,short-term,0.3611342158206184
109831,111804,0.0,0.6004556351446775,0.30022781757233874,short-term,0.30022781757233874
