low,high,recent_strength,all_strength,avg_strength,zone_type,strength
86451,87512,1.0,0.7439513139519102,0.8719756569759551,persistent,0.8719756569759551
90695,91756,0.5823077998650269,0.6170502081643989,0.5996790040147129,short-term,0.5996790040147129
109791,110852,0.0,1.0,0.5,short-term,0.5
110852,111913,0.0,0.989214571334919,0.4946072856674595,short-term,0.4946072856674595
101304,102365,0.0,0.8931384120835782,0.4465692060417891,short-term,0.4465692060417891
112974,114035,0.0,0.8619256839697383,0.43096284198486917,short-term,0.43096284198486917
107669,108730,0.0,0.7990118735218028,0.3995059367609014,short-term,0.3995059367609014
111913,112974,0.0,0.7169516233390771,0.35847581166953857,short-term,0.35847581166953857
106608,107669,0.0,0.712367223958515,0.3561836119792575,short-term,0.3561836119792575
