low,high,recent_strength,all_strength,avg_strength,zone_type,strength
90120,92098,1.0,0.9493737370907894,0.9746868685453947,persistent,0.9746868685453947
86164,88142,0.0,1.0,0.5,short-term,0.5
88142,90120,0.1868791472819154,0.7567837694790033,0.47183145838045937,short-term,0.47183145838045937
92098,94076,0.030906281668147288,0.6255684375431629,0.3282373596056551,short-term,0.3282373596056551
109901,111879,0.0,0.6087995984495964,0.3043997992247982,short-term,0.3043997992247982
