low,high,recent_strength,all_strength,avg_strength,zone_type,strength
68638,70547,1.0,0.36412440621417913,0.6820622031070895,short-term,0.6820622031070895
89640,91550,0.0,1.0,0.5,short-term,0.5
87731,89640,0.0,0.8902621057444261,0.44513105287221305,short-term,0.44513105287221305
85822,87731,0.0,0.8233479674417231,0.41167398372086156,short-term,0.41167398372086156
91550,93459,0.0,0.7277132989469066,0.3638566494734533,short-term,0.3638566494734533
110643,112552,0.0,0.4864794989338009,0.24323974946690044,short-term,0.24323974946690044
112552,114461,0.0,0.3866810335767162,0.1933405167883581,short-term,0.1933405167883581
93459,95368,0.0,0.383540250455271,0.1917701252276355,short-term,0.1917701252276355
