low,high,recent_strength,all_strength,avg_strength,zone_type,strength
94031,96001,1.0,0.44415507571035406,0.722077537855177,short-term,0.722077537855177
92060,94031,0.37292355663280524,0.6925897235537118,0.5327566400932585,short-term,0.5327566400932585
90090,92060,0.0,1.0,0.5,short-term,0.5
86149,88119,0.0,0.9929951353390326,0.4964975676695163,short-term,0.4964975676695163
88119,90090,0.0,0.7231152923436435,0.36155764617182173,short-term,0.36155764617182173
109795,111765,0.0,0.5924610041510838,0.2962305020755419,short-term,0.2962305020755419
