low,high,recent_strength,all_strength,avg_strength,zone_type,strength
90612,91663,1.0,0.7541126877843267,0.8770563438921634,persistent,0.8770563438921634
86410,87461,0.9824783592314953,0.7426254959292513,0.8625519275803732,short-term,0.8625519275803732
110573,111624,0.0,1.0,0.5,short-term,0.5
112674,113725,0.0,0.8634675961606726,0.4317337980803363,short-term,0.4317337980803363
107422,108472,0.0,0.7247200005237493,0.36236000026187465,short-term,0.36236000026187465
101118,102169,0.0,0.714986646067849,0.3574933230339245,short-term,0.3574933230339245
109523,110573,0.0,0.6258427739439099,0.31292138697195493,short-term,0.31292138697195493
111624,112674,0.0,0.5996896493901953,0.29984482469509766,short-term,0.29984482469509766
106371,107422,0.0,0.5671749912756879,0.28358749563784397,short-term,0.28358749563784397
