low,high,recent_strength,all_strength,avg_strength,zone_type,strength
66639,68503,1.0,0.6666854094970693,0.8333427047485347,persistent,0.8333427047485347
89011,90875,0.0,1.0,0.5,short-term,0.5
87147,89011,0.0,0.9582996394151974,0.4791498197075987,short-term,0.4791498197075987
90875,92740,0.0,0.8543367367914584,0.4271683683957292,short-term,0.4271683683957292
68503,70367,0.02112044217755171,0.5485475351755228,0.28483398867653725,short-term,0.28483398867653725
85282,87147,0.0,0.5618962218758938,0.2809481109379469,short-term,0.2809481109379469
109519,111383,0.0,0.49495862646007455,0.24747931323003727,short-term,0.24747931323003727
