low,high,recent_strength,all_strength,avg_strength,zone_type,strength
90431,92487,1.0,1.0,1.0,persistent,1.0
110990,113046,0.0,0.6678301550532137,0.3339150775266069,short-term,0.3339150775266069
108934,110990,0.0,0.626735997922708,0.313367998961354,short-term,0.313367998961354
100711,102767,0.0,0.5745617617205018,0.2872808808602509,short-term,0.2872808808602509
113046,115102,0.0,0.5658029054010352,0.2829014527005176,short-term,0.2829014527005176
