low,high,recent_strength,all_strength,avg_strength,zone_type,strength
90126,92106,1.0,0.8881900490599105,0.9440950245299553,persistent,0.9440950245299553
92106,94086,0.678131411517107,0.6225282259761943,0.6503298187466506,short-term,0.6503298187466506
86167,88147,0.0,1.0,0.5,short-term,0.5
88147,90126,0.21037153055821325,0.7626518460853089,0.48651168832176106,short-term,0.48651168832176106
109923,111902,0.0,0.609799483590245,0.3048997417951225,short-term,0.3048997417951225
