low,high,recent_strength,all_strength,avg_strength,zone_type,strength
66645,68513,1.0,0.6455342745179249,0.8227671372589624,persistent,0.8227671372589624
89057,90925,0.0,1.0,0.5,short-term,0.5
87189,89057,0.0,0.966431599303201,0.4832157996516005,short-term,0.4832157996516005
90925,92792,0.0,0.849825067546597,0.4249125337732985,short-term,0.4249125337732985
85322,87189,0.0,0.5797062225368524,0.2898531112684262,short-term,0.2898531112684262
68513,70380,0.009195695487031667,0.5534651855132692,0.28133044050015044,short-term,0.28133044050015044
109601,111469,0.0,0.5046531957372195,0.2523265978686097,short-term,0.2523265978686097
