low,high,recent_strength,all_strength,avg_strength,zone_type,strength
90127,92107,1.0,0.8775520581287193,0.9387760290643596,persistent,0.9387760290643596
92107,94086,0.7559714618625992,0.6225282259761976,0.6892498439193984,short-term,0.6892498439193984
86167,88147,0.0,1.0,0.5,short-term,0.5
88147,90127,0.22528179962996323,0.7669933210321306,0.4961375603310469,short-term,0.4961375603310469
109925,111904,0.0,0.6097994835902442,0.3048997417951221,short-term,0.3048997417951221
