low,high,recent_strength,all_strength,avg_strength,zone_type,strength
90122,92100,1.0,0.9213973132552483,0.9606986566276241,persistent,0.9606986566276241
86165,88143,0.0,1.0,0.5,short-term,0.5
88143,90122,0.23694138842248882,0.7567837694790005,0.49686257895074465,short-term,0.49686257895074465
92100,94079,0.16685359588552812,0.6255684375431673,0.39621101671434766,short-term,0.39621101671434766
109907,111885,0.0,0.6121605101586299,0.30608025507931497,short-term,0.30608025507931497
