low,high,recent_strength,all_strength,avg_strength,zone_type,strength
106490,107627,1.0,0.6321088076869258,0.816054403843463,short-term,0.816054403843463
109902,111039,0.6258835689787133,1.0,0.8129417844893567,persistent,0.8129417844893567
107627,108765,0.30624730343255796,0.7282353076310895,0.5172413055318237,short-term,0.5172413055318237
111039,112176,0.03389798649073156,0.919087283142877,0.47649263481680426,short-term,0.47649263481680426
113314,114451,0.0,0.811192844563006,0.405596422281503,short-term,0.405596422281503
