low,high,recent_strength,all_strength,avg_strength,zone_type,strength
103014,104140,1.0,0.3794470133871893,0.6897235066935946,short-term,0.6897235066935946
110892,112018,0.0,1.0,0.5,short-term,0.5
109767,110892,0.0,0.909874694138218,0.454937347069109,short-term,0.454937347069109
113143,114268,0.0,0.8582373279385148,0.4291186639692574,short-term,0.4291186639692574
107516,108641,0.0,0.8124163618927234,0.4062081809463617,short-term,0.4062081809463617
106391,107516,0.0,0.5859076494372727,0.29295382471863635,short-term,0.29295382471863635
