low,high,recent_strength,all_strength,avg_strength,zone_type,strength
94032,96003,1.0,0.4385483766629545,0.7192741883314773,short-term,0.7192741883314773
90091,92062,0.0,1.0,0.5,short-term,0.5
86149,88120,0.0,0.989627935065,0.4948139675325,short-term,0.4948139675325
88120,90091,0.0,0.7231152923436446,0.3615576461718223,short-term,0.3615576461718223
92062,94032,0.0,0.6694969718480346,0.3347484859240173,short-term,0.3347484859240173
109798,111769,0.0,0.5924610041510845,0.29623050207554225,short-term,0.29623050207554225
