low,high,recent_strength,all_strength,avg_strength,zone_type,strength
88026,89980,0.9873735160459007,0.9010936422200764,0.9442335791329886,short-term,0.9442335791329886
84119,86072,1.0,0.35641286582528736,0.6782064329126437,short-term,0.6782064329126437
89980,91933,0.23992326070595668,0.9765948798845563,0.6082590702952565,short-term,0.6082590702952565
86072,88026,0.19626736450537083,1.0,0.5981336822526854,short-term,0.5981336822526854
91933,93887,0.0,0.6837397749104438,0.3418698874552219,short-term,0.3418698874552219
109517,111471,0.0,0.5202848130135946,0.2601424065067973,short-term,0.2601424065067973
