low,high,recent_strength,all_strength,avg_strength,zone_type,strength
100758,101878,1.0,0.6636000327953703,0.8318000163976851,short-term,0.8318000163976851
110839,111959,0.0,1.0,0.5,short-term,0.5
109719,110839,0.0,0.9892675738682762,0.4946337869341381,short-term,0.4946337869341381
107479,108599,0.0,0.9574186846138045,0.47870934230690226,short-term,0.47870934230690226
113079,114199,0.0,0.9162154471364001,0.45810772356820006,short-term,0.45810772356820006
111959,113079,0.0,0.7716388035942008,0.3858194017971004,short-term,0.3858194017971004
