low,high,recent_strength,all_strength,avg_strength,zone_type,strength
86193,88185,1.0,1.0,1.0,persistent,1.0
88185,90177,0.8035242737797086,0.669362228236048,0.7364432510078782,short-term,0.7364432510078782
90177,92170,0.0,0.7231636326127022,0.3615818163063511,short-term,0.3615818163063511
110101,112093,0.0,0.626425852052469,0.3132129260262345,short-term,0.3132129260262345
92170,94162,0.0,0.47969808492587157,0.23984904246293579,short-term,0.23984904246293579
