low,high,recent_strength,all_strength,avg_strength,zone_type,strength
68652,70567,1.0,0.3022673956039742,0.651133697801987,short-term,0.651133697801987
89708,91622,0.0,1.0,0.5,short-term,0.5
87794,89708,0.0,0.898647051744087,0.4493235258720435,short-term,0.4493235258720435
85880,87794,0.0,0.8494371719633033,0.42471858598165163,short-term,0.42471858598165163
91622,93537,0.0,0.7185432386769386,0.3592716193384693,short-term,0.3592716193384693
110764,112678,0.0,0.4724308404954466,0.2362154202477233,short-term,0.2362154202477233
93537,95451,0.0,0.3837782482976723,0.19188912414883616,short-term,0.19188912414883616
112678,114592,0.0,0.3758961354477158,0.1879480677238579,short-term,0.1879480677238579
