low,high,recent_strength,all_strength,avg_strength,zone_type,strength
64839,66767,1.0,0.18547778594734596,0.592738892973673,short-term,0.592738892973673
62910,64839,0.9659358462077114,0.1791596421217824,0.572547744164747,short-term,0.572547744164747
89912,91840,0.0,1.0,0.5,short-term,0.5
86054,87983,0.0,0.971287708604542,0.485643854302271,short-term,0.485643854302271
87983,89912,0.0,0.8746118682414168,0.4373059341207084,short-term,0.4373059341207084
91840,93769,0.0,0.7014734685270492,0.3507367342635246,short-term,0.3507367342635246
109199,111128,0.0,0.4568074642665416,0.2284037321332708,short-term,0.2284037321332708
93769,95698,0.0,0.41856754651079675,0.20928377325539838,short-term,0.20928377325539838
111128,113056,0.0,0.41575052627047554,0.20787526313523777,short-term,0.20787526313523777
