low,high,recent_strength,all_strength,avg_strength,zone_type,strength
100311,101444,1.0,0.2751979228679064,0.6375989614339532,short-term,0.6375989614339532
107106,108238,0.4330788065895092,0.6082115417436412,0.5206451741665752,short-term,0.5206451741665752
103709,104841,0.752935847523937,0.26696379513207663,0.5099498213280068,short-term,0.5099498213280068
110503,111636,0.0,1.0,0.5,short-term,0.5
112768,113901,0.0,0.8437647229895419,0.42188236149477093,short-term,0.42188236149477093
109371,110503,0.0,0.6082639260926682,0.3041319630463341,short-term,0.3041319630463341
108238,109371,0.0,0.5893660825461189,0.29468304127305944,short-term,0.29468304127305944
