low,high,recent_strength,all_strength,avg_strength,zone_type,strength
100762,101885,1.0,0.5179831813325019,0.758991590666251,short-term,0.758991590666251
110874,111998,0.0,1.0,0.5,short-term,0.5
109750,110874,0.0,0.9171240131730096,0.4585620065865048,short-term,0.4585620065865048
107503,108627,0.0,0.833035006030299,0.4165175030151495,short-term,0.4165175030151495
113121,114245,0.0,0.8278419306730399,0.41392096533651995,short-term,0.41392096533651995
106380,107503,0.0,0.5764299865111215,0.28821499325556077,short-term,0.28821499325556077
