low,high,recent_strength,all_strength,avg_strength,zone_type,strength
90559,92647,0.9978640564792325,0.9524496659252926,0.9751568612022625,short-term,0.9751568612022625
92647,94734,1.0,0.4472972145000123,0.7236486072500061,short-term,0.7236486072500061
109349,111436,0.0,1.0,0.5,short-term,0.5
111436,113524,0.0,0.8666570276142771,0.43332851380713855,short-term,0.43332851380713855
107261,109349,0.0,0.7547048631054912,0.3773524315527456,short-term,0.3773524315527456
100998,103085,0.0,0.7187536349216261,0.35937681746081307,short-term,0.35937681746081307
