low,high,recent_strength,all_strength,avg_strength,zone_type,strength
75077,77015,1.0,0.1487393019708574,0.5743696509854287,short-term,0.5743696509854287
86706,88644,0.0,1.0,0.5,short-term,0.5
88644,90582,0.0,0.9220223740840988,0.4610111870420494,short-term,0.4610111870420494
90582,92520,0.0,0.895529643153693,0.4477648215768465,short-term,0.4477648215768465
92520,94458,0.0,0.5249682591252649,0.26248412956263245,short-term,0.26248412956263245
109962,111900,0.0,0.523939507300644,0.261969753650322,short-term,0.261969753650322
84767,86706,0.0,0.4258165451524047,0.21290827257620235,short-term,0.21290827257620235
