low,high,recent_strength,all_strength,avg_strength,zone_type,strength
88078,90035,1.0,0.8511973219601614,0.9255986609800807,persistent,0.9255986609800807
86122,88078,0.8406261722634815,1.0,0.9203130861317408,short-term,0.9203130861317408
90035,91992,0.14034747177255982,0.9730308652289578,0.5566891685007588,short-term,0.5566891685007588
91992,93949,0.0,0.6361214628274666,0.3180607314137333,short-term,0.3180607314137333
109604,111560,0.0,0.5235538876866758,0.2617769438433379,short-term,0.2617769438433379
