low,high,recent_strength,all_strength,avg_strength,zone_type,strength
90111,92086,1.0,0.9621309194316648,0.9810654597158324,persistent,0.9810654597158324
86159,88135,0.0,1.0,0.5,short-term,0.5
88135,90111,0.0,0.7373184475131103,0.36865922375655513,short-term,0.36865922375655513
92086,94062,0.0697362103024264,0.6334249066164543,0.35158055845944036,short-term,0.35158055845944036
109867,111843,0.0,0.6058409465632656,0.3029204732816328,short-term,0.3029204732816328
