low,high,recent_strength,all_strength,avg_strength,zone_type,strength
83599,85549,0.9273907877058312,0.3618610033170713,0.6446258955114512,short-term,0.6446258955114512
81649,83599,1.0,0.21053254563371807,0.6052662728168591,short-term,0.6052662728168591
89448,91398,0.0,1.0,0.5,short-term,0.5
87499,89448,0.09496204812459683,0.9046168405232707,0.4997894443239338,short-term,0.4997894443239338
91398,93348,0.0,0.7799079985007071,0.38995399925035357,short-term,0.38995399925035357
85549,87499,0.032659723831826526,0.715756155403447,0.37420793961763676,short-term,0.37420793961763676
110895,112845,0.0,0.43713023711130766,0.21856511855565383,short-term,0.21856511855565383
