low,high,recent_strength,all_strength,avg_strength,zone_type,strength
71306,73239,1.0,0.0994350160405718,0.5497175080202858,short-term,0.5497175080202858
86776,88709,0.0,1.0,0.5,short-term,0.5
88709,90643,0.0,0.9507623673685429,0.47538118368427146,short-term,0.47538118368427146
90643,92577,0.0,0.8916366314545868,0.4458183157272934,short-term,0.4458183157272934
109980,111914,0.0,0.5243780976499414,0.2621890488249707,short-term,0.2621890488249707
92577,94511,0.0,0.5081277196406573,0.25406385982032864,short-term,0.25406385982032864
84842,86776,0.0,0.4565304410138524,0.2282652205069262,short-term,0.2282652205069262
