low,high,recent_strength,all_strength,avg_strength,zone_type,strength
90471,92537,0.9031025585324629,1.0,0.9515512792662315,short-term,0.9515512792662315
88405,90471,1.0,0.502557593537782,0.751278796768891,short-term,0.751278796768891
109063,111129,0.0,0.7818462425968791,0.39092312129843954,short-term,0.39092312129843954
111129,113195,0.0,0.6991195617953405,0.34955978089767026,short-term,0.34955978089767026
113195,115261,0.0,0.6789261713737237,0.33946308568686184,short-term,0.33946308568686184
106997,109063,0.0,0.6545487075248517,0.32727435376242586,short-term,0.32727435376242586
