low,high,recent_strength,all_strength,avg_strength,zone_type,strength
100763,101887,1.0,0.4840336614872899,0.742016830743645,short-term,0.742016830743645
110883,112007,0.0,1.0,0.5,short-term,0.5
109758,110883,0.0,0.9098746941382162,0.4549373470691081,short-term,0.4549373470691081
107509,108634,0.0,0.8264503605089458,0.4132251802544729,short-term,0.4132251802544729
113132,114256,0.0,0.8147642459727913,0.40738212298639565,short-term,0.40738212298639565
106385,107509,0.0,0.5718736508210502,0.2859368254105251,short-term,0.2859368254105251
