low,high,recent_strength,all_strength,avg_strength,zone_type,strength
88109,90076,1.0,0.7223734937281237,0.8611867468640618,persistent,0.8611867468640618
90076,92043,0.7146668276680971,1.0,0.8573334138340485,short-term,0.8573334138340485
92043,94010,0.5921822266812153,0.6745954102541069,0.633388818467661,short-term,0.633388818467661
86142,88109,0.0,0.9251353504162473,0.46256767520812364,short-term,0.46256767520812364
109745,111712,0.0,0.5458623046420613,0.27293115232103066,short-term,0.27293115232103066
