low,high,recent_strength,all_strength,avg_strength,zone_type,strength
90457,92520,1.0,1.0,1.0,persistent,1.0
109019,111081,0.0,0.6667765216412703,0.33338826082063516,short-term,0.33338826082063516
111081,113144,0.0,0.6664956067701526,0.3332478033850763,short-term,0.3332478033850763
106956,109019,0.0,0.5920719081011897,0.29603595405059485,short-term,0.29603595405059485
113144,115206,0.0,0.5821228197777208,0.2910614098888604,short-term,0.2910614098888604
