low,high,recent_strength,all_strength,avg_strength,zone_type,strength
86458,87521,1.0,0.7409606370876437,0.8704803185438219,persistent,0.8704803185438219
109836,110899,0.0,1.0,0.5,short-term,0.5
110899,111961,0.0,0.912941250454926,0.456470625227463,short-term,0.456470625227463
101335,102398,0.0,0.8936230013246422,0.4468115006623211,short-term,0.4468115006623211
113024,114087,0.0,0.8728202816017693,0.43641014080088464,short-term,0.43641014080088464
107711,108774,0.0,0.761237595568686,0.380618797784343,short-term,0.380618797784343
111961,113024,0.0,0.7145397150255027,0.35726985751275137,short-term,0.35726985751275137
106648,107711,0.0,0.7023820106144564,0.3511910053072282,short-term,0.3511910053072282
121525,122588,0.0,0.5755417029510776,0.2877708514755388,short-term,0.2877708514755388
