low,high,recent_strength,all_strength,avg_strength,zone_type,strength
86130,88091,1.0,0.9932861884773426,0.9966430942386713,persistent,0.9966430942386713
88091,90051,0.8277591204571821,0.82639496436176,0.8270770424094711,short-term,0.8270770424094711
90051,92012,0.23110585816230744,1.0,0.6155529290811537,short-term,0.6155529290811537
92012,93973,0.0,0.6861681086894535,0.3430840543447268,short-term,0.3430840543447268
109660,111621,0.0,0.539274552419987,0.2696372762099935,short-term,0.2696372762099935
