low,high,recent_strength,all_strength,avg_strength,zone_type,strength
68585,70477,1.0,0.5140832770672948,0.7570416385336474,persistent,0.7570416385336474
89393,91285,0.0,1.0,0.5,short-term,0.5
87502,89393,0.0,0.8962412941533934,0.4481206470766967,short-term,0.4481206470766967
91285,93177,0.0,0.8153764362359048,0.4076882181179524,short-term,0.4076882181179524
85610,87502,0.0,0.7279571511909322,0.3639785755954661,short-term,0.3639785755954661
110202,112093,0.0,0.5310189669407216,0.2655094834703608,short-term,0.2655094834703608
112093,113985,0.0,0.3998648330402885,0.19993241652014426,short-term,0.19993241652014426
