low,high,recent_strength,all_strength,avg_strength,zone_type,strength
90130,92110,0.9232062031675291,0.8592980940045684,0.8912521485860487,short-term,0.8912521485860487
92110,94091,1.0,0.6283577986408317,0.8141788993204159,persistent,0.8141788993204159
86169,88149,0.0,1.0,0.5,short-term,0.5
88149,90130,0.0,0.7469795971946661,0.37348979859733306,short-term,0.37348979859733306
109935,111915,0.0,0.6083755103613299,0.30418775518066493,short-term,0.30418775518066493
