low,high,recent_strength,all_strength,avg_strength,zone_type,strength
88166,90152,1.0,0.7646549747500182,0.8823274873750091,persistent,0.8823274873750091
90152,92138,0.6399493707654067,0.7722449428964154,0.7060971568309111,short-term,0.7060971568309111
86180,88166,0.0,1.0,0.5,short-term,0.5
110011,111997,0.0,0.643269831861523,0.3216349159307615,short-term,0.3216349159307615
92138,94124,0.0,0.48584359862299364,0.24292179931149682,short-term,0.24292179931149682
