low,high,recent_strength,all_strength,avg_strength,zone_type,strength
86267,88297,1.0,0.9350341863992777,0.9675170931996389,persistent,0.9675170931996389
90326,92356,0.0,1.0,0.5,short-term,0.5
88297,90326,0.24774533212114822,0.6778633272477903,0.4628043296844693,short-term,0.4628043296844693
110622,112651,0.0,0.8035846463840651,0.40179232319203256,short-term,0.40179232319203256
92356,94385,0.0,0.6813288766966755,0.34066443834833776,short-term,0.34066443834833776
