low,high,recent_strength,all_strength,avg_strength,zone_type,strength
82165,84115,1.0,0.338282302730167,0.6691411513650836,short-term,0.6691411513650836
86066,88016,0.08829130999443704,1.0,0.5441456549972186,short-term,0.5441456549972186
88016,89967,0.09391245267869698,0.8928964077507753,0.4934044302147361,short-term,0.4934044302147361
89967,91918,0.0,0.9592135860288924,0.4796067930144462,short-term,0.4796067930144462
91918,93868,0.0,0.6956890982668041,0.34784454913340207,short-term,0.34784454913340207
109472,111423,0.0,0.5119242608865804,0.2559621304432902,short-term,0.2559621304432902
