low,high,recent_strength,all_strength,avg_strength,zone_type,strength
66663,68539,1.0,0.48049224240017946,0.7402461212000897,persistent,0.7402461212000897
89180,91057,0.0,1.0,0.5,short-term,0.5
87304,89180,0.0,0.904532814427757,0.4522664072138785,short-term,0.4522664072138785
91057,92933,0.0,0.831310203668337,0.4156551018341685,short-term,0.4156551018341685
85427,87304,0.0,0.6680156737064724,0.3340078368532362,short-term,0.3340078368532362
68539,70416,0.08810676480665484,0.5470535623732654,0.3175801635899601,short-term,0.3175801635899601
109821,111698,0.0,0.5285919684849096,0.2642959842424548,short-term,0.2642959842424548
