low,high,recent_strength,all_strength,avg_strength,zone_type,strength
66664,68542,1.0,0.4688053490633484,0.7344026745316742,persistent,0.7344026745316742
89192,91070,0.0,1.0,0.5,short-term,0.5
87315,89192,0.0,0.9009068829169388,0.4504534414584694,short-term,0.4504534414584694
91070,92947,0.0,0.8304208711900869,0.41521043559504345,short-term,0.41521043559504345
85438,87315,0.0,0.6590972131514307,0.32954860657571533,short-term,0.32954860657571533
68542,70419,0.08678611387260869,0.5559713649935013,0.321378739433055,short-term,0.321378739433055
109843,111720,0.0,0.5267734988130961,0.26338674940654805,short-term,0.26338674940654805
