low,high,recent_strength,all_strength,avg_strength,zone_type,strength
90435,92492,1.0,1.0,1.0,persistent,1.0
111003,113060,0.0,0.6659057660248532,0.3329528830124266,short-term,0.3329528830124266
108946,111003,0.0,0.622546778655968,0.311273389327984,short-term,0.311273389327984
100719,102776,0.0,0.5729061306562135,0.28645306532810677,short-term,0.28645306532810677
113060,115117,0.0,0.5641725134591147,0.28208625672955734,short-term,0.28208625672955734
