low,high,recent_strength,all_strength,avg_strength,zone_type,strength
90669,91727,1.0,0.6969136217771295,0.8484568108885647,persistent,0.8484568108885647
110764,111822,0.0,1.0,0.5,short-term,0.5
86438,87496,0.20046768942537632,0.6570628898886687,0.4287652896570225,short-term,0.4287652896570225
101246,102303,0.0,0.8101686629710148,0.4050843314855074,short-term,0.4050843314855074
112880,113937,0.0,0.8068780219085552,0.4034390109542776,short-term,0.4034390109542776
107591,108649,0.0,0.7587545715582055,0.37937728577910274,short-term,0.37937728577910274
109707,110764,0.0,0.748631894661038,0.374315947330519,short-term,0.374315947330519
111822,112880,0.0,0.6436339274937362,0.3218169637468681,short-term,0.3218169637468681
106534,107591,0.0,0.6230727730035022,0.3115363865017511,short-term,0.3115363865017511
