low,high,recent_strength,all_strength,avg_strength,zone_type,strength
86219,88225,1.0,1.0,1.0,persistent,1.0
88225,90231,0.6352690638153945,0.6715719194298017,0.6534204916225981,short-term,0.6534204916225981
90231,92237,0.0,0.8071291497943535,0.40356457489717673,short-term,0.40356457489717673
110289,112295,0.0,0.6535886881568682,0.3267943440784341,short-term,0.3267943440784341
92237,94243,0.0,0.5715850374510573,0.28579251872552863,short-term,0.28579251872552863
