low,high,recent_strength,all_strength,avg_strength,zone_type,strength
66651,68522,1.0,0.6172373565917325,0.8086186782958662,persistent,0.8086186782958662
89099,90970,0.0,1.0,0.5,short-term,0.5
87228,89099,0.0,0.9625439141969943,0.4812719570984971,short-term,0.4812719570984971
90970,92840,0.0,0.8330032859510197,0.41650164297550984,short-term,0.41650164297550984
85358,87228,0.0,0.5871546773941089,0.29357733869705444,short-term,0.29357733869705444
68522,70392,0.0,0.5484697415651569,0.27423487078257847,short-term,0.27423487078257847
109676,111547,0.0,0.5126205404085259,0.25631027020426295,short-term,0.25631027020426295
