low,high,recent_strength,all_strength,avg_strength,zone_type,strength
66640,68505,1.0,0.6635327641558962,0.8317663820779482,persistent,0.8317663820779482
89020,90885,0.0,1.0,0.5,short-term,0.5
87155,89020,0.0,0.9780609997279167,0.48903049986395836,short-term,0.48903049986395836
90885,92750,0.0,0.8615457937114328,0.4307728968557164,short-term,0.4307728968557164
68505,70370,0.02173430878081569,0.5576757495764969,0.2897050291786563,short-term,0.2897050291786563
85290,87155,0.0,0.5682268707911494,0.2841134353955747,short-term,0.2841134353955747
109535,111400,0.0,0.49768460194696884,0.24884230097348442,short-term,0.24884230097348442
