low,high,recent_strength,all_strength,avg_strength,zone_type,strength
101904,103015,0.7716393194620158,0.6217327454066496,0.6966860324343327,persistent,0.6966860324343327
98574,99684,1.0,0.21510349104704954,0.6075517455235248,short-term,0.6075517455235248
110785,111895,0.0,1.0,0.5,short-term,0.5
107455,108565,0.0,0.8015555502844165,0.40077777514220825,short-term,0.40077777514220825
113005,114115,0.0,0.7990498399244843,0.39952491996224215,short-term,0.39952491996224215
109675,110785,0.0,0.7400469025698214,0.3700234512849107,short-term,0.3700234512849107
111895,113005,0.0,0.650528212629669,0.3252641063148345,short-term,0.3252641063148345
