low,high,recent_strength,all_strength,avg_strength,zone_type,strength
96015,97987,1.0,0.2654865699337559,0.6327432849668779,short-term,0.6327432849668779
90097,92070,0.0,1.0,0.5,short-term,0.5
86153,88125,0.0,0.9858171981610712,0.4929085990805356,short-term,0.4929085990805356
92070,94042,0.2579367282530888,0.6659734324421369,0.46195508034761285,short-term,0.46195508034761285
88125,90097,0.0,0.723254249029669,0.3616271245148345,short-term,0.3616271245148345
109822,111794,0.0,0.6006411825260404,0.3003205912630202,short-term,0.3003205912630202
