low,high,recent_strength,all_strength,avg_strength,zone_type,strength
90548,92633,1.0,1.0,1.0,persistent,1.0
109314,111399,0.0,0.9453347808793254,0.4726673904396627,short-term,0.4726673904396627
111399,113484,0.0,0.8538781334780593,0.42693906673902965,short-term,0.42693906673902965
107229,109314,0.0,0.7333808620061298,0.3666904310030649,short-term,0.3666904310030649
100974,103059,0.0,0.6947055183128831,0.34735275915644154,short-term,0.34735275915644154
