low,high,recent_strength,all_strength,avg_strength,zone_type,strength
82165,84116,1.0,0.3348560375507766,0.6674280187753883,short-term,0.6674280187753883
86066,88017,0.09061912200165124,1.0,0.5453095610008256,short-term,0.5453095610008256
88017,89968,0.11775654652324061,0.8943355787868594,0.50604606265505,short-term,0.50604606265505
89968,91919,0.0,0.9607596471379399,0.48037982356896997,short-term,0.48037982356896997
91919,93869,0.0,0.6968104104276006,0.3484052052138003,short-term,0.3484052052138003
109475,111426,0.0,0.5127493807577562,0.2563746903788781,short-term,0.2563746903788781
