low,high,recent_strength,all_strength,avg_strength,zone_type,strength
66707,68606,1.0,0.31214086294593596,0.656070431472968,short-term,0.656070431472968
89490,91388,0.0,1.0,0.5,short-term,0.5
87591,89490,0.0,0.8854068970784558,0.4427034485392279,short-term,0.4427034485392279
91388,93287,0.0,0.8059549217213746,0.4029774608606873,short-term,0.4029774608606873
85693,87591,0.0,0.7762313896158693,0.3881156948079347,short-term,0.3881156948079347
68606,70504,0.11211567969967542,0.4046336500594322,0.2583746648795538,short-term,0.2583746648795538
110374,112273,0.0,0.5024824668461187,0.2512412334230594,short-term,0.2512412334230594
112273,114171,0.0,0.4036538883305796,0.2018269441652898,short-term,0.2018269441652898
