low,high,recent_strength,all_strength,avg_strength,zone_type,strength
100623,101732,0.6845788458819478,0.6186003837962324,0.6515896148390901,short-term,0.6515896148390901
95076,96185,1.0,0.15530919738161092,0.5776545986908055,short-term,0.5776545986908055
97294,98404,0.890179835878697,0.13825311583561456,0.5142164758571558,short-term,0.5142164758571558
110608,111717,0.0,1.0,0.5,short-term,0.5
112827,113936,0.0,0.765178616127606,0.382589308063803,short-term,0.382589308063803
107280,108389,0.0,0.6681787571420917,0.33408937857104587,short-term,0.33408937857104587
109499,110608,0.0,0.6486474190926441,0.32432370954632206,short-term,0.32432370954632206
111717,112827,0.0,0.62164313244286,0.31082156622143,short-term,0.31082156622143
