low,high,recent_strength,all_strength,avg_strength,zone_type,strength
94030,95124,1.0,0.30483068139526737,0.6524153406976336,short-term,0.6524153406976336
90746,91841,0.9497018358597307,0.23486763609208325,0.5922847359759069,short-term,0.5922847359759069
110449,111544,0.0,1.0,0.5,short-term,0.5
112638,113733,0.0,0.8089113635964326,0.4044556817982163,short-term,0.4044556817982163
101692,102787,0.0,0.5813962013965587,0.29069810069827934,short-term,0.29069810069827934
108260,109355,0.0,0.5801304783313457,0.29006523916567284,short-term,0.29006523916567284
107165,108260,0.0,0.5799377722496273,0.28996888612481364,short-term,0.28996888612481364
111544,112638,0.0,0.5734437476158235,0.28672187380791175,short-term,0.28672187380791175
100598,101692,0.0,0.5676418431276187,0.28382092156380934,short-term,0.28382092156380934
