low,high,recent_strength,all_strength,avg_strength,zone_type,strength
90103,92077,1.0,1.0,1.0,persistent,1.0
86155,88129,0.0,0.9841037674910038,0.4920518837455019,short-term,0.4920518837455019
92077,94051,0.3012686235777638,0.6454799842268761,0.47337430390231994,short-term,0.47337430390231994
88129,90103,0.0,0.7219971741735454,0.3609985870867727,short-term,0.3609985870867727
109841,111815,0.0,0.6002301260847336,0.3001150630423668,short-term,0.3001150630423668
