low,high,recent_strength,all_strength,avg_strength,zone_type,strength
90563,92652,1.0,0.9582004827546854,0.9791002413773426,persistent,0.9791002413773426
109363,111452,0.0,1.0,0.5,short-term,0.5
111452,113540,0.0,0.8638596124146439,0.43192980620732196,short-term,0.43192980620732196
107274,109363,0.0,0.753573845021256,0.376786922510628,short-term,0.376786922510628
101007,103096,0.0,0.7176764941756935,0.35883824708784673,short-term,0.35883824708784673
