low,high,recent_strength,all_strength,avg_strength,zone_type,strength
90556,92643,0.9945060296531407,0.9892676490695956,0.9918868393613682,short-term,0.9918868393613682
92643,94730,1.0,0.4735060670275721,0.7367530335137861,short-term,0.7367530335137861
109340,111427,0.0,1.0,0.5,short-term,0.5
111427,113514,0.0,0.9043535734136305,0.45217678670681527,short-term,0.45217678670681527
107253,109340,0.0,0.7715562667474859,0.38577813337374295,short-term,0.38577813337374295
100992,103079,0.0,0.7348023027033322,0.3674011513516661,short-term,0.3674011513516661
