low,high,recent_strength,all_strength,avg_strength,zone_type,strength
86235,88248,1.0,1.0,1.0,persistent,1.0
88248,90262,0.4434854482389495,0.6909905061637166,0.5672379772013331,short-term,0.5672379772013331
90262,92275,0.0,0.9005654838135927,0.45028274190679635,short-term,0.45028274190679635
110397,112410,0.0,0.7362813453440682,0.3681406726720341,short-term,0.3681406726720341
92275,94289,0.0,0.5963055858324032,0.2981527929162016,short-term,0.2981527929162016
