low,high,recent_strength,all_strength,avg_strength,zone_type,strength
101880,103001,1.0,0.5140174296338423,0.7570087148169211,short-term,0.7570087148169211
109728,110849,0.0,1.0,0.5,short-term,0.5
110849,111970,0.0,0.9996876396711298,0.4998438198355649,short-term,0.4998438198355649
107486,108607,0.0,0.9420112063137883,0.47100560315689416,short-term,0.47100560315689416
113091,114212,0.0,0.9210147136474321,0.4605073568237161,short-term,0.4605073568237161
111970,113091,0.0,0.7756807571328311,0.38784037856641557,short-term,0.38784037856641557
