low,high,recent_strength,all_strength,avg_strength,zone_type,strength
86285,88324,1.0,0.7042800036615195,0.8521400018307598,persistent,0.8521400018307598
90362,92401,0.0,1.0,0.5,short-term,0.5
88324,90362,0.20822248716457745,0.6161567474799509,0.41218961732226417,short-term,0.41218961732226417
110748,112787,0.0,0.7481577703058919,0.37407888515294596,short-term,0.37407888515294596
106671,108709,0.0,0.6072369047813826,0.3036184523906913,short-term,0.3036184523906913
