low,high,recent_strength,all_strength,avg_strength,zone_type,strength
100759,101879,1.0,0.6636000327953692,0.8318000163976846,short-term,0.8318000163976846
110844,111964,0.0,1.0,0.5,short-term,0.5
109723,110844,0.0,0.9892675738682798,0.4946337869341399,short-term,0.4946337869341399
107482,108603,0.0,0.9371025302975526,0.4685512651487763,short-term,0.4685512651487763
113085,114205,0.0,0.9162154471364032,0.4581077235682016,short-term,0.4581077235682016
111964,113085,0.0,0.7716388035941957,0.38581940179709784,short-term,0.38581940179709784
