low,high,recent_strength,all_strength,avg_strength,zone_type,strength
94031,95126,1.0,0.3048306813952677,0.6524153406976338,short-term,0.6524153406976338
90746,91841,0.9497018358597289,0.2348676360920832,0.592284735975906,short-term,0.592284735975906
110455,111550,0.0,1.0,0.5,short-term,0.5
112645,113740,0.0,0.8089113635964363,0.40445568179821817,short-term,0.40445568179821817
101696,102791,0.0,0.5813962013965559,0.29069810069827795,short-term,0.29069810069827795
108265,109360,0.0,0.5801304783313482,0.2900652391656741,short-term,0.2900652391656741
107170,108265,0.0,0.579937772249626,0.289968886124813,short-term,0.289968886124813
111550,112645,0.0,0.573443747615824,0.286721873807912,short-term,0.286721873807912
100601,101696,0.0,0.5676418431276186,0.2838209215638093,short-term,0.2838209215638093
