low,high,recent_strength,all_strength,avg_strength,zone_type,strength
86284,88322,1.0,0.7337402734134478,0.866870136706724,persistent,0.866870136706724
90360,92398,0.0,1.0,0.5,short-term,0.5
88322,90360,0.18757955119718484,0.6222854532358236,0.40493250221650423,short-term,0.40493250221650423
110739,112777,0.0,0.7448596471380993,0.37242982356904963,short-term,0.37242982356904963
106663,108701,0.0,0.6135806460818558,0.3067903230409279,short-term,0.3067903230409279
