low,high,recent_strength,all_strength,avg_strength,zone_type,strength
90120,92098,1.0,0.9295364494969125,0.9647682247484562,persistent,0.9647682247484562
86164,88142,0.0,1.0,0.5,short-term,0.5
88142,90120,0.042252959587914966,0.7361666411639692,0.3892098003759421,short-term,0.3892098003759421
92098,94076,0.028136509728930448,0.6255684375431663,0.32685247363604836,short-term,0.32685247363604836
109899,111877,0.0,0.6107012835007236,0.3053506417503618,short-term,0.3053506417503618
