low,high,recent_strength,all_strength,avg_strength,zone_type,strength
94037,96008,1.0,0.4134960833052924,0.7067480416526462,short-term,0.7067480416526462
90094,92065,0.0,1.0,0.5,short-term,0.5
86151,88122,0.0,0.9854800290042918,0.4927400145021459,short-term,0.4927400145021459
88122,90094,0.0,0.7226648616836716,0.3613324308418358,short-term,0.3613324308418358
92065,94037,0.0,0.6657456562366969,0.33287282811834845,short-term,0.33287282811834845
109809,111780,0.0,0.5927907648413326,0.2963953824206663,short-term,0.2963953824206663
