low,high,recent_strength,all_strength,avg_strength,zone_type,strength
86122,88079,1.0,1.0,1.0,persistent,1.0
88079,90037,0.7003281202968513,0.8384515355424609,0.769389827919656,short-term,0.769389827919656
90037,91994,0.0,0.9635031101276135,0.48175155506380674,short-term,0.48175155506380674
91994,93951,0.0,0.6361214628274673,0.31806073141373364,short-term,0.31806073141373364
109609,111566,0.0,0.5235367640359709,0.26176838201798547,short-term,0.26176838201798547
