low,high,recent_strength,all_strength,avg_strength,zone_type,strength
103703,104833,1.0,0.3497131415784823,0.6748565707892411,short-term,0.6748565707892411
100311,101442,0.8822041154084981,0.2564831976712811,0.5693436565398896,short-term,0.5693436565398896
110485,111615,0.0,1.0,0.5,short-term,0.5
112746,113876,0.0,0.8243008681095103,0.41215043405475515,short-term,0.41215043405475515
107094,108224,0.037945853333480536,0.5784710389865596,0.3082084461600201,short-term,0.3082084461600201
108224,109355,0.0,0.6035897722605511,0.30179488613027555,short-term,0.30179488613027555
109355,110485,0.0,0.5797561475422417,0.28987807377112085,short-term,0.28987807377112085
