low,high,recent_strength,all_strength,avg_strength,zone_type,strength
96012,97984,1.0,0.2630111995578736,0.6315055997789368,short-term,0.6315055997789368
90096,92068,0.0,1.0,0.5,short-term,0.5
86152,88124,0.0,0.9858171981610642,0.4929085990805321,short-term,0.4929085990805321
88124,90096,0.0,0.723254249029666,0.361627124514833,short-term,0.361627124514833
92068,94040,0.0,0.6659734324421304,0.3329867162210652,short-term,0.3329867162210652
109816,111788,0.0,0.5953738929748201,0.29768694648741006,short-term,0.29768694648741006
