low,high,recent_strength,all_strength,avg_strength,zone_type,strength
110224,111362,0.9211580242126116,1.0,0.9605790121063058,short-term,0.9605790121063058
106808,107947,1.0,0.5121751973997074,0.7560875986998536,short-term,0.7560875986998536
107947,109085,0.16750208449613815,0.6227132398827389,0.3951076621894385,short-term,0.3951076621894385
112500,113639,0.0,0.7249907979246321,0.36249539896231603,short-term,0.36249539896231603
111362,112500,0.0,0.6439750567438028,0.3219875283719014,short-term,0.3219875283719014
