low,high,recent_strength,all_strength,avg_strength,zone_type,strength
68670,70590,1.0,0.2213958132631851,0.6106979066315925,short-term,0.6106979066315925
89789,91709,0.0,1.0,0.5,short-term,0.5
87869,89789,0.0,0.9056867128193956,0.4528433564096978,short-term,0.4528433564096978
85949,87869,0.0,0.8784352618988044,0.4392176309494022,short-term,0.4392176309494022
91709,93628,0.0,0.7025245950318488,0.3512622975159244,short-term,0.3512622975159244
110908,112828,0.0,0.44526164612193775,0.22263082306096887,short-term,0.22263082306096887
108988,110908,0.0,0.40176284843952575,0.20088142421976288,short-term,0.20088142421976288
93628,95548,0.0,0.3971232125089019,0.19856160625445096,short-term,0.19856160625445096
