low,high,recent_strength,all_strength,avg_strength,zone_type,strength
68650,70564,1.0,0.31170764241368976,0.6558538212068449,short-term,0.6558538212068449
89698,91612,0.0,1.0,0.5,short-term,0.5
87785,89698,0.0,0.9040215994986238,0.4520107997493119,short-term,0.4520107997493119
85872,87785,0.0,0.8529260530853856,0.4264630265426928,short-term,0.4264630265426928
91612,93525,0.0,0.7234923263757956,0.3617461631878978,short-term,0.3617461631878978
110747,112660,0.0,0.4743539760126534,0.2371769880063267,short-term,0.2371769880063267
93525,95439,0.0,0.3819967721375626,0.1909983860687813,short-term,0.1909983860687813
112660,114574,0.0,0.37791549403099767,0.18895774701549883,short-term,0.18895774701549883
