low,high,recent_strength,all_strength,avg_strength,zone_type,strength
88422,90494,1.0,0.46677958170424827,0.7333897908521241,short-term,0.7333897908521241
90494,92565,0.37267531272390225,1.0,0.6863376563619511,short-term,0.6863376563619511
109137,111208,0.0,0.8457753264858312,0.4228876632429156,short-term,0.4228876632429156
111208,113280,0.0,0.7274908151401899,0.36374540757009494,short-term,0.36374540757009494
113280,115351,0.0,0.6963979474555985,0.34819897372779923,short-term,0.34819897372779923
107065,109137,0.0,0.6816269485136521,0.34081347425682607,short-term,0.34081347425682607
