low,high,recent_strength,all_strength,avg_strength,zone_type,strength
86204,88202,1.0,1.0,1.0,persistent,1.0
88202,90200,0.5150602548040702,0.6656087194729208,0.5903344871384955,short-term,0.5903344871384955
90200,92198,0.0,0.7604165749320051,0.38020828746600255,short-term,0.38020828746600255
110180,112178,0.0,0.6554377680594795,0.32771888402973975,short-term,0.32771888402973975
92198,94196,0.0,0.5276157400425205,0.26380787002126027,short-term,0.26380787002126027
