low,high,recent_strength,all_strength,avg_strength,zone_type,strength
95709,96811,1.0,0.291224731381285,0.6456123656906425,short-term,0.6456123656906425
110035,111137,0.0,1.0,0.5,short-term,0.5
101219,102321,0.0,0.7773825897677193,0.3886912948838597,short-term,0.3886912948838597
111137,112239,0.0,0.7733187383266922,0.3866593691633461,short-term,0.3866593691633461
113341,114443,0.0,0.7692223070315113,0.38461115351575564,short-term,0.38461115351575564
107831,108933,0.0,0.6701713673701364,0.3350856836850682,short-term,0.3350856836850682
106729,107831,0.0,0.5988009536506196,0.2994004768253098,short-term,0.2994004768253098
