low,high,recent_strength,all_strength,avg_strength,zone_type,strength
88346,90392,1.0,0.6161717944253926,0.8080858972126963,persistent,0.8080858972126963
90392,92438,0.047185689438386594,1.0,0.5235928447191933,short-term,0.5235928447191933
110853,112899,0.0,0.6936181673144264,0.3468090836572132,short-term,0.3468090836572132
108807,110853,0.0,0.6149282738343328,0.3074641369171664,short-term,0.3074641369171664
100623,102669,0.0,0.5942102052806207,0.29710510264031037,short-term,0.29710510264031037
