low,high,recent_strength,all_strength,avg_strength,zone_type,strength
86204,88203,1.0,1.0,1.0,persistent,1.0
88203,90201,0.5251911607857863,0.6679680957578694,0.5965796282718279,short-term,0.5965796282718279
90201,92199,0.0,0.7631120156332584,0.3815560078166292,short-term,0.3815560078166292
110183,112181,0.0,0.6568023582099163,0.32840117910495814,short-term,0.32840117910495814
92199,94197,0.0,0.5294859740526854,0.2647429870263427,short-term,0.2647429870263427
