low,high,recent_strength,all_strength,avg_strength,zone_type,strength
68653,70568,1.0,0.2961917139874713,0.6480958569937356,short-term,0.6480958569937356
89713,91628,0.0,1.0,0.5,short-term,0.5
87799,89713,0.0,0.8977937546488212,0.4488968773244106,short-term,0.4488968773244106
85884,87799,0.0,0.8471831923195587,0.42359159615977937,short-term,0.42359159615977937
91628,93542,0.0,0.7124518271661668,0.3562259135830834,short-term,0.3562259135830834
110773,112687,0.0,0.46751454974903556,0.23375727487451778,short-term,0.23375727487451778
93542,95457,0.0,0.3827598935706495,0.19137994678532474,short-term,0.19137994678532474
106944,108858,0.0,0.37670648813161417,0.18835324406580709,short-term,0.18835324406580709
