low,high,recent_strength,all_strength,avg_strength,zone_type,strength
86265,88293,1.0,0.957673586850528,0.978836793425264,persistent,0.978836793425264
90321,92350,0.0,1.0,0.5,short-term,0.5
88293,90321,0.2211959626804602,0.6835420822772842,0.45236902247887223,short-term,0.45236902247887223
110605,112634,0.0,0.8118676232317524,0.4059338116158762,short-term,0.4059338116158762
92350,94378,0.0,0.690740342673015,0.3453701713365075,short-term,0.3453701713365075
