low,high,recent_strength,all_strength,avg_strength,zone_type,strength
68563,70447,1.0,0.5765675521105786,0.7882837760552893,persistent,0.7882837760552893
89290,91175,0.0,1.0,0.5,short-term,0.5
87406,89290,0.0,0.9238969249623186,0.4619484624811593,short-term,0.4619484624811593
91175,93059,0.0,0.8699544037043802,0.4349772018521901,short-term,0.4349772018521901
85522,87406,0.0,0.7064740451141684,0.3532370225570842,short-term,0.3532370225570842
110018,111902,0.0,0.5418838074430389,0.27094190372151944,short-term,0.27094190372151944
111902,113786,0.0,0.4415677328631107,0.22078386643155534,short-term,0.22078386643155534
