low,high,recent_strength,all_strength,avg_strength,zone_type,strength
86470,87536,1.0,0.6110172642317077,0.8055086321158538,persistent,0.8055086321158538
110981,112046,0.0,1.0,0.5,short-term,0.5
109915,110981,0.0,0.9875230390978647,0.4937615195489323,short-term,0.4937615195489323
113112,114177,0.0,0.8454449257586906,0.4227224628793453,short-term,0.4227224628793453
101390,102455,0.0,0.7967254644591715,0.39836273222958574,short-term,0.39836273222958574
107784,108849,0.0,0.7492654926271998,0.3746327463135999,short-term,0.3746327463135999
106718,107784,0.0,0.6702514985089854,0.3351257492544927,short-term,0.3351257492544927
103521,104587,0.0,0.5903662774057316,0.2951831387028658,short-term,0.2951831387028658
112046,113112,0.0,0.5859422613312593,0.29297113066562963,short-term,0.29297113066562963
