low,high,recent_strength,all_strength,avg_strength,zone_type,strength
86208,88209,1.0,1.0,1.0,persistent,1.0
88209,90209,0.775258214123145,0.6932705919577139,0.7342644030404295,short-term,0.7342644030404295
90209,92209,0.0,0.7852492929366228,0.3926246464683114,short-term,0.3926246464683114
110211,112211,0.0,0.6693259654711514,0.3346629827355757,short-term,0.3346629827355757
92209,94209,0.0,0.5486338091596054,0.2743169045798027,short-term,0.2743169045798027
