low,high,recent_strength,all_strength,avg_strength,zone_type,strength
90465,92530,0.8596322571331684,1.0,0.9298161285665842,short-term,0.9298161285665842
92530,94594,1.0,0.5350719234917203,0.7675359617458601,short-term,0.7675359617458601
109044,111109,0.0,0.7733746778791403,0.38668733893957014,short-term,0.38668733893957014
111109,113173,0.0,0.6927212395995825,0.34636061979979127,short-term,0.34636061979979127
113173,115237,0.0,0.6572905786183345,0.32864528930916725,short-term,0.32864528930916725
106980,109044,0.0,0.6434249048182871,0.32171245240914353,short-term,0.32171245240914353
