low,high,recent_strength,all_strength,avg_strength,zone_type,strength
86252,88274,1.0,0.9927380937634367,0.9963690468817183,persistent,0.9963690468817183
88274,90295,0.6303294061433744,0.7181659158414035,0.674247660992389,short-term,0.674247660992389
90295,92317,0.0,1.0,0.5,short-term,0.5
110514,112536,0.0,0.8232092147684763,0.41160460738423815,short-term,0.41160460738423815
92317,94339,0.0,0.6750506491039133,0.33752532455195666,short-term,0.33752532455195666
