low,high,recent_strength,all_strength,avg_strength,zone_type,strength
86212,88214,1.0,1.0,1.0,persistent,1.0
88214,90217,0.3340401959041313,0.6644985858000797,0.49926939085210553,short-term,0.49926939085210553
90217,92219,0.0,0.8040861534216239,0.40204307671081196,short-term,0.40204307671081196
110238,112240,0.0,0.6687488533227582,0.3343744266613791,short-term,0.3343744266613791
92219,94221,0.0,0.5518486763205487,0.27592433816027434,short-term,0.27592433816027434
