low,high,recent_strength,all_strength,avg_strength,zone_type,strength
68635,70543,1.0,0.3588613412916763,0.6794306706458382,short-term,0.6794306706458382
89627,91535,0.0,1.0,0.5,short-term,0.5
87718,89627,0.0,0.8767782394543236,0.4383891197271618,short-term,0.4383891197271618
85810,87718,0.0,0.8192116046994506,0.4096058023497253,short-term,0.4096058023497253
91535,93443,0.0,0.7146826596591839,0.35734132982959194,short-term,0.35734132982959194
110618,112527,0.0,0.4898316976745493,0.24491584883727466,short-term,0.24491584883727466
93443,95352,0.0,0.3855000778407904,0.1927500389203952,short-term,0.1927500389203952
112527,114435,0.0,0.38456661877042536,0.19228330938521268,short-term,0.19228330938521268
