low,high,recent_strength,all_strength,avg_strength,zone_type,strength
90106,92081,1.0,0.9988184591908486,0.9994092295954242,persistent,0.9994092295954242
86157,88132,0.0,1.0,0.5,short-term,0.5
92081,94055,0.18975817867697348,0.643787305823252,0.41677274225011274,short-term,0.41677274225011274
88132,90106,0.0,0.7368380753889123,0.36841903769445616,short-term,0.36841903769445616
109852,111827,0.0,0.6073063645165717,0.30365318225828586,short-term,0.30365318225828586
