low,high,recent_strength,all_strength,avg_strength,zone_type,strength
86220,88226,1.0,1.0,1.0,persistent,1.0
88226,90233,0.6220882841639565,0.6763587348778676,0.649223509520912,short-term,0.649223509520912
90233,92239,0.0,0.8044913699028511,0.40224568495142554,short-term,0.40224568495142554
110295,112301,0.0,0.6625806755826295,0.3312903377913147,short-term,0.3312903377913147
92239,94245,0.0,0.5724157371743795,0.2862078685871898,short-term,0.2862078685871898
