low,high,recent_strength,all_strength,avg_strength,zone_type,strength
90488,92558,0.6552840451007667,1.0,0.8276420225503833,short-term,0.8276420225503833
88418,90488,1.0,0.4743676396846545,0.7371838198423273,short-term,0.7371838198423273
109118,111188,0.0,0.8152282313263213,0.40761411566316064,short-term,0.40761411566316064
111188,113258,0.0,0.7084848334624072,0.3542424167312036,short-term,0.3542424167312036
107048,109118,0.0,0.661809386126794,0.330904693063397,short-term,0.330904693063397
113258,115328,0.0,0.6559580291756153,0.32797901458780765,short-term,0.32797901458780765
