low,high,recent_strength,all_strength,avg_strength,zone_type,strength
86269,88299,1.0,0.8595509765663061,0.929775488283153,persistent,0.929775488283153
90330,92360,0.0,1.0,0.5,short-term,0.5
88299,90330,0.2975862824611371,0.6592261491853295,0.4784062158232333,short-term,0.4784062158232333
110635,112665,0.0,0.7707438445492483,0.38537192227462413,short-term,0.38537192227462413
92360,94391,0.0,0.6351024112766049,0.31755120563830247,short-term,0.31755120563830247
