low,high,recent_strength,all_strength,avg_strength,zone_type,strength
90585,92679,0.7671686979049568,0.7971590594593688,0.7821638786821627,short-term,0.7821638786821627
84302,86396,1.0,0.433377917705072,0.716688958852536,short-term,0.716688958852536
109433,111527,0.0,1.0,0.5,short-term,0.5
111527,113621,0.0,0.8021022944262599,0.40105114721312995,short-term,0.40105114721312995
107339,109433,0.0,0.721360079631275,0.3606800398156375,short-term,0.3606800398156375
101056,103150,0.0,0.7064392332830143,0.35321961664150714,short-term,0.35321961664150714
