low,high,recent_strength,all_strength,avg_strength,zone_type,strength
66663,68540,1.0,0.4760427845232699,0.738021392261635,persistent,0.738021392261635
89183,91059,0.0,1.0,0.5,short-term,0.5
87306,89183,0.0,0.9045328144277448,0.4522664072138724,short-term,0.4522664072138724
91059,92936,0.0,0.8313102036683347,0.4156551018341674,short-term,0.4156551018341674
85430,87306,0.0,0.6680156737064707,0.3340078368532354,short-term,0.3340078368532354
68540,70416,0.08890465543816986,0.5511275309878072,0.3200160932129885,short-term,0.3200160932129885
109826,111702,0.0,0.5305926949205961,0.26529634746029807,short-term,0.26529634746029807
