low,high,recent_strength,all_strength,avg_strength,zone_type,strength
68646,70559,1.0,0.3286816013425236,0.6643408006712618,short-term,0.6643408006712618
89681,91593,0.0,1.0,0.5,short-term,0.5
87768,89681,0.0,0.9085423724074598,0.4542711862037299,short-term,0.4542711862037299
85856,87768,0.0,0.8450978452154684,0.4225489226077342,short-term,0.4225489226077342
91593,93505,0.0,0.7215046878316962,0.3607523439158481,short-term,0.3607523439158481
110715,112627,0.0,0.47828647863799634,0.23914323931899817,short-term,0.23914323931899817
93505,95417,0.0,0.3835698442700678,0.1917849221350339,short-term,0.1917849221350339
112627,114539,0.0,0.3753473240246927,0.18767366201234634,short-term,0.18767366201234634
