low,high,recent_strength,all_strength,avg_strength,zone_type,strength
88175,90164,1.0,0.7316485405059417,0.8658242702529708,persistent,0.8658242702529708
86186,88175,0.5534239443804446,1.0,0.7767119721902223,short-term,0.7767119721902223
90164,92153,0.2312971074237696,0.7418121787784218,0.4865546431010957,short-term,0.4865546431010957
110055,112044,0.0,0.6355755074698807,0.31778775373494034,short-term,0.31778775373494034
92153,94142,0.0,0.48344188366021495,0.24172094183010748,short-term,0.24172094183010748
