low,high,recent_strength,all_strength,avg_strength,zone_type,strength
86125,88084,1.0,1.0,1.0,persistent,1.0
88084,90043,0.48815879207709667,0.822003843911958,0.6550813179945274,short-term,0.6550813179945274
90043,92002,0.0,0.9803503984372791,0.49017519921863956,short-term,0.49017519921863956
92002,93961,0.0,0.6672903304869172,0.3336451652434586,short-term,0.3336451652434586
109631,111590,0.0,0.526709209772105,0.2633546048860525,short-term,0.2633546048860525
