low,high,recent_strength,all_strength,avg_strength,zone_type,strength
66706,68604,1.0,0.31166936896444264,0.6558346844822214,short-term,0.6558346844822214
89480,91378,0.0,1.0,0.5,short-term,0.5
87582,89480,0.0,0.8943085136101299,0.44715425680506493,short-term,0.44715425680506493
91378,93276,0.0,0.8047375133649078,0.4023687566824539,short-term,0.4023687566824539
85684,87582,0.0,0.763309324043191,0.3816546620215955,short-term,0.3816546620215955
68604,70501,0.2563043531706429,0.4176090815156942,0.33695671734316857,short-term,0.33695671734316857
110357,112255,0.0,0.4981370805011086,0.2490685402505543,short-term,0.2490685402505543
112255,114153,0.0,0.40663054059236775,0.20331527029618388,short-term,0.20331527029618388
