low,high,recent_strength,all_strength,avg_strength,zone_type,strength
77446,79390,1.0,0.19095705934340945,0.5954785296717047,short-term,0.5954785296717047
89108,91052,0.0,1.0,0.5,short-term,0.5
87164,89108,0.0,0.9643143175753583,0.4821571587876792,short-term,0.4821571587876792
91052,92995,0.0,0.8690612340255074,0.4345306170127537,short-term,0.4345306170127537
85221,87164,0.0,0.5637798832648463,0.28188994163242315,short-term,0.28188994163242315
110489,112433,0.0,0.5088497319556171,0.25442486597780856,short-term,0.25442486597780856
94939,96883,0.0,0.39880424822185584,0.19940212411092792,short-term,0.19940212411092792
