low,high,recent_strength,all_strength,avg_strength,zone_type,strength
90573,92665,0.87148506671382,0.8930908601644603,0.8822879634391401,short-term,0.8822879634391401
84299,86391,1.0,0.44611579959859665,0.7230578997992984,short-term,0.7230578997992984
109396,111487,0.0,1.0,0.5,short-term,0.5
111487,113579,0.0,0.8650889662324575,0.43254448311622873,short-term,0.43254448311622873
107305,109396,0.0,0.7440037567746309,0.37200187838731547,short-term,0.37200187838731547
101030,103122,0.0,0.7066833118756566,0.3533416559378283,short-term,0.3533416559378283
