low,high,recent_strength,all_strength,avg_strength,zone_type,strength
90484,92553,0.8046658400918847,1.0,0.9023329200459423,short-term,0.9023329200459423
88415,90484,1.0,0.46954597325020936,0.7347729866251047,short-term,0.7347729866251047
109105,111174,0.0,0.7935950538855688,0.3967975269427844,short-term,0.3967975269427844
111174,113243,0.0,0.7114561608498655,0.35572808042493276,short-term,0.35572808042493276
107036,109105,0.0,0.6548169217435788,0.3274084608717894,short-term,0.3274084608717894
113243,115312,0.0,0.6396715751805223,0.31983578759026116,short-term,0.31983578759026116
