low,high,recent_strength,all_strength,avg_strength,zone_type,strength
90104,92078,1.0,1.0,1.0,persistent,1.0
86156,88130,0.0,0.9883942359421759,0.49419711797108795,short-term,0.49419711797108795
92078,94051,0.2909351480421206,0.6471757797301488,0.4690554638861347,short-term,0.4690554638861347
88130,90104,0.0,0.7274673354907838,0.3637336677453919,short-term,0.3637336677453919
109843,111817,0.0,0.6028469928263039,0.30142349641315197,short-term,0.30142349641315197
