low,high,recent_strength,all_strength,avg_strength,zone_type,strength
90564,92654,1.0,0.9582004827546781,0.9791002413773391,persistent,0.9791002413773391
109367,111456,0.0,1.0,0.5,short-term,0.5
111456,113545,0.0,0.863859612414635,0.4319298062073175,short-term,0.4319298062073175
107278,109367,0.0,0.7510711939023225,0.37553559695116123,short-term,0.37553559695116123
101010,103099,0.0,0.7176764941756874,0.3588382470878437,short-term,0.3588382470878437
