low,high,recent_strength,all_strength,avg_strength,zone_type,strength
90686,91746,1.0,0.6777459057787003,0.8388729528893502,persistent,0.8388729528893502
86447,87507,0.8907049255753702,0.7405649829995586,0.8156349542874644,short-term,0.8156349542874644
109761,110821,0.0,1.0,0.5,short-term,0.5
110821,111881,0.0,0.9942670859647776,0.4971335429823888,short-term,0.4971335429823888
101283,102343,0.0,0.9370750838703225,0.46853754193516123,short-term,0.46853754193516123
112941,114000,0.0,0.888029301432555,0.4440146507162775,short-term,0.4440146507162775
107642,108702,0.0,0.8120942134222867,0.40604710671114336,short-term,0.40604710671114336
106582,107642,0.0,0.7322012595419665,0.36610062977098323,short-term,0.36610062977098323
111881,112941,0.0,0.719234142988274,0.359617071494137,short-term,0.359617071494137
