low,high,recent_strength,all_strength,avg_strength,zone_type,strength
90126,92105,1.0,0.893433143759979,0.9467165718799895,persistent,0.9467165718799895
92105,94085,0.5922599854549867,0.6225282259761935,0.60739410571559,short-term,0.60739410571559
86167,88146,0.0,1.0,0.5,short-term,0.5
88146,90126,0.20186834408262613,0.7614160750298531,0.4816422095562396,short-term,0.4816422095562396
109921,111900,0.0,0.6097994835902422,0.3048997417951211,short-term,0.3048997417951211
