low,high,recent_strength,all_strength,avg_strength,zone_type,strength
90130,92111,0.8194467305036159,0.8552733792769699,0.8373600548902929,short-term,0.8373600548902929
92111,94092,1.0,0.6279897467465724,0.8139948733732862,persistent,0.8139948733732862
86169,88150,0.0,1.0,0.5,short-term,0.5
88150,90130,0.0,0.7459563280454975,0.37297816402274875,short-term,0.37297816402274875
109937,111918,0.0,0.6080191628161958,0.3040095814080979,short-term,0.3040095814080979
