low,high,recent_strength,all_strength,avg_strength,zone_type,strength
68584,70475,1.0,0.5240884562269857,0.7620442281134929,persistent,0.7620442281134929
89389,91280,0.0,1.0,0.5,short-term,0.5
87497,89389,0.0,0.896182915282319,0.4480914576411595,short-term,0.4480914576411595
91280,93171,0.0,0.8155813052970216,0.4077906526485108,short-term,0.4077906526485108
85606,87497,0.0,0.7265676043549667,0.36328380217748335,short-term,0.36328380217748335
110193,112085,0.0,0.5322628791847556,0.2661314395923778,short-term,0.2661314395923778
112085,113976,0.0,0.3997203225541652,0.1998601612770826,short-term,0.1998601612770826
