low,high,recent_strength,all_strength,avg_strength,zone_type,strength
90118,92095,1.0,0.9325344616368182,0.966267230818409,persistent,0.966267230818409
86163,88140,0.0,1.0,0.5,short-term,0.5
88140,90118,0.04493792547842121,0.7361666411639686,0.3905522833211949,short-term,0.3905522833211949
92095,94073,0.0,0.6255684375431648,0.3127842187715824,short-term,0.3127842187715824
109893,111871,0.0,0.6145917721390284,0.3072958860695142,short-term,0.3072958860695142
