low,high,recent_strength,all_strength,avg_strength,zone_type,strength
86226,88235,1.0,1.0,1.0,persistent,1.0
88235,90245,0.3383943371073968,0.6891268569444992,0.513760597025948,short-term,0.513760597025948
90245,92254,0.0,0.8637402942045823,0.43187014710229116,short-term,0.43187014710229116
110336,112345,0.0,0.7128183391575005,0.35640916957875024,short-term,0.35640916957875024
92254,94263,0.0,0.5801183853952677,0.29005919269763386,short-term,0.29005919269763386
