low,high,recent_strength,all_strength,avg_strength,zone_type,strength
64835,66760,1.0,0.18614510616691599,0.593072553083458,short-term,0.593072553083458
62910,64835,0.9424223196477668,0.17542730274490478,0.5589248111963357,short-term,0.5589248111963357
89860,91785,0.0,1.0,0.5,short-term,0.5
86010,87935,0.0,0.9149773919942352,0.4574886959971176,short-term,0.4574886959971176
87935,89860,0.0,0.8683662326974154,0.4341831163487077,short-term,0.4341831163487077
91785,93710,0.0,0.7044505196678025,0.35222525983390124,short-term,0.35222525983390124
111035,112960,0.0,0.4310750147193912,0.2155375073596956,short-term,0.2155375073596956
109110,111035,0.0,0.4229671776192131,0.21148358880960655,short-term,0.21148358880960655
93710,95635,0.0,0.3903277675192644,0.1951638837596322,short-term,0.1951638837596322
