low,high,recent_strength,all_strength,avg_strength,zone_type,strength
90077,92044,0.8883419234848143,1.0,0.9441709617424072,short-term,0.9441709617424072
88110,90077,1.0,0.7093718586440124,0.8546859293220062,persistent,0.8546859293220062
92044,94011,0.9707219862055989,0.674595410254102,0.8226586982298505,short-term,0.8226586982298505
86142,88110,0.0,0.9251353504162451,0.46256767520812253,short-term,0.46256767520812253
109750,111717,0.0,0.5458623046420648,0.2729311523210324,short-term,0.2729311523210324
