low,high,recent_strength,all_strength,avg_strength,zone_type,strength
86127,88087,1.0,1.0,1.0,persistent,1.0
88087,90047,0.41122781880779447,0.8120780357697069,0.6116529272887508,short-term,0.6116529272887508
90047,92006,0.0,0.9724419116756307,0.4862209558378153,short-term,0.4862209558378153
92006,93966,0.0,0.6672586273448218,0.3336293136724109,short-term,0.3336293136724109
109644,111604,0.0,0.5274976575053205,0.26374882875266026,short-term,0.26374882875266026
