low,high,recent_strength,all_strength,avg_strength,zone_type,strength
96016,97989,1.0,0.23174903098150948,0.6158745154907548,short-term,0.6158745154907548
92071,94044,0.4720275244035602,0.6659734324421294,0.5690004784228448,short-term,0.5690004784228448
90098,92071,0.12783803506661598,1.0,0.563919017533308,short-term,0.563919017533308
86153,88126,0.0,0.9858171981610643,0.49290859908053214,short-term,0.49290859908053214
88126,90098,0.0,0.7232542490296646,0.3616271245148323,short-term,0.3616271245148323
109825,111798,0.0,0.6006411825260366,0.3003205912630183,short-term,0.3003205912630183
