low,high,recent_strength,all_strength,avg_strength,zone_type,strength
88167,90153,1.0,0.7646549747500158,0.8823274873750079,persistent,0.8823274873750079
90153,92139,0.5135891031364254,0.7646107945136853,0.6390999488250553,short-term,0.6390999488250553
86180,88167,0.009825904532055499,1.0,0.5049129522660277,short-term,0.5049129522660277
110015,112002,0.0,0.6432698318615235,0.32163491593076177,short-term,0.32163491593076177
92139,94125,0.0,0.4858435986229937,0.24292179931149685,short-term,0.24292179931149685
