low,high,recent_strength,all_strength,avg_strength,zone_type,strength
86192,88184,1.0,1.0,1.0,persistent,1.0
88184,90176,0.8101131427730284,0.6650472470927453,0.7375801949328868,short-term,0.7375801949328868
90176,92168,0.0,0.722036252402635,0.3610181262013175,short-term,0.3610181262013175
110096,112088,0.0,0.6249645765646958,0.3124822882823479,short-term,0.3124822882823479
92168,94160,0.0,0.47817068134752466,0.23908534067376233,short-term,0.23908534067376233
