low,high,recent_strength,all_strength,avg_strength,zone_type,strength
96017,97989,1.0,0.22840116207943553,0.6142005810397178,short-term,0.6142005810397178
90099,92071,0.16706043078139296,1.0,0.5835302153906965,short-term,0.5835302153906965
92071,94044,0.4896827242765524,0.6659734324421328,0.5778280783593426,short-term,0.5778280783593426
86153,88126,0.0,0.9858171981610676,0.4929085990805338,short-term,0.4929085990805338
88126,90099,0.0,0.7232542490296685,0.36162712451483425,short-term,0.36162712451483425
109825,111798,0.0,0.6006411825260393,0.30032059126301963,short-term,0.30032059126301963
