low,high,recent_strength,all_strength,avg_strength,zone_type,strength
94036,95132,1.0,0.30703705294705635,0.6535185264735281,short-term,0.6535185264735281
90747,91844,0.855924446011711,0.21320797315661177,0.5345662095841615,short-term,0.5345662095841615
110478,111575,0.0,1.0,0.5,short-term,0.5
112671,113767,0.0,0.8110710446569438,0.4055355223284719,short-term,0.4055355223284719
107190,108286,0.0,0.6095470295542003,0.30477351477710013,short-term,0.30477351477710013
100613,101709,0.0,0.5841110307267192,0.2920555153633596,short-term,0.2920555153633596
109382,110478,0.0,0.582347039029381,0.2911735195146905,short-term,0.2911735195146905
111575,112671,0.0,0.5754725330122125,0.28773626650610623,short-term,0.28773626650610623
101709,102805,0.0,0.5732437778507253,0.28662188892536267,short-term,0.28662188892536267
