low,high,recent_strength,all_strength,avg_strength,zone_type,strength
88106,90072,1.0,0.7493064554410591,0.8746532277205296,persistent,0.8746532277205296
90072,92038,0.24895866215563753,1.0,0.6244793310778187,short-term,0.6244793310778187
86140,88106,0.18245600291001096,0.9616259437117536,0.5720409733108822,short-term,0.5720409733108822
92038,94005,0.21238550474539772,0.6838026947543665,0.4480940997498821,short-term,0.4480940997498821
109734,111700,0.0,0.5571432829448074,0.2785716414724037,short-term,0.2785716414724037
