low,high,recent_strength,all_strength,avg_strength,zone_type,strength
66705,68602,1.0,0.3109542967647652,0.6554771483823826,short-term,0.6554771483823826
89475,91373,0.0,1.0,0.5,short-term,0.5
87578,89475,0.0,0.8876804853991863,0.44384024269959316,short-term,0.44384024269959316
91373,93270,0.0,0.8051730408949294,0.4025865204474647,short-term,0.4025865204474647
85680,87578,0.0,0.7615580410114577,0.38077902050572887,short-term,0.38077902050572887
68602,70500,0.3064936056191832,0.42032633929644764,0.3634099724578154,short-term,0.3634099724578154
110348,112246,0.0,0.49699418994668215,0.24849709497334108,short-term,0.24849709497334108
112246,114143,0.0,0.40569759618373624,0.20284879809186812,short-term,0.20284879809186812
