low,high,recent_strength,all_strength,avg_strength,zone_type,strength
86128,88087,1.0,1.0,1.0,persistent,1.0
88087,90047,0.425647296972381,0.811537427976487,0.618592362474434,short-term,0.618592362474434
90047,92007,0.0,0.9742765129852405,0.48713825649262027,short-term,0.48713825649262027
92007,93967,0.0,0.6685174722556382,0.3342587361278191,short-term,0.3342587361278191
109646,111606,0.0,0.5284928304628655,0.2642464152314328,short-term,0.2642464152314328
