low,high,recent_strength,all_strength,avg_strength,zone_type,strength
68634,70542,1.0,0.3612078454907073,0.6806039227453536,short-term,0.6806039227453536
89621,91529,0.0,1.0,0.5,short-term,0.5
87713,89621,0.0,0.8814236879706303,0.44071184398531515,short-term,0.44071184398531515
85805,87713,0.0,0.8235394197383171,0.41176970986915856,short-term,0.41176970986915856
91529,93437,0.0,0.7280109271714597,0.3640054635857298,short-term,0.3640054635857298
110609,112517,0.0,0.4931158507851653,0.24655792539258264,short-term,0.24655792539258264
112517,114425,0.0,0.3870595052154237,0.19352975260771185,short-term,0.19352975260771185
83897,85805,0.0,0.37186427400031435,0.18593213700015718,short-term,0.18593213700015718
