low,high,recent_strength,all_strength,avg_strength,zone_type,strength
101023,102131,0.504176219656757,0.8332828175643733,0.6687295186105651,short-term,0.6687295186105651
94377,95485,1.0,0.19476908306555252,0.5973845415327763,short-term,0.5973845415327763
96593,97700,0.9048454541724091,0.17623591942519354,0.5405406867988013,short-term,0.5405406867988013
109884,110992,0.0,1.0,0.5,short-term,0.5
110992,112100,0.0,0.9719623453231412,0.4859811726615706,short-term,0.4859811726615706
113207,114315,0.0,0.8394354065304869,0.41971770326524344,short-term,0.41971770326524344
107669,108777,0.0,0.7548708834152116,0.3774354417076058,short-term,0.3774354417076058
106561,107669,0.0,0.6824657932968704,0.3412328966484352,short-term,0.3412328966484352
