low,high,recent_strength,all_strength,avg_strength,zone_type,strength
90103,92076,1.0,1.0,1.0,persistent,1.0
86155,88129,0.0,0.9783354745404238,0.4891677372702119,short-term,0.4891677372702119
92076,94050,0.29660162808932306,0.6428340609808607,0.4697178445350919,short-term,0.4697178445350919
88129,90103,0.0,0.7177652106878809,0.35888260534394045,short-term,0.35888260534394045
109840,111813,0.0,0.596711896280723,0.2983559481403615,short-term,0.2983559481403615
