low,high,recent_strength,all_strength,avg_strength,zone_type,strength
77446,79390,1.0,0.1702082603124227,0.5851041301562113,short-term,0.5851041301562113
89110,91054,0.0,1.0,0.5,short-term,0.5
87166,89110,0.0,0.9643143175753538,0.4821571587876769,short-term,0.4821571587876769
91054,92998,0.0,0.8690612340255109,0.43453061701275547,short-term,0.43453061701275547
85222,87166,0.0,0.5637798832648463,0.28188994163242315,short-term,0.28188994163242315
110494,112438,0.0,0.5062439803152118,0.2531219901576059,short-term,0.2531219901576059
94942,96886,0.0,0.3988042482218478,0.1994021241109239,short-term,0.1994021241109239
