low,high,recent_strength,all_strength,avg_strength,zone_type,strength
105221,106338,1.0,0.4071760587329769,0.7035880293664885,short-term,0.7035880293664885
110805,111921,0.0,1.0,0.5,short-term,0.5
107455,108571,0.0,0.8498702495953995,0.42493512479769974,short-term,0.42493512479769974
109688,110805,0.0,0.8493120942013442,0.4246560471006721,short-term,0.4246560471006721
113038,114154,0.0,0.8476321121118017,0.42381605605590084,short-term,0.42381605605590084
111921,113038,0.0,0.6914805515393366,0.3457402757696683,short-term,0.3457402757696683
