low,high,recent_strength,all_strength,avg_strength,zone_type,strength
102610,103722,1.0,0.479098896983476,0.739549448491738,short-term,0.739549448491738
101498,102610,0.551442905023704,0.6695769200234565,0.6105099125235802,short-term,0.6105099125235802
110394,111506,0.0,1.0,0.5,short-term,0.5
112618,113730,0.0,0.8327650884405289,0.41638254422026444,short-term,0.41638254422026444
98162,99274,0.6736066841138364,0.1539119768494723,0.41375933048165436,short-term,0.41375933048165436
108170,109282,0.0,0.6519170271521477,0.32595851357607386,short-term,0.32595851357607386
111506,112618,0.0,0.647059125685978,0.323529562842989,short-term,0.323529562842989
107058,108170,0.0,0.5735314690619306,0.2867657345309653,short-term,0.2867657345309653
