low,high,recent_strength,all_strength,avg_strength,zone_type,strength
86466,87531,1.0,0.6465084075995756,0.8232542037997879,persistent,0.8232542037997879
110951,112016,0.0,1.0,0.5,short-term,0.5
109887,110951,0.0,0.9900920176508045,0.49504600882540223,short-term,0.49504600882540223
113080,114145,0.0,0.8406308764662322,0.4203154382331161,short-term,0.4203154382331161
101370,102435,0.0,0.8185327830366396,0.4092663915183198,short-term,0.4092663915183198
107758,108822,0.0,0.7704502940849588,0.3852251470424794,short-term,0.3852251470424794
105628,106693,0.0,0.6157516212928199,0.30787581064640995,short-term,0.30787581064640995
106693,107758,0.0,0.609472195521953,0.3047360977609765,short-term,0.3047360977609765
112016,113080,0.0,0.5975558625166165,0.29877793125830826,short-term,0.29877793125830826
