low,high,recent_strength,all_strength,avg_strength,zone_type,strength
88109,90076,1.0,0.7305952895569415,0.8652976447784708,persistent,0.8652976447784708
92043,94010,0.8348678063369284,0.687151841920473,0.7610098241287007,short-term,0.7610098241287007
90076,92043,0.3695202177423655,1.0,0.6847601088711828,short-term,0.6847601088711828
86142,88109,0.2708127579893578,0.9663358210330157,0.6185742895111868,short-term,0.6185742895111868
109746,111713,0.0,0.5611709757790277,0.2805854878895139,short-term,0.2805854878895139
