low,high,recent_strength,all_strength,avg_strength,zone_type,strength
66674,68557,1.0,0.42892799278980764,0.7144639963949038,short-term,0.7144639963949038
68557,70439,0.5361509490287683,0.5707404503433732,0.5534456996860707,short-term,0.5534456996860707
89262,91144,0.0,1.0,0.5,short-term,0.5
87379,89262,0.0,0.9312922276385012,0.4656461138192506,short-term,0.4656461138192506
91144,93026,0.0,0.8750947703476719,0.43754738517383596,short-term,0.43754738517383596
85497,87379,0.0,0.6793266287326649,0.33966331436633246,short-term,0.33966331436633246
109967,111849,0.0,0.5453529124085664,0.2726764562042832,short-term,0.2726764562042832
111849,113731,0.0,0.4441130956702792,0.2220565478351396,short-term,0.2220565478351396
