low,high,recent_strength,all_strength,avg_strength,zone_type,strength
101030,102139,0.8287000710339847,0.8445500488567057,0.8366250599453452,short-term,0.8366250599453452
94377,95486,1.0,0.192545516757807,0.5962727583789035,short-term,0.5962727583789035
96595,97704,0.9276710043712507,0.17861889291789632,0.5531449486445735,short-term,0.5531449486445735
111010,112118,0.0,1.0,0.5,short-term,0.5
109901,111010,0.0,0.9980436633689791,0.49902183168448955,short-term,0.49902183168448955
113227,114336,0.0,0.8393845200116209,0.41969226000581045,short-term,0.41969226000581045
107683,108792,0.0,0.7943862019858431,0.39719310099292154,short-term,0.39719310099292154
106574,107683,0.0,0.6916937526164435,0.34584687630822175,short-term,0.34584687630822175
