low,high,recent_strength,all_strength,avg_strength,zone_type,strength
66715,68617,1.0,0.2914220572866073,0.6457110286433037,short-term,0.6457110286433037
89545,91447,0.0,1.0,0.5,short-term,0.5
87642,89545,0.0,0.8513255556949673,0.42566277784748363,short-term,0.42566277784748363
85740,87642,0.0,0.8006007681201243,0.40030038406006213,short-term,0.40030038406006213
68617,70520,0.3775844042767064,0.37921488826810734,0.37839964627240685,short-term,0.37839964627240685
91447,93350,0.0,0.7478830650689313,0.37394153253446566,short-term,0.37394153253446566
110473,112375,0.0,0.49705000167583596,0.24852500083791798,short-term,0.24852500083791798
112375,114278,0.0,0.39290053335437625,0.19645026667718812,short-term,0.19645026667718812
