low,high,recent_strength,all_strength,avg_strength,zone_type,strength
96011,97983,1.0,0.2630111995578761,0.631505599778938,short-term,0.631505599778938
90096,92068,0.0,1.0,0.5,short-term,0.5
86152,88124,0.0,0.985817198161069,0.4929085990805345,short-term,0.4929085990805345
88124,90096,0.0,0.723254249029665,0.3616271245148325,short-term,0.3616271245148325
92068,94039,0.0,0.6659734324421347,0.33298671622106735,short-term,0.33298671622106735
109815,111787,0.0,0.59537389297483,0.297686946487415,short-term,0.297686946487415
