low,high,recent_strength,all_strength,avg_strength,zone_type,strength
86448,87508,1.0,0.736917832226785,0.8684589161133924,persistent,0.8684589161133924
90688,91748,0.9890201468831689,0.6603603895337372,0.824690268208453,short-term,0.824690268208453
110828,111888,0.0,1.0,0.5,short-term,0.5
109768,110828,0.0,0.9950751779297005,0.49753758896485023,short-term,0.49753758896485023
101288,102348,0.0,0.9324601558157442,0.4662300779078721,short-term,0.4662300779078721
112948,114008,0.0,0.8646984493622711,0.43234922468113557,short-term,0.43234922468113557
107648,108708,0.0,0.8080947939168585,0.40404739695842923,short-term,0.40404739695842923
111888,112948,0.0,0.7240200060507024,0.3620100030253512,short-term,0.3620100030253512
106588,107648,0.0,0.7202487602249631,0.36012438011248155,short-term,0.36012438011248155
