low,high,recent_strength,all_strength,avg_strength,zone_type,strength
86233,88246,1.0,1.0,1.0,persistent,1.0
88246,90259,0.23794733928464376,0.6822828314348531,0.46011508535974843,short-term,0.46011508535974843
90259,92271,0.0,0.8849326281920291,0.44246631409601456,short-term,0.44246631409601456
110386,112398,0.0,0.727685930350902,0.363842965175451,short-term,0.363842965175451
92271,94284,0.0,0.5951048223409876,0.2975524111704938,short-term,0.2975524111704938
