low,high,recent_strength,all_strength,avg_strength,zone_type,strength
77495,79442,1.0,0.13809061539281003,0.569045307696405,short-term,0.569045307696405
89175,91122,0.0,1.0,0.5,short-term,0.5
87229,89175,0.0,0.9574457599922355,0.47872287999611773,short-term,0.47872287999611773
91122,93069,0.0,0.8617770950946951,0.43088854754734757,short-term,0.43088854754734757
85282,87229,0.0,0.572137272744978,0.286068636372489,short-term,0.286068636372489
110590,112536,0.0,0.49800039575629085,0.24900019787814542,short-term,0.24900019787814542
