low,high,recent_strength,all_strength,avg_strength,zone_type,strength
90575,92666,0.9082420778572332,0.8903990529832444,0.8993205654202387,short-term,0.8993205654202387
84300,86391,1.0,0.4447711909293396,0.7223855954646698,short-term,0.7223855954646698
109400,111492,0.0,1.0,0.5,short-term,0.5
111492,113584,0.0,0.8594675226629035,0.42973376133145175,short-term,0.42973376133145175
107309,109400,0.0,0.7417613033528557,0.37088065167642786,short-term,0.37088065167642786
101033,103125,0.0,0.710996838466964,0.355498419233482,short-term,0.355498419233482
