low,high,recent_strength,all_strength,avg_strength,zone_type,strength
91066,92157,1.0,0.35352184409439086,0.6767609220471954,short-term,0.6767609220471954
110700,111791,0.0,1.0,0.5,short-term,0.5
89975,91066,0.6958170789384207,0.2459865368986828,0.47090180791855174,short-term,0.47090180791855174
112882,113972,0.0,0.7947886142280942,0.3973943071140471,short-term,0.3973943071140471
107428,108519,0.0,0.7618616584293907,0.38093082921469534,short-term,0.38093082921469534
109609,110700,0.0,0.7356853001022134,0.3678426500511067,short-term,0.3678426500511067
111791,112882,0.0,0.6486332538232198,0.3243166269116099,short-term,0.3243166269116099
101974,103065,0.0,0.6205200190487796,0.3102600095243898,short-term,0.3102600095243898
103065,104155,0.0,0.5829774589160163,0.29148872945800813,short-term,0.29148872945800813
