low,high,recent_strength,all_strength,avg_strength,zone_type,strength
68637,70546,1.0,0.36412440621418035,0.6820622031070902,short-term,0.6820622031070902
89635,91544,0.0,1.0,0.5,short-term,0.5
87726,89635,0.0,0.8914215412432209,0.44571077062161046,short-term,0.44571077062161046
85817,87726,0.0,0.8285232827965899,0.41426164139829497,short-term,0.41426164139829497
91544,93453,0.0,0.726244837182348,0.363122418591174,short-term,0.363122418591174
110633,112542,0.0,0.490744327032657,0.2453721635163285,short-term,0.2453721635163285
93453,95362,0.0,0.3850087122198448,0.1925043561099224,short-term,0.1925043561099224
112542,114451,0.0,0.3846727893536964,0.1923363946768482,short-term,0.1923363946768482
