low,high,recent_strength,all_strength,avg_strength,zone_type,strength
68593,70487,1.0,0.4883156349043361,0.744157817452168,persistent,0.744157817452168
89431,91326,0.0,1.0,0.5,short-term,0.5
87537,89431,0.0,0.9148538648500708,0.4574269324250354,short-term,0.4574269324250354
91326,93220,0.0,0.8227062106738983,0.41135310533694913,short-term,0.41135310533694913
85643,87537,0.0,0.75218182265196,0.37609091132598,short-term,0.37609091132598
110270,112164,0.0,0.5028407366320717,0.25142036831603587,short-term,0.25142036831603587
112164,114058,0.0,0.40524526448131154,0.20262263224065577,short-term,0.20262263224065577
