low,high,recent_strength,all_strength,avg_strength,zone_type,strength
90444,92503,0.7243550955862765,1.0,0.8621775477931383,short-term,0.8621775477931383
92503,94562,1.0,0.5216419817783874,0.7608209908891936,short-term,0.7608209908891936
111035,113094,0.0,0.6676599069670115,0.33382995348350575,short-term,0.33382995348350575
108976,111035,0.0,0.6517207939826366,0.3258603969913183,short-term,0.3258603969913183
106917,108976,0.0,0.5928878464246343,0.29644392321231716,short-term,0.29644392321231716
100740,102799,0.0,0.5917921997044274,0.2958960998522137,short-term,0.2958960998522137
