low,high,recent_strength,all_strength,avg_strength,zone_type,strength
90112,92087,1.0,0.9533969682147044,0.9766984841073523,persistent,0.9766984841073523
86160,88136,0.0,1.0,0.5,short-term,0.5
88136,90112,0.0,0.7373184475131076,0.3686592237565538,short-term,0.3686592237565538
92087,94063,0.0,0.6266163453442316,0.3133081726721158,short-term,0.3133081726721158
109871,111847,0.0,0.6092946602169627,0.30464733010848133,short-term,0.30464733010848133
