low,high,recent_strength,all_strength,avg_strength,zone_type,strength
86230,88241,1.0,1.0,1.0,persistent,1.0
90253,92264,0.0,0.8787540827415814,0.4393770413707907,short-term,0.4393770413707907
110365,112376,0.0,0.7248371165338531,0.36241855826692654,short-term,0.36241855826692654
88241,90253,0.0,0.6717864722121446,0.3358932361060723,short-term,0.3358932361060723
92264,94275,0.0,0.5887730087271558,0.2943865043635779,short-term,0.2943865043635779
