low,high,recent_strength,all_strength,avg_strength,zone_type,strength
88177,90166,1.0,0.7129673725449039,0.856483686272452,persistent,0.856483686272452
86187,88177,0.6646120482507705,1.0,0.8323060241253852,short-term,0.8323060241253852
90166,92156,0.0,0.7252606960597598,0.3626303480298799,short-term,0.3626303480298799
110063,112052,0.0,0.6376090024335298,0.3188045012167649,short-term,0.3188045012167649
92156,94146,0.0,0.4834418836602156,0.2417209418301078,short-term,0.2417209418301078
