low,high,recent_strength,all_strength,avg_strength,zone_type,strength
86188,88178,0.8786361830824058,1.0,0.9393180915412029,short-term,0.9393180915412029
88178,90167,1.0,0.7000757663261717,0.8500378831630859,persistent,0.8500378831630859
90167,92157,0.0,0.723221839222152,0.361610919611076,short-term,0.361610919611076
110066,112056,0.0,0.6369900610177187,0.31849503050885936,short-term,0.31849503050885936
92157,94147,0.0,0.4829725957380066,0.2414862978690033,short-term,0.2414862978690033
