low,high,recent_strength,all_strength,avg_strength,zone_type,strength
94033,96003,1.0,0.43552378498434724,0.7177618924921736,short-term,0.7177618924921736
90091,92062,0.0,1.0,0.5,short-term,0.5
86149,88120,0.0,0.9896279350650029,0.49481396753250145,short-term,0.49481396753250145
88120,90091,0.0,0.7231152923436487,0.36155764617182434,short-term,0.36155764617182434
92062,94033,0.0,0.6694969718480437,0.33474848592402184,short-term,0.33474848592402184
109799,111770,0.0,0.5924610041510884,0.2962305020755442,short-term,0.2962305020755442
