low,high,recent_strength,all_strength,avg_strength,zone_type,strength
105220,106336,1.0,0.4002218604487766,0.7001109302243883,short-term,0.7001109302243883
110801,111917,0.0,1.0,0.5,short-term,0.5
107452,108568,0.0,0.8353552355007139,0.41767761775035694,short-term,0.41767761775035694
113034,114150,0.0,0.833155323378142,0.416577661689071,short-term,0.416577661689071
109685,110801,0.0,0.8177275186433757,0.40886375932168784,short-term,0.40886375932168784
111917,113034,0.0,0.6796706900262659,0.33983534501313295,short-term,0.33983534501313295
