low,high,recent_strength,all_strength,avg_strength,zone_type,strength
88264,90282,1.0,0.775519282893375,0.8877596414466875,persistent,0.8877596414466875
86245,88264,0.3621388057035412,0.9977947491333478,0.6799667774184445,short-term,0.6799667774184445
90282,92301,0.0,1.0,0.5,short-term,0.5
110469,112488,0.0,0.7990295741498581,0.39951478707492905,short-term,0.39951478707492905
92301,94320,0.0,0.6775785953458741,0.33878929767293703,short-term,0.33878929767293703
