low,high,recent_strength,all_strength,avg_strength,zone_type,strength
94037,96009,1.0,0.4120329050318043,0.7060164525159022,short-term,0.7060164525159022
90094,92066,0.0,1.0,0.5,short-term,0.5
86151,88122,0.0,0.9854800290042873,0.49274001450214366,short-term,0.49274001450214366
88122,90094,0.0,0.7226648616836653,0.36133243084183264,short-term,0.36133243084183264
92066,94037,0.0,0.6657456562366958,0.3328728281183479,short-term,0.3328728281183479
109809,111781,0.0,0.5951702632209214,0.2975851316104607,short-term,0.2975851316104607
