low,high,recent_strength,all_strength,avg_strength,zone_type,strength
88076,90032,1.0,0.8695438699925866,0.9347719349962933,persistent,0.9347719349962933
86120,88076,0.43469195818591316,1.0,0.7173459790929566,short-term,0.7173459790929566
90032,91988,0.1634180008497411,0.9831591939035251,0.5732885973766331,short-term,0.5732885973766331
91988,93944,0.0,0.6361491164020691,0.31807455820103453,short-term,0.31807455820103453
109593,111549,0.0,0.5262713745052436,0.2631356872526218,short-term,0.2631356872526218
