low,high,recent_strength,all_strength,avg_strength,zone_type,strength
90492,92563,0.5480936174208499,1.0,0.774046808710425,short-term,0.774046808710425
88421,90492,1.0,0.4593009916994038,0.7296504958497019,short-term,0.7296504958497019
109131,111202,0.0,0.8350882198154814,0.4175441099077407,short-term,0.4175441099077407
111202,113273,0.0,0.7182983361216658,0.3591491680608329,short-term,0.3591491680608329
113273,115345,0.0,0.6760697439194634,0.3380348719597317,short-term,0.3380348719597317
107060,109131,0.0,0.6746977674204825,0.33734888371024124,short-term,0.33734888371024124
