low,high,recent_strength,all_strength,avg_strength,zone_type,strength
88356,90406,1.0,0.5676191854065726,0.7838095927032863,short-term,0.7838095927032863
90406,92455,0.19996745661890636,1.0,0.5999837283094531,short-term,0.5999837283094531
110900,112950,0.0,0.6734529398349283,0.33672646991746413,short-term,0.33672646991746413
108851,110900,0.0,0.6066438467934031,0.30332192339670155,short-term,0.30332192339670155
106801,108851,0.0,0.5778714219387648,0.2889357109693824,short-term,0.2889357109693824
100653,102702,0.0,0.5723370447536412,0.2861685223768206,short-term,0.2861685223768206
