low,high,recent_strength,all_strength,avg_strength,zone_type,strength
94039,95136,1.0,0.3070370529470562,0.6535185264735281,short-term,0.6535185264735281
110491,111588,0.0,1.0,0.5,short-term,0.5
90748,91845,0.6907905915098185,0.1720736714294641,0.43143213146964127,short-term,0.43143213146964127
112685,113782,0.0,0.8110710446569384,0.4055355223284692,short-term,0.4055355223284692
107201,108298,0.0,0.5946901673391648,0.2973450836695824,short-term,0.2973450836695824
100620,101717,0.0,0.589471849452434,0.294735924726217,short-term,0.294735924726217
101717,102813,0.0,0.581279926031105,0.2906399630155525,short-term,0.2906399630155525
109394,110491,0.0,0.5782587379264833,0.28912936896324165,short-term,0.28912936896324165
111588,112685,0.0,0.5754725330122163,0.2877362665061082,short-term,0.2877362665061082
