low,high,recent_strength,all_strength,avg_strength,zone_type,strength
88101,90066,1.0,0.7832030479696639,0.891601523984832,persistent,0.891601523984832
90066,92030,0.3632827942907444,1.0,0.6816413971453722,short-term,0.6816413971453722
86137,88101,0.16401266211767868,0.9508251486046098,0.5574189053611442,short-term,0.5574189053611442
92030,93994,0.0,0.6826419185471838,0.3413209592735919,short-term,0.3413209592735919
109710,111674,0.0,0.5495144266719263,0.27475721333596315,short-term,0.27475721333596315
