low,high,recent_strength,all_strength,avg_strength,zone_type,strength
68592,70486,1.0,0.48894840175868487,0.7444742008793425,persistent,0.7444742008793425
89427,91321,0.0,1.0,0.5,short-term,0.5
87533,89427,0.0,0.9149894932913225,0.45749474664566125,short-term,0.45749474664566125
91321,93215,0.0,0.824510803170447,0.4122554015852235,short-term,0.4122554015852235
85639,87533,0.0,0.752714924714042,0.376357462357021,short-term,0.376357462357021
110262,112156,0.0,0.5081561075583588,0.2540780537791794,short-term,0.2540780537791794
112156,114050,0.0,0.4055324783964242,0.2027662391982121,short-term,0.2027662391982121
