low,high,recent_strength,all_strength,avg_strength,zone_type,strength
86278,88313,1.0,0.7691208882046521,0.884560444102326,persistent,0.884560444102326
90348,92383,0.0,1.0,0.5,short-term,0.5
110699,112734,0.0,0.7233480433718739,0.36167402168593693,short-term,0.36167402168593693
88313,90348,0.07595420813074667,0.6188112925984711,0.3473827503646089,short-term,0.3473827503646089
106629,108664,0.0,0.6329586232728159,0.31647931163640797,short-term,0.31647931163640797
