low,high,recent_strength,all_strength,avg_strength,zone_type,strength
68633,70540,1.0,0.35774580832555547,0.6788729041627777,short-term,0.6788729041627777
89616,91524,0.0,1.0,0.5,short-term,0.5
87709,89616,0.0,0.863459506286483,0.4317297531432415,short-term,0.4317297531432415
85801,87709,0.0,0.8209771194980195,0.4104885597490098,short-term,0.4104885597490098
91524,93431,0.0,0.7184959529806074,0.3592479764903037,short-term,0.3592479764903037
110600,112507,0.0,0.4883895265276638,0.2441947632638319,short-term,0.2441947632638319
112507,114415,0.0,0.3816011320787997,0.19080056603939985,short-term,0.19080056603939985
93431,95339,0.0,0.3685279587448957,0.18426397937244784,short-term,0.18426397937244784
