low,high,recent_strength,all_strength,avg_strength,zone_type,strength
66659,68533,1.0,0.48869701634555407,0.744348508172777,persistent,0.744348508172777
89152,91026,0.0,1.0,0.5,short-term,0.5
87277,89152,0.0,0.9195672583274506,0.4597836291637253,short-term,0.4597836291637253
91026,92900,0.0,0.8384052815665342,0.4192026407832671,short-term,0.4192026407832671
85403,87277,0.0,0.6445844693641954,0.3222922346820977,short-term,0.3222922346820977
68533,70407,0.0,0.5530220732925897,0.27651103664629484,short-term,0.27651103664629484
109770,111644,0.0,0.5241140701588204,0.2620570350794102,short-term,0.2620570350794102
