low,high,recent_strength,all_strength,avg_strength,zone_type,strength
101877,102996,0.9361195156559893,0.5055697976661504,0.7208446566610698,short-term,0.7208446566610698
105235,106355,1.0,0.3373685016330552,0.6686842508165276,short-term,0.6686842508165276
109713,110832,0.0,1.0,0.5,short-term,0.5
110832,111952,0.0,0.9997684135184639,0.49988420675923195,short-term,0.49988420675923195
107474,108593,0.0,0.9608519273898125,0.48042596369490626,short-term,0.48042596369490626
113071,114191,0.0,0.9195009377119463,0.45975046885597315,short-term,0.45975046885597315
111952,113071,0.0,0.778223374639207,0.3891116873196035,short-term,0.3891116873196035
