low,high,recent_strength,all_strength,avg_strength,zone_type,strength
77445,79387,1.0,0.22116130194224395,0.610580650971122,short-term,0.610580650971122
89101,91043,0.0,1.0,0.5,short-term,0.5
87158,89101,0.0,0.9657747203079041,0.48288736015395206,short-term,0.48288736015395206
91043,92986,0.0,0.8726175834925332,0.4363087917462666,short-term,0.4363087917462666
85215,87158,0.0,0.5651227106347488,0.2825613553173744,short-term,0.2825613553173744
110470,112412,0.0,0.5100617250889599,0.25503086254447993,short-term,0.25503086254447993
112412,114355,0.0,0.39639814178347615,0.19819907089173808,short-term,0.19819907089173808
