low,high,recent_strength,all_strength,avg_strength,zone_type,strength
88098,90062,1.0,0.8094848555519231,0.9047424277759615,persistent,0.9047424277759615
90062,92025,0.1756482228078062,1.0,0.5878241114039031,short-term,0.5878241114039031
86135,88098,0.0,0.9398067938259432,0.4699033969129716,short-term,0.4699033969129716
92025,93988,0.0,0.685948096977882,0.342974048488941,short-term,0.342974048488941
109696,111659,0.0,0.5483643223090571,0.27418216115452854,short-term,0.27418216115452854
