low,high,recent_strength,all_strength,avg_strength,zone_type,strength
90476,92544,0.8366765104281808,1.0,0.9183382552140904,short-term,0.9183382552140904
88409,90476,1.0,0.49579174378541246,0.7478958718927062,short-term,0.7478958718927062
109081,111148,0.0,0.790706970530476,0.395353485265238,short-term,0.395353485265238
111148,113215,0.0,0.7253236204273544,0.3626618102136772,short-term,0.3626618102136772
107014,109081,0.0,0.6686533206045362,0.3343266603022681,short-term,0.3343266603022681
113215,115282,0.0,0.6401076858922843,0.32005384294614214,short-term,0.32005384294614214
