low,high,recent_strength,all_strength,avg_strength,zone_type,strength
101878,102998,1.0,0.5102364278296678,0.7551182139148339,short-term,0.7551182139148339
110836,111956,0.0,1.0,0.5,short-term,0.5
109717,110836,0.0,0.9964268763186681,0.49821343815933405,short-term,0.49821343815933405
107477,108597,0.0,0.9574186846138024,0.4787093423069012,short-term,0.4787093423069012
113076,114196,0.0,0.9162154471364026,0.4581077235682013,short-term,0.4581077235682013
111956,113076,0.0,0.7716388035942009,0.38581940179710045,short-term,0.38581940179710045
