low,high,recent_strength,all_strength,avg_strength,zone_type,strength
104100,105216,1.0,0.5646523643119784,0.7823261821559893,short-term,0.7823261821559893
105216,106331,0.8032281640680763,0.39231437727806084,0.5977712706730686,short-term,0.5977712706730686
110793,111909,0.0,1.0,0.5,short-term,0.5
113024,114140,0.0,0.8365167616592336,0.4182583808296168,short-term,0.4182583808296168
107447,108562,0.0,0.8327105182811838,0.4163552591405919,short-term,0.4163552591405919
109678,110793,0.0,0.8119726313036284,0.4059863156518142,short-term,0.4059863156518142
111909,113024,0.0,0.6715196761996183,0.33575983809980914,short-term,0.33575983809980914
