low,high,recent_strength,all_strength,avg_strength,zone_type,strength
103703,104833,1.0,0.3497131415784829,0.6748565707892414,short-term,0.6748565707892414
100311,101442,0.9343109912272304,0.27163222939446785,0.6029716103108491,short-term,0.6029716103108491
110486,111616,0.0,1.0,0.5,short-term,0.5
112747,113877,0.0,0.8243008681095134,0.4121504340547567,short-term,0.4121504340547567
107094,108225,0.03794585333348069,0.5784710389865609,0.3082084461600208,short-term,0.3082084461600208
108225,109355,0.0,0.6035897722605528,0.3017948861302764,short-term,0.3017948861302764
109355,110486,0.0,0.5797561475422388,0.2898780737711194,short-term,0.2898780737711194
