low,high,recent_strength,all_strength,avg_strength,zone_type,strength
86217,88221,1.0,1.0,1.0,persistent,1.0
88221,90226,0.6350878663635637,0.6663793761203479,0.6507336212419559,short-term,0.6507336212419559
90226,92230,0.0,0.8016928693232355,0.40084643466161773,short-term,0.40084643466161773
110271,112276,0.0,0.6490397171674199,0.32451985858370996,short-term,0.32451985858370996
92230,94235,0.0,0.5671671226938956,0.2835835613469478,short-term,0.2835835613469478
