low,high,recent_strength,all_strength,avg_strength,zone_type,strength
66759,68683,1.0,0.18653062093663272,0.5932653104683163,short-term,0.5932653104683163
64834,66759,0.9972392723888658,0.18601566070109096,0.5916274665449783,short-term,0.5916274665449783
89852,91777,0.0,1.0,0.5,short-term,0.5
86003,87928,0.0,0.9064981008354647,0.45324905041773234,short-term,0.45324905041773234
87928,89852,0.0,0.8726816693195987,0.43634083465979934,short-term,0.43634083465979934
91777,93701,0.0,0.7013998187142986,0.3506999093571493,short-term,0.3506999093571493
111021,112946,0.0,0.4382469357476022,0.2191234678738011,short-term,0.2191234678738011
109097,111021,0.0,0.41520135492096616,0.20760067746048308,short-term,0.20760067746048308
93701,95626,0.0,0.3910842551990868,0.1955421275995434,short-term,0.1955421275995434
