low,high,recent_strength,all_strength,avg_strength,zone_type,strength
100760,101883,1.0,0.6066568727867014,0.8033284363933507,short-term,0.8033284363933507
110860,111982,0.0,1.0,0.5,short-term,0.5
109737,110860,0.0,0.9426680114851858,0.4713340057425929,short-term,0.4713340057425929
107493,108615,0.0,0.8660927080663696,0.4330463540331848,short-term,0.4330463540331848
113104,114226,0.0,0.864679954289937,0.4323399771449685,short-term,0.4323399771449685
111982,113104,0.0,0.6604170983752903,0.33020854918764514,short-term,0.33020854918764514
