low,high,recent_strength,all_strength,avg_strength,zone_type,strength
90463,92527,0.9929479711876149,1.0,0.9964739855938074,short-term,0.9964739855938074
92527,94590,1.0,0.5195048558194686,0.7597524279097343,short-term,0.7597524279097343
109037,111100,0.0,0.7451194238646061,0.37255971193230303,short-term,0.37255971193230303
111100,113164,0.0,0.6830396714119101,0.34151983570595507,short-term,0.34151983570595507
113164,115228,0.0,0.6402824719051634,0.3201412359525817,short-term,0.3201412359525817
106973,109037,0.0,0.6337315727087718,0.3168657863543859,short-term,0.3168657863543859
