low,high,recent_strength,all_strength,avg_strength,zone_type,strength
90425,92480,0.7625833924318778,1.0,0.881291696215939,short-term,0.881291696215939
88371,90425,1.0,0.5096953661205077,0.7548476830602538,short-term,0.7548476830602538
110969,113023,0.0,0.662038436711644,0.331019218355822,short-term,0.331019218355822
108915,110969,0.0,0.6220000200238854,0.3110000100119427,short-term,0.3110000100119427
100697,102751,0.0,0.5725973680280921,0.28629868401404607,short-term,0.28629868401404607
113023,115078,0.0,0.569970106587104,0.284985053293552,short-term,0.284985053293552
