low,high,recent_strength,all_strength,avg_strength,zone_type,strength
90579,92672,1.0,0.8922889707630572,0.9461444853815286,persistent,0.9461444853815286
109414,111507,0.0,1.0,0.5,short-term,0.5
111507,113599,0.0,0.8608811191627782,0.4304405595813891,short-term,0.4304405595813891
107321,109414,0.0,0.7417613033528557,0.37088065167642786,short-term,0.37088065167642786
101043,103136,0.0,0.7143071667931153,0.3571535833965577,short-term,0.3571535833965577
