low,high,recent_strength,all_strength,avg_strength,zone_type,strength
102612,103725,1.0,0.46677197060243564,0.7333859853012178,short-term,0.7333859853012178
101500,102612,0.5514429050237046,0.6523491087061228,0.6018960068649137,persistent,0.6018960068649137
110400,111512,0.0,1.0,0.5,short-term,0.5
112625,113737,0.0,0.8113385437280697,0.40566927186403484,short-term,0.40566927186403484
108175,109287,0.0,0.6351435942537443,0.31757179712687217,short-term,0.31757179712687217
111512,112625,0.0,0.6046812852956279,0.30234064264781396,short-term,0.30234064264781396
107062,108175,0.0,0.5587748494143996,0.2793874247071998,short-term,0.2793874247071998
