low,high,recent_strength,all_strength,avg_strength,zone_type,strength
88104,90070,1.0,0.7645526965497633,0.8822763482748817,persistent,0.8822763482748817
90070,92035,0.213467402203792,1.0,0.6067337011018961,short-term,0.6067337011018961
86139,88104,0.1564452854158528,0.9602129839782281,0.5583291346970405,short-term,0.5583291346970405
92035,94001,0.056337373599605486,0.6838026947543603,0.37007003417698286,short-term,0.37007003417698286
109725,111690,0.0,0.5571432829448105,0.27857164147240526,short-term,0.27857164147240526
