low,high,recent_strength,all_strength,avg_strength,zone_type,strength
77444,79386,1.0,0.24019317856522776,0.6200965892826139,short-term,0.6200965892826139
89095,91037,0.0,1.0,0.5,short-term,0.5
87153,89095,0.0,0.971076748368358,0.485538374184179,short-term,0.485538374184179
91037,92979,0.0,0.8711941037389018,0.4355970518694509,short-term,0.4355970518694509
85211,87153,0.0,0.56441612047493,0.282208060237465,short-term,0.282208060237465
110455,112397,0.0,0.5161523377773494,0.2580761688886747,short-term,0.2580761688886747
94920,96862,0.0,0.3971529917129889,0.19857649585649445,short-term,0.19857649585649445
