low,high,recent_strength,all_strength,avg_strength,zone_type,strength
90478,92545,0.8611492846176965,1.0,0.9305746423088482,short-term,0.9305746423088482
88410,90478,1.0,0.490305221109608,0.745152610554804,short-term,0.745152610554804
109085,111153,0.0,0.7907069705304776,0.3953534852652388,short-term,0.3953534852652388
111153,113220,0.0,0.7253236204273669,0.36266181021368343,short-term,0.36266181021368343
107018,109085,0.0,0.6686533206045338,0.3343266603022669,short-term,0.3343266603022669
113220,115287,0.0,0.6445980355677633,0.32229901778388165,short-term,0.32229901778388165
