low,high,recent_strength,all_strength,avg_strength,zone_type,strength
96009,97981,1.0,0.2630111995578757,0.6315055997789378,short-term,0.6315055997789378
90094,92066,0.0,1.0,0.5,short-term,0.5
86151,88123,0.0,0.985817198161068,0.492908599080534,short-term,0.492908599080534
88123,90094,0.0,0.7232542490296657,0.36162712451483287,short-term,0.36162712451483287
92066,94038,0.0,0.6659734324421313,0.3329867162210656,short-term,0.3329867162210656
109811,111782,0.0,0.5953738929748249,0.29768694648741245,short-term,0.29768694648741245
