low,high,recent_strength,all_strength,avg_strength,zone_type,strength
88165,90151,1.0,0.7646549747500173,0.8823274873750087,persistent,0.8823274873750087
90151,92137,0.7921690592857633,0.7813228721624509,0.7867459657241072,short-term,0.7867459657241072
86179,88165,0.0,1.0,0.5,short-term,0.5
110008,111994,0.0,0.6432698318615208,0.3216349159307604,short-term,0.3216349159307604
92137,94122,0.0,0.48584359862298937,0.24292179931149468,short-term,0.24292179931149468
