low,high,recent_strength,all_strength,avg_strength,zone_type,strength
88168,90154,1.0,0.7646549747500153,0.8823274873750077,persistent,0.8823274873750077
90154,92141,0.4417483108413432,0.758832095021172,0.6002902029312576,short-term,0.6002902029312576
86181,88168,0.06184733443414256,1.0,0.5309236672170713,short-term,0.5309236672170713
110020,112006,0.0,0.6439173742912636,0.3219586871456318,short-term,0.3219586871456318
92141,94127,0.0,0.485843598622996,0.242921799311498,short-term,0.242921799311498
