low,high,recent_strength,all_strength,avg_strength,zone_type,strength
90682,91742,1.0,0.6825551916969343,0.8412775958484672,persistent,0.8412775958484672
86445,87504,0.6111922186574865,0.7266888288925367,0.6689405237750117,short-term,0.6689405237750117
110809,111868,0.0,1.0,0.5,short-term,0.5
109750,110809,0.0,0.9568999972545817,0.4784499986272909,short-term,0.4784499986272909
101275,102335,0.0,0.9195168701117377,0.45975843505586883,short-term,0.45975843505586883
112928,113987,0.0,0.8713900709516247,0.43569503547581234,short-term,0.43569503547581234
107631,108691,0.0,0.8074295120588865,0.40371475602944323,short-term,0.40371475602944323
106572,107631,0.0,0.7079301045503564,0.3539650522751782,short-term,0.3539650522751782
111868,112928,0.0,0.7057576702461946,0.3528788351230973,short-term,0.3528788351230973
