low,high,recent_strength,all_strength,avg_strength,zone_type,strength
62910,64839,1.0,0.17991759091307236,0.5899587954565362,short-term,0.5899587954565362
89924,91853,0.0,1.0,0.5,short-term,0.5
64839,66769,0.8378548647709152,0.1507448288043811,0.49429984678764816,short-term,0.49429984678764816
86065,87994,0.0,0.98720887023459,0.493604435117295,short-term,0.493604435117295
87994,89924,0.0,0.8737068582210152,0.4368534291105076,short-term,0.4368534291105076
91853,93783,0.0,0.7105845805737958,0.3552922902868979,short-term,0.3552922902868979
109219,111149,0.0,0.47237495012600966,0.23618747506300483,short-term,0.23618747506300483
93783,95712,0.0,0.41121850278354694,0.20560925139177347,short-term,0.20560925139177347
111149,113078,0.0,0.4102971979837647,0.20514859899188234,short-term,0.20514859899188234
