low,high,recent_strength,all_strength,avg_strength,zone_type,strength
88425,90498,1.0,0.4720701287580457,0.7360350643790229,short-term,0.7360350643790229
90498,92570,0.16412707982410119,1.0,0.5820635399120506,short-term,0.5820635399120506
109149,111222,0.0,0.8569096951762551,0.4284548475881276,short-term,0.4284548475881276
111222,113294,0.0,0.7397118518226072,0.3698559259113036,short-term,0.3698559259113036
113294,115367,0.0,0.699238341987799,0.3496191709938995,short-term,0.3496191709938995
107077,109149,0.0,0.6888690927810858,0.3444345463905429,short-term,0.3444345463905429
