low,high,recent_strength,all_strength,avg_strength,zone_type,strength
102611,103723,1.0,0.47909889698348057,0.7395494484917403,short-term,0.7395494484917403
101499,102611,0.551442905023705,0.6695769200234615,0.6105099125235832,persistent,0.6105099125235832
110397,111509,0.0,1.0,0.5,short-term,0.5
112622,113734,0.0,0.8327650884405414,0.4163825442202707,short-term,0.4163825442202707
108173,109285,0.0,0.6519170271521575,0.32595851357607875,short-term,0.32595851357607875
111509,112622,0.0,0.6470591256859874,0.3235295628429937,short-term,0.3235295628429937
107060,108173,0.0,0.5735314690619353,0.28676573453096765,short-term,0.28676573453096765
