low,high,recent_strength,all_strength,avg_strength,zone_type,strength
68595,70490,1.0,0.4729042728295165,0.7364521364147583,persistent,0.7364521364147583
89440,91336,0.0,1.0,0.5,short-term,0.5
87545,89440,0.0,0.9175642786094059,0.45878213930470296,short-term,0.45878213930470296
91336,93231,0.0,0.8208645347789525,0.41043226738947625,short-term,0.41043226738947625
85650,87545,0.0,0.7555091894250862,0.3777545947125431,short-term,0.3777545947125431
110286,112181,0.0,0.5122040755747552,0.2561020377873776,short-term,0.2561020377873776
112181,114076,0.0,0.40696577398750744,0.20348288699375372,short-term,0.20348288699375372
