low,high,recent_strength,all_strength,avg_strength,zone_type,strength
90455,92516,0.9778175055436504,1.0,0.9889087527718252,short-term,0.9889087527718252
92516,94578,1.0,0.49955204518491325,0.7497760225924566,short-term,0.7497760225924566
109010,111072,0.0,0.6628666739128407,0.33143333695642035,short-term,0.33143333695642035
111072,113134,0.0,0.6607037163249304,0.3303518581624652,short-term,0.3303518581624652
106949,109010,0.0,0.5904486831284788,0.2952243415642394,short-term,0.2952243415642394
113134,115196,0.0,0.5805930548252722,0.2902965274126361,short-term,0.2902965274126361
