low,high,recent_strength,all_strength,avg_strength,zone_type,strength
86456,87517,1.0,0.732045561234323,0.8660227806171614,persistent,0.8660227806171614
109818,110880,0.0,1.0,0.5,short-term,0.5
110880,111942,0.0,0.9573803688214104,0.4786901844107052,short-term,0.4786901844107052
101322,102384,0.0,0.8820513610405694,0.4410256805202847,short-term,0.4410256805202847
113003,114065,0.0,0.8415028114647108,0.4207514057323554,short-term,0.4207514057323554
107694,108756,0.0,0.7897330349464906,0.3948665174732453,short-term,0.3948665174732453
111942,113003,0.0,0.7305489782563922,0.3652744891281961,short-term,0.3652744891281961
106632,107694,0.0,0.7009669241626691,0.3504834620813346,short-term,0.3504834620813346
121499,122561,0.0,0.5854056548699005,0.29270282743495024,short-term,0.29270282743495024
