low,high,recent_strength,all_strength,avg_strength,zone_type,strength
86238,88253,1.0,1.0,1.0,persistent,1.0
88253,90267,0.7388336051830611,0.7080248966255922,0.7234292509043266,short-term,0.7234292509043266
90267,92282,0.0,0.9227663446806017,0.46138317234030085,short-term,0.46138317234030085
110417,112432,0.0,0.749580993970219,0.3747904969851095,short-term,0.3747904969851095
92282,94297,0.0,0.611005790962656,0.305502895481328,short-term,0.305502895481328
