low,high,recent_strength,all_strength,avg_strength,zone_type,strength
91067,92158,1.0,0.3318538247424831,0.6659269123712416,short-term,0.6659269123712416
110706,111797,0.0,1.0,0.5,short-term,0.5
89976,91067,0.7185004454546796,0.23843712090331332,0.47846878317899644,short-term,0.47846878317899644
112889,113980,0.0,0.7889096162848706,0.3944548081424353,short-term,0.3944548081424353
107433,108524,0.0,0.7562262189644101,0.37811310948220506,short-term,0.37811310948220506
109615,110706,0.0,0.7302434853998562,0.3651217426999281,short-term,0.3651217426999281
111797,112889,0.0,0.6364384244876694,0.3182192122438347,short-term,0.3182192122438347
101978,103069,0.0,0.615930074187452,0.307965037093726,short-term,0.307965037093726
103069,104160,0.0,0.5786652138478874,0.2893326069239437,short-term,0.2893326069239437
