low,high,recent_strength,all_strength,avg_strength,zone_type,strength
104109,105226,0.9886672040007314,0.5480972160696707,0.768382210035201,short-term,0.768382210035201
105226,106344,1.0,0.4298360146119051,0.7149180073059526,short-term,0.7149180073059526
110814,111932,0.0,1.0,0.5,short-term,0.5
109696,110814,0.0,0.9522290746136168,0.4761145373068084,short-term,0.4761145373068084
107461,108579,0.0,0.94218712148829,0.471093560744145,short-term,0.471093560744145
113049,114167,0.0,0.8866459194601352,0.4433229597300676,short-term,0.4433229597300676
111932,113049,0.0,0.7381206629394671,0.36906033146973355,short-term,0.36906033146973355
