low,high,recent_strength,all_strength,avg_strength,zone_type,strength
64838,66766,1.0,0.19524222166221508,0.5976211108311076,short-term,0.5976211108311076
62910,64838,0.920133454804933,0.1796488999418445,0.5498911773733888,short-term,0.5498911773733888
89906,91834,0.0,1.0,0.5,short-term,0.5
86049,87978,0.0,0.980525836747537,0.4902629183737685,short-term,0.4902629183737685
87978,89906,0.0,0.878512061950889,0.4392560309754445,short-term,0.4392560309754445
91834,93763,0.0,0.7061199346074858,0.3530599673037429,short-term,0.3530599673037429
109189,111117,0.0,0.45805493619441723,0.22902746809720861,short-term,0.22902746809720861
93763,95691,0.0,0.4185339347667913,0.20926696738339565,short-term,0.20926696738339565
111117,113046,0.0,0.4168858779253701,0.20844293896268504,short-term,0.20844293896268504
