low,high,recent_strength,all_strength,avg_strength,zone_type,strength
104099,105214,1.0,0.5485340242132006,0.7742670121066003,short-term,0.7742670121066003
105214,106329,0.7007266819260076,0.3811155282901298,0.5409211051080687,short-term,0.5409211051080687
110789,111904,0.0,1.0,0.5,short-term,0.5
100753,101868,0.2805883808006169,0.6783568019808309,0.4794725913907239,short-term,0.4794725913907239
113019,114134,0.0,0.8126378894275087,0.40631894471375435,short-term,0.40631894471375435
107444,108559,0.0,0.8089402975475146,0.4044701487737573,short-term,0.4044701487737573
109674,110789,0.0,0.760248786745546,0.380124393372773,short-term,0.380124393372773
