low,high,recent_strength,all_strength,avg_strength,zone_type,strength
90099,92072,0.3114536128371396,1.0,0.6557268064185698,short-term,0.6557268064185698
92072,94044,0.5980115875914107,0.665973432442135,0.6319925100167729,short-term,0.6319925100167729
96017,97990,1.0,0.2121868803385205,0.6060934401692603,short-term,0.6060934401692603
86153,88126,0.0,0.9858171981610704,0.4929085990805352,short-term,0.4929085990805352
88126,90099,0.0,0.7232542490296681,0.36162712451483403,short-term,0.36162712451483403
109826,111799,0.0,0.6006411825260349,0.30032059126301747,short-term,0.30032059126301747
