low,high,recent_strength,all_strength,avg_strength,zone_type,strength
88171,90159,1.0,0.7544371866336966,0.8772185933168484,persistent,0.8772185933168484
86183,88171,0.25761449275358317,1.0,0.6288072463767915,short-term,0.6288072463767915
90159,92147,0.3050757914049542,0.7465831783552542,0.5258294848801042,short-term,0.5258294848801042
110036,112024,0.0,0.6383805260695716,0.3191902630347858,short-term,0.3191902630347858
92147,94134,0.0,0.4827866717702266,0.2413933358851133,short-term,0.2413933358851133
