low,high,recent_strength,all_strength,avg_strength,zone_type,strength
103706,104837,1.0,0.34264153776970524,0.6713207688848526,short-term,0.6713207688848526
100311,101443,0.9573697893561436,0.27157737689602196,0.6144735831260828,short-term,0.6144735831260828
110495,111626,0.0,1.0,0.5,short-term,0.5
112758,113889,0.0,0.8326640252182698,0.4163320126091349,short-term,0.4163320126091349
107100,108232,0.18129782472168493,0.6002098176587878,0.3907538211902364,short-term,0.3907538211902364
109363,110495,0.0,0.5871053598554593,0.29355267992772965,short-term,0.29355267992772965
108232,109363,0.0,0.5816122922053689,0.29080614610268446,short-term,0.29080614610268446
