low,high,recent_strength,all_strength,avg_strength,zone_type,strength
86215,88218,1.0,1.0,1.0,persistent,1.0
88218,90222,0.5804988810313121,0.6762526444791733,0.6283757627552427,short-term,0.6283757627552427
90222,92225,0.0,0.8028178768274936,0.4014089384137468,short-term,0.4014089384137468
110257,112261,0.0,0.6515979921943664,0.3257989960971832,short-term,0.3257989960971832
92225,94229,0.0,0.56796302258725,0.283981511293625,short-term,0.283981511293625
