low,high,recent_strength,all_strength,avg_strength,zone_type,strength
86190,88181,1.0,1.0,1.0,persistent,1.0
88181,90172,0.9660021193711557,0.6669277247511177,0.8164649220611366,short-term,0.8164649220611366
90172,92163,0.0,0.7190581138068313,0.35952905690341563,short-term,0.35952905690341563
110084,112075,0.0,0.6289767839190572,0.3144883919595286,short-term,0.3144883919595286
92163,94155,0.0,0.47619840009881154,0.23809920004940577,short-term,0.23809920004940577
