low,high,recent_strength,all_strength,avg_strength,zone_type,strength
88078,90035,1.0,0.8549318638359857,0.9274659319179929,persistent,0.9274659319179929
86121,88078,0.7000482572136337,1.0,0.8500241286068169,short-term,0.8500241286068169
90035,91991,0.18068031575477644,0.9764436952723372,0.5785620055135569,short-term,0.5785620055135569
91991,93948,0.0,0.6361214628274664,0.3180607314137332,short-term,0.3180607314137332
109602,111559,0.0,0.522140335842184,0.261070167921092,short-term,0.261070167921092
