low,high,recent_strength,all_strength,avg_strength,zone_type,strength
68665,70584,1.0,0.22411457119476916,0.6120572855973846,short-term,0.6120572855973846
89769,91688,0.0,1.0,0.5,short-term,0.5
87851,89769,0.0,0.8967411701374177,0.44837058506870886,short-term,0.44837058506870886
85932,87851,0.0,0.8721411241238933,0.43607056206194666,short-term,0.43607056206194666
91688,93606,0.0,0.7023174507566358,0.3511587253783179,short-term,0.3511587253783179
110873,112792,0.0,0.4444178603079914,0.2222089301539957,short-term,0.2222089301539957
93606,95525,0.0,0.3945630211912437,0.19728151059562185,short-term,0.19728151059562185
108955,110873,0.0,0.39214761776785906,0.19607380888392953,short-term,0.19607380888392953
