low,high,recent_strength,all_strength,avg_strength,zone_type,strength
86124,88082,1.0,1.0,1.0,persistent,1.0
88082,90041,0.3881456147428819,0.8123673487079078,0.6002564817253948,short-term,0.6002564817253948
90041,91999,0.0,0.962387529657247,0.4811937648286235,short-term,0.4811937648286235
91999,93957,0.0,0.6343479572967425,0.31717397864837127,short-term,0.31717397864837127
109622,111581,0.0,0.5178636230733208,0.2589318115366604,short-term,0.2589318115366604
