low,high,recent_strength,all_strength,avg_strength,zone_type,strength
90662,91719,1.0,0.7601638754545158,0.880081937727258,persistent,0.880081937727258
110740,111797,0.0,1.0,0.5,short-term,0.5
112853,113910,0.0,0.835831640539691,0.4179158202698455,short-term,0.4179158202698455
101229,102286,0.0,0.8135061810562506,0.4067530905281253,short-term,0.4067530905281253
107570,108627,0.0,0.7642009206441204,0.3821004603220602,short-term,0.3821004603220602
109683,110740,0.0,0.7443396732273007,0.37216983661365033,short-term,0.37216983661365033
86435,87492,0.0,0.6597696833976849,0.32988484169884247,short-term,0.32988484169884247
111797,112853,0.0,0.6240985667326068,0.3120492833663034,short-term,0.3120492833663034
106513,107570,0.0,0.6135153661299692,0.3067576830649846,short-term,0.3067576830649846
