low,high,recent_strength,all_strength,avg_strength,zone_type,strength
81647,83596,1.0,0.21053254563371882,0.6052662728168594,short-term,0.6052662728168594
89442,91390,0.0,1.0,0.5,short-term,0.5
87493,89442,0.0,0.9051670331704401,0.45258351658522006,short-term,0.45258351658522006
91390,93339,0.0,0.7799079985007131,0.38995399925035656,short-term,0.38995399925035656
85544,87493,0.0,0.7152059627562798,0.3576029813781399,short-term,0.3576029813781399
110876,112825,0.0,0.44294073307434134,0.22147036653717067,short-term,0.22147036653717067
