low,high,recent_strength,all_strength,avg_strength,zone_type,strength
66672,68554,1.0,0.4356034369081915,0.7178017184540957,short-term,0.7178017184540957
89247,91129,0.0,1.0,0.5,short-term,0.5
87366,89247,0.0,0.9371004190917394,0.4685502095458697,short-term,0.4685502095458697
68554,70435,0.3567473849790598,0.5703800858515161,0.46356373541528795,short-term,0.46356373541528795
91129,93010,0.0,0.8746190073940358,0.4373095036970179,short-term,0.4373095036970179
85485,87366,0.0,0.669682443452762,0.334841221726381,short-term,0.334841221726381
109941,111822,0.0,0.5381731233247599,0.26908656166237993,short-term,0.26908656166237993
111822,113704,0.0,0.44922951768243824,0.22461475884121912,short-term,0.22461475884121912
