low,high,recent_strength,all_strength,avg_strength,zone_type,strength
88025,89979,0.8168692204360479,0.9010936422200784,0.8589814313280631,short-term,0.8589814313280631
82165,84118,1.0,0.2631041545616257,0.6315520772808129,short-term,0.6315520772808129
89979,91932,0.2141119518809072,0.9756938191454081,0.5949028855131576,short-term,0.5949028855131576
86072,88025,0.17515262330595416,1.0,0.5875763116529771,short-term,0.5875763116529771
91932,93886,0.0,0.6846408356495831,0.34232041782479156,short-term,0.34232041782479156
109514,111467,0.0,0.5193502040714839,0.25967510203574196,short-term,0.25967510203574196
