low,high,recent_strength,all_strength,avg_strength,zone_type,strength
90116,92093,1.0,0.9335263341689884,0.9667631670844943,persistent,0.9667631670844943
86162,88139,0.0,1.0,0.5,short-term,0.5
88139,90116,0.05377998978520778,0.7361666411639702,0.394973315474589,short-term,0.394973315474589
92093,94070,0.0,0.6273586653065198,0.3136793326532599,short-term,0.3136793326532599
109887,111864,0.0,0.6145917721390277,0.30729588606951386,short-term,0.30729588606951386
