low,high,recent_strength,all_strength,avg_strength,zone_type,strength
101025,102133,0.604173362036608,0.8332828175643694,0.7187280898004886,short-term,0.7187280898004886
94377,95485,1.0,0.19476908306555143,0.5973845415327758,short-term,0.5973845415327758
96593,97701,0.9048454541724092,0.1762359194251926,0.540540686798801,short-term,0.540540686798801
109888,110996,0.0,1.0,0.5,short-term,0.5
110996,112104,0.0,0.9719623453231376,0.4859811726615688,short-term,0.4859811726615688
113212,114320,0.0,0.8322745703007494,0.4161372851503747,short-term,0.4161372851503747
107673,108780,0.0,0.7548708834152044,0.3774354417076022,short-term,0.3774354417076022
106565,107673,0.0,0.6824657932968683,0.34123289664843415,short-term,0.34123289664843415
