low,high,recent_strength,all_strength,avg_strength,zone_type,strength
68679,70602,1.0,0.195736318041955,0.5978681590209775,short-term,0.5978681590209775
89831,91754,0.0,1.0,0.5,short-term,0.5
85986,87908,0.0,0.9202629984469469,0.46013149922347346,short-term,0.46013149922347346
87908,89831,0.0,0.8857077460367333,0.44285387301836665,short-term,0.44285387301836665
91754,93677,0.0,0.7094619632734283,0.3547309816367141,short-term,0.3547309816367141
110984,112907,0.0,0.45012184294101526,0.22506092147050763,short-term,0.22506092147050763
109061,110984,0.0,0.4130136444810252,0.2065068222405126,short-term,0.2065068222405126
93677,95600,0.0,0.3903332996144922,0.1951666498072461,short-term,0.1951666498072461
