low,high,recent_strength,all_strength,avg_strength,zone_type,strength
92056,94026,1.0,0.7284358187810613,0.8642179093905307,persistent,0.8642179093905307
90086,92056,0.0,1.0,0.5,short-term,0.5
86147,88117,0.0,0.9916449862078172,0.4958224931039086,short-term,0.4958224931039086
88117,90086,0.0,0.7207724182124957,0.36038620910624786,short-term,0.36038620910624786
109783,111752,0.0,0.5915468709358642,0.2957734354679321,short-term,0.2957734354679321
