low,high,recent_strength,all_strength,avg_strength,zone_type,strength
86232,88244,1.0,1.0,1.0,persistent,1.0
90255,92267,0.0,0.8845479146314316,0.4422739573157158,short-term,0.4422739573157158
88244,90255,0.0768302051150875,0.6762157180754793,0.3765229615952834,short-term,0.3765229615952834
110374,112386,0.0,0.7346503989773336,0.3673251994886668,short-term,0.3673251994886668
92267,94279,0.0,0.5926549273444797,0.29632746367223983,short-term,0.29632746367223983
