low,high,recent_strength,all_strength,avg_strength,zone_type,strength
90115,92092,1.0,0.9379999743152831,0.9689999871576416,persistent,0.9689999871576416
86161,88138,0.0,1.0,0.5,short-term,0.5
88138,90115,0.058311811220446985,0.7381233302077074,0.39821757071407715,short-term,0.39821757071407715
92092,94068,0.0,0.6280657090878006,0.3140328545439003,short-term,0.3140328545439003
109882,111859,0.0,0.6152844274166971,0.30764221370834854,short-term,0.30764221370834854
