low,high,recent_strength,all_strength,avg_strength,zone_type,strength
68655,70571,1.0,0.29037353023782037,0.6451867651189102,short-term,0.6451867651189102
89723,91638,0.0,1.0,0.5,short-term,0.5
87807,89723,0.0,0.8950528677934585,0.44752643389672925,short-term,0.44752643389672925
85892,87807,0.0,0.8469609662801308,0.4234804831400654,short-term,0.4234804831400654
91638,93553,0.0,0.7146888209816824,0.3573444104908412,short-term,0.3573444104908412
110790,112705,0.0,0.4635107934031573,0.23175539670157866,short-term,0.23175539670157866
93553,95468,0.0,0.3822078770560605,0.19110393852803026,short-term,0.19110393852803026
112705,114620,0.0,0.3790120721361135,0.18950603606805674,short-term,0.18950603606805674
