low,high,recent_strength,all_strength,avg_strength,zone_type,strength
66716,68620,1.0,0.28659537026799414,0.6432976851339971,short-term,0.6432976851339971
89556,91459,0.0,1.0,0.5,short-term,0.5
87653,89556,0.0,0.8866612577287354,0.4433306288643677,short-term,0.4433306288643677
68620,70523,0.48318013024020295,0.3857418728330106,0.4344610015366068,short-term,0.4344610015366068
85749,87653,0.0,0.8167711186764153,0.40838555933820764,short-term,0.40838555933820764
91459,93362,0.0,0.760840761379644,0.380420380689822,short-term,0.380420380689822
110492,112395,0.0,0.5138914722376513,0.25694573611882565,short-term,0.25694573611882565
112395,114299,0.0,0.3913767456826061,0.19568837284130305,short-term,0.19568837284130305
