low,high,recent_strength,all_strength,avg_strength,zone_type,strength
86256,88280,1.0,0.9854075337030489,0.9927037668515244,persistent,0.9927037668515244
90304,92328,0.0,1.0,0.5,short-term,0.5
110545,112570,0.0,0.8220052306922262,0.4110026153461131,short-term,0.4110026153461131
88280,90304,0.11635835302250286,0.6951258391225337,0.40574209607251827,short-term,0.40574209607251827
92328,94353,0.0,0.6726597050482808,0.3363298525241404,short-term,0.3363298525241404
