low,high,recent_strength,all_strength,avg_strength,zone_type,strength
86259,88284,1.0,0.9826979807095914,0.9913489903547956,persistent,0.9913489903547956
90309,92335,0.0,1.0,0.5,short-term,0.5
88284,90309,0.20469141898253837,0.6866208184155993,0.44565611869906885,short-term,0.44565611869906885
110563,112588,0.0,0.8220052306922194,0.4110026153461097,short-term,0.4110026153461097
92335,94360,0.0,0.6853688621997217,0.34268443109986085,short-term,0.34268443109986085
