low,high,recent_strength,all_strength,avg_strength,zone_type,strength
88099,90062,1.0,0.808105896528692,0.904052948264346,persistent,0.904052948264346
90062,92026,0.17429493541054902,1.0,0.5871474677052745,short-term,0.5871474677052745
86135,88099,0.0,0.9398067938259412,0.4699033969129706,short-term,0.4699033969129706
92026,93989,0.0,0.6859480969778776,0.3429740484889388,short-term,0.3429740484889388
109698,111661,0.0,0.5483643223090615,0.27418216115453076,short-term,0.27418216115453076
