low,high,recent_strength,all_strength,avg_strength,zone_type,strength
88093,90054,1.0,0.8262859990355658,0.9131429995177829,persistent,0.9131429995177829
86131,88093,0.37574591925397555,0.9620654932791481,0.6689057062665619,short-term,0.6689057062665619
90054,92016,0.19841079810666123,1.0,0.5992053990533306,short-term,0.5992053990533306
92016,93977,0.0,0.6845244890166952,0.3422622445083476,short-term,0.3422622445083476
109670,111631,0.0,0.5367677727305085,0.26838388636525423,short-term,0.26838388636525423
