low,high,recent_strength,all_strength,avg_strength,zone_type,strength
76047,77987,1.0,0.1550384419564358,0.5775192209782178,short-term,0.5775192209782178
89629,91569,0.0,1.0,0.5,short-term,0.5
87689,89629,0.0,0.8838603925689742,0.4419301962844871,short-term,0.4419301962844871
85748,87689,0.0,0.8099804617535453,0.40499023087677266,short-term,0.40499023087677266
91569,93510,0.0,0.7173800795784886,0.3586900397892443,short-term,0.3586900397892443
110972,112913,0.0,0.4329230539127266,0.2164615269563633,short-term,0.2164615269563633
109032,110972,0.0,0.4029669405009607,0.20148347025048036,short-term,0.20148347025048036
