low,high,recent_strength,all_strength,avg_strength,zone_type,strength
84302,86397,1.0,0.4333779177050695,0.7166889588525347,short-term,0.7166889588525347
90586,92681,0.6080392219610996,0.7734929265806382,0.6907660742708689,short-term,0.6907660742708689
109438,111532,0.0,1.0,0.5,short-term,0.5
111532,113627,0.0,0.8021022944262637,0.40105114721313184,short-term,0.40105114721313184
107343,109438,0.0,0.7213600796312646,0.3606800398156323,short-term,0.3606800398156323
101059,103154,0.0,0.7111568104634177,0.35557840523170886,short-term,0.35557840523170886
