low,high,recent_strength,all_strength,avg_strength,zone_type,strength
68630,70537,1.0,0.3628796486665508,0.6814398243332754,short-term,0.6814398243332754
89605,91512,0.0,1.0,0.5,short-term,0.5
87698,89605,0.0,0.8814288593859775,0.44071442969298874,short-term,0.44071442969298874
85792,87698,0.0,0.8250515395874292,0.4125257697937146,short-term,0.4125257697937146
91512,93419,0.0,0.7379032153020956,0.3689516076510478,short-term,0.3689516076510478
110580,112487,0.0,0.48659312562665796,0.24329656281332898,short-term,0.24329656281332898
112487,114394,0.0,0.3969000366372725,0.19845001831863626,short-term,0.19845001831863626
93419,95326,0.0,0.38119936380919134,0.19059968190459567,short-term,0.19059968190459567
