low,high,recent_strength,all_strength,avg_strength,zone_type,strength
86453,87515,1.0,0.7320455612343219,0.866022780617161,persistent,0.866022780617161
90699,91760,0.44729034224223324,0.56932517168542,0.5083077569638266,short-term,0.5083077569638266
109804,110865,0.0,1.0,0.5,short-term,0.5
110865,111926,0.0,0.9573803688214184,0.4786901844107092,short-term,0.4786901844107092
101313,102374,0.0,0.878845158106573,0.4394225790532865,short-term,0.4394225790532865
112988,114049,0.0,0.8580966394347701,0.42904831971738505,short-term,0.42904831971738505
107681,108742,0.0,0.7862249644779425,0.3931124822389713,short-term,0.3931124822389713
111926,112988,0.0,0.7139551502863255,0.35697757514316275,short-term,0.35697757514316275
106619,107681,0.0,0.7009669241626673,0.35048346208133363,short-term,0.35048346208133363
