low,high,recent_strength,all_strength,avg_strength,zone_type,strength
90414,92465,0.5785135549468047,1.0,0.7892567774734023,short-term,0.7892567774734023
88362,90414,1.0,0.5389347216130908,0.7694673608065454,short-term,0.7694673608065454
110929,112980,0.0,0.6769547377964974,0.3384773688982487,short-term,0.3384773688982487
108877,110929,0.0,0.602041884023759,0.3010209420118795,short-term,0.3010209420118795
100671,102723,0.0,0.5723370447536444,0.2861685223768222,short-term,0.2861685223768222
106826,108877,0.0,0.5687481973613738,0.2843740986806869,short-term,0.2843740986806869
