low,high,recent_strength,all_strength,avg_strength,zone_type,strength
66670,68550,1.0,0.444238945820371,0.7221194729101855,persistent,0.7221194729101855
89231,91111,0.0,1.0,0.5,short-term,0.5
87351,89231,0.0,0.9157692846030026,0.4578846423015013,short-term,0.4578846423015013
91111,92991,0.0,0.8679845403740165,0.43399227018700826,short-term,0.43399227018700826
68550,70430,0.25447329275448316,0.5638573304906261,0.40916531162255465,short-term,0.40916531162255465
85471,87351,0.0,0.6611749923854454,0.3305874961927227,short-term,0.3305874961927227
109912,111792,0.0,0.5288937117820867,0.26444685589104333,short-term,0.26444685589104333
