low,high,recent_strength,all_strength,avg_strength,zone_type,strength
68640,70550,1.0,0.3616172596130873,0.6808086298065437,short-term,0.6808086298065437
89651,91561,0.0,1.0,0.5,short-term,0.5
87740,89651,0.0,0.8835753455163301,0.44178767275816505,short-term,0.44178767275816505
85830,87740,0.0,0.8339183342543155,0.41695916712715775,short-term,0.41695916712715775
91561,93471,0.0,0.725455686549636,0.362727843274818,short-term,0.362727843274818
110661,112571,0.0,0.49450745237278376,0.24725372618639188,short-term,0.24725372618639188
93471,95381,0.0,0.3840507762161358,0.1920253881080679,short-term,0.1920253881080679
112571,114481,0.0,0.3774164030063077,0.18870820150315384,short-term,0.18870820150315384
