low,high,recent_strength,all_strength,avg_strength,zone_type,strength
77443,79384,1.0,0.2516170637475908,0.6258085318737954,short-term,0.6258085318737954
89088,91029,0.0,1.0,0.5,short-term,0.5
87148,89088,0.0,0.9543865361923828,0.4771932680961914,short-term,0.4771932680961914
91029,92970,0.0,0.8573792645810087,0.42868963229050433,short-term,0.42868963229050433
85207,87148,0.0,0.558290689758489,0.2791453448792445,short-term,0.2791453448792445
110438,112379,0.0,0.5045370326718337,0.25226851633591685,short-term,0.25226851633591685
112379,114320,0.0,0.40000051501178857,0.20000025750589429,short-term,0.20000025750589429
