low,high,recent_strength,all_strength,avg_strength,zone_type,strength
88098,90061,1.0,0.8101878135352225,0.9050939067676113,persistent,0.9050939067676113
90061,92024,0.16498871342777477,1.0,0.5824943567138874,short-term,0.5824943567138874
86134,88098,0.0,0.9398067938259463,0.46990339691297317,short-term,0.46990339691297317
92024,93988,0.0,0.6859480969778802,0.3429740484889401,short-term,0.3429740484889401
109694,111657,0.0,0.548364322309064,0.274182161154532,short-term,0.274182161154532
