low,high,recent_strength,all_strength,avg_strength,zone_type,strength
86269,88300,1.0,0.8573085313864557,0.9286542656932278,persistent,0.9286542656932278
90331,92362,0.0,1.0,0.5,short-term,0.5
88300,90331,0.3076620137072924,0.6636335496165907,0.48564778166194156,short-term,0.48564778166194156
110639,112670,0.0,0.7759726389323326,0.3879863194661663,short-term,0.3879863194661663
92362,94393,0.0,0.6377924506990046,0.3188962253495023,short-term,0.3188962253495023
