low,high,recent_strength,all_strength,avg_strength,zone_type,strength
90104,92078,1.0,1.0,1.0,persistent,1.0
86156,88130,0.0,0.9851303795892111,0.49256518979460556,short-term,0.49256518979460556
92078,94052,0.19313983944931803,0.6374317474637078,0.4152857934565129,short-term,0.4152857934565129
88130,90104,0.0,0.7250651069081272,0.3625325534540636,short-term,0.3625325534540636
109844,111818,0.0,0.6008562831318858,0.3004281415659429,short-term,0.3004281415659429
