low,high,recent_strength,all_strength,avg_strength,zone_type,strength
68671,70591,1.0,0.22059717815064145,0.6102985890753208,short-term,0.6102985890753208
89793,91714,0.0,1.0,0.5,short-term,0.5
87873,89793,0.0,0.9001481018530477,0.45007405092652386,short-term,0.45007405092652386
85953,87873,0.0,0.8790477200584342,0.4395238600292171,short-term,0.4395238600292171
91714,93634,0.0,0.6983752613429923,0.34918763067149616,short-term,0.34918763067149616
110916,112836,0.0,0.44365546586216,0.22182773293108,short-term,0.22182773293108
108996,110916,0.0,0.40031358021285657,0.20015679010642828,short-term,0.20015679010642828
93634,95554,0.0,0.39424499122534845,0.19712249561267423,short-term,0.19712249561267423
