low,high,recent_strength,all_strength,avg_strength,zone_type,strength
86213,88215,1.0,1.0,1.0,persistent,1.0
88215,90217,0.6278396821909055,0.6650106682255987,0.6464251752082522,short-term,0.6464251752082522
90217,92220,0.0,0.8055174437816044,0.4027587218908022,short-term,0.4027587218908022
110242,112244,0.0,0.6699392404260981,0.33496962021304905,short-term,0.33496962021304905
92220,94222,0.0,0.5528309786363163,0.2764154893181581,short-term,0.2764154893181581
