low,high,recent_strength,all_strength,avg_strength,zone_type,strength
68572,70460,1.0,0.5598090675741163,0.7799045337870582,persistent,0.7799045337870582
89335,91222,0.0,1.0,0.5,short-term,0.5
87447,89335,0.0,0.9073250658257885,0.45366253291289427,short-term,0.45366253291289427
91222,93110,0.0,0.8313322615644833,0.4156661307822416,short-term,0.4156661307822416
85560,87447,0.0,0.7178692732208537,0.35893463661042685,short-term,0.35893463661042685
110097,111985,0.0,0.5371981116460246,0.2685990558230123,short-term,0.2685990558230123
111985,113872,0.0,0.4190284521698027,0.20951422608490136,short-term,0.20951422608490136
