low,high,recent_strength,all_strength,avg_strength,zone_type,strength
68659,70575,1.0,0.26340650463666715,0.6317032523183336,short-term,0.6317032523183336
89738,91654,0.0,1.0,0.5,short-term,0.5
87821,89738,0.0,0.9055043738346217,0.45275218691731084,short-term,0.45275218691731084
85905,87821,0.0,0.8598330441433979,0.42991652207169895,short-term,0.42991652207169895
91654,93570,0.0,0.7207679678023797,0.36038398390118986,short-term,0.36038398390118986
110817,112733,0.0,0.43216630594545585,0.21608315297272793,short-term,0.21608315297272793
108900,110817,0.0,0.39800491892387013,0.19900245946193507,short-term,0.19900245946193507
93570,95486,0.0,0.3864174939831185,0.19320874699155924,short-term,0.19320874699155924
