low,high,recent_strength,all_strength,avg_strength,zone_type,strength
93481,94579,1.0,0.3038001636169337,0.6519000818084668,short-term,0.6519000818084668
109953,111052,0.0,1.0,0.5,short-term,0.5
111052,112150,0.0,0.8884223228606875,0.4442111614303437,short-term,0.4442111614303437
101168,102266,0.0,0.8386669438481814,0.4193334719240907,short-term,0.4193334719240907
113248,114346,0.0,0.8103242971231316,0.4051621485615658,short-term,0.4051621485615658
107757,108855,0.0,0.7649498774841104,0.3824749387420552,short-term,0.3824749387420552
112150,113248,0.0,0.6480580248909151,0.32402901244545756,short-term,0.32402901244545756
106659,107757,0.0,0.6435683016826252,0.3217841508413126,short-term,0.3217841508413126
