low,high,recent_strength,all_strength,avg_strength,zone_type,strength
90100,92073,0.8039054107380527,1.0,0.9019527053690264,short-term,0.9019527053690264
92073,94046,0.803803253339509,0.6659734324421335,0.7348883428908213,short-term,0.7348883428908213
94046,96019,1.0,0.3423230961712773,0.6711615480856387,short-term,0.6711615480856387
86154,88127,0.0,0.9858171981610695,0.49290859908053475,short-term,0.49290859908053475
88127,90100,0.0,0.7232542490296671,0.36162712451483353,short-term,0.36162712451483353
109829,111802,0.0,0.5972776662111974,0.2986388331055987,short-term,0.2986388331055987
