low,high,recent_strength,all_strength,avg_strength,zone_type,strength
66703,68600,1.0,0.31287238246578297,0.6564361912328915,short-term,0.6564361912328915
89463,91360,0.0,1.0,0.5,short-term,0.5
87567,89463,0.0,0.8949770675751133,0.44748853378755665,short-term,0.44748853378755665
68600,70497,0.4359407709052381,0.4295012874849661,0.4327210291951021,short-term,0.4327210291951021
91360,93257,0.0,0.8021451507242793,0.40107257536213964,short-term,0.40107257536213964
85670,87567,0.0,0.7611584859661796,0.3805792429830898,short-term,0.3805792429830898
110327,112224,0.0,0.5011955410837674,0.2505977705418837,short-term,0.2505977705418837
112224,114120,0.0,0.4082000949955232,0.2041000474977616,short-term,0.2041000474977616
