low,high,recent_strength,all_strength,avg_strength,zone_type,strength
90467,92531,1.0,1.0,1.0,persistent,1.0
109049,111114,0.0,0.7733746778791465,0.38668733893957324,short-term,0.38668733893957324
111114,113178,0.0,0.6927212395995765,0.34636061979978827,short-term,0.34636061979978827
113178,115243,0.0,0.6572905786183346,0.3286452893091673,short-term,0.3286452893091673
106984,109049,0.0,0.6434249048182912,0.3217124524091456,short-term,0.3217124524091456
