low,high,recent_strength,all_strength,avg_strength,zone_type,strength
95482,96587,1.0,0.27112102281598255,0.6355605114079913,short-term,0.6355605114079913
110945,112050,0.0,1.0,0.5,short-term,0.5
109841,110945,0.0,0.9748002492853204,0.4874001246426602,short-term,0.4874001246426602
113154,114259,0.0,0.8353671282396335,0.4176835641198168,short-term,0.4176835641198168
101005,102109,0.0,0.7504754484313145,0.37523772421565726,short-term,0.37523772421565726
107632,108736,0.0,0.7440392304603319,0.37201961523016597,short-term,0.37201961523016597
106527,107632,0.0,0.69770010333514,0.34885005166757,short-term,0.34885005166757
