low,high,recent_strength,all_strength,avg_strength,zone_type,strength
90627,91679,1.0,0.7813764474460916,0.8906882237230458,persistent,0.8906882237230458
110623,111675,0.0,1.0,0.5,short-term,0.5
112727,113780,0.0,0.8526460523218277,0.42632302616091383,short-term,0.42632302616091383
101151,102203,0.0,0.7343806439441716,0.3671903219720858,short-term,0.3671903219720858
107465,108518,0.0,0.7337755393684525,0.36688776968422626,short-term,0.36688776968422626
109570,110623,0.0,0.6264028551375271,0.31320142756876357,short-term,0.31320142756876357
86417,87470,0.0,0.6114066477652312,0.3057033238826156,short-term,0.3057033238826156
111675,112727,0.0,0.5559822722007853,0.27799113610039267,short-term,0.27799113610039267
106413,107465,0.0,0.5390402932000473,0.26952014660002366,short-term,0.26952014660002366
