low,high,recent_strength,all_strength,avg_strength,zone_type,strength
90678,91737,1.0,0.6778066025871118,0.8389033012935558,persistent,0.8389033012935558
86443,87502,0.37359505239316626,0.6759157799121044,0.5247554161526353,short-term,0.5247554161526353
110794,111853,0.0,1.0,0.5,short-term,0.5
101265,102324,0.0,0.8409963055992226,0.4204981527996113,short-term,0.4204981527996113
109736,110794,0.0,0.8201732781142458,0.4100866390571229,short-term,0.4100866390571229
112912,113971,0.0,0.8105068854746762,0.4052534427373381,short-term,0.4052534427373381
107618,108677,0.0,0.7854917984138643,0.39274589920693215,short-term,0.39274589920693215
111853,112912,0.0,0.656447061172513,0.3282235305862565,short-term,0.3282235305862565
106559,107618,0.0,0.6239911004339008,0.3119955502169504,short-term,0.3119955502169504
