low,high,recent_strength,all_strength,avg_strength,zone_type,strength
88096,90059,1.0,0.8163446861052097,0.9081723430526049,persistent,0.9081723430526049
90059,92021,0.1724937787363764,1.0,0.5862468893681883,short-term,0.5862468893681883
86133,88096,0.0,0.9398067938259428,0.4699033969129714,short-term,0.4699033969129714
92021,93984,0.0,0.6859480969778786,0.3429740484889393,short-term,0.3429740484889393
109686,111649,0.0,0.5462872809861007,0.27314364049305034,short-term,0.27314364049305034
