low,high,recent_strength,all_strength,avg_strength,zone_type,strength
68656,70572,1.0,0.28390307956066857,0.6419515397803343,short-term,0.6419515397803343
89727,91643,0.0,1.0,0.5,short-term,0.5
87812,89727,0.0,0.9030214703956158,0.4515107351978079,short-term,0.4515107351978079
85896,87812,0.0,0.8510810312562505,0.4255405156281252,short-term,0.4255405156281252
91643,93559,0.0,0.7178396568641958,0.3589198284320979,short-term,0.3589198284320979
110798,112714,0.0,0.45542084054730897,0.22771042027365448,short-term,0.22771042027365448
93559,95474,0.0,0.38484757047807394,0.19242378523903697,short-term,0.19242378523903697
112714,114630,0.0,0.3806830159115369,0.19034150795576846,short-term,0.19034150795576846
