low,high,recent_strength,all_strength,avg_strength,zone_type,strength
88076,90032,1.0,0.8725892432561142,0.9362946216280571,persistent,0.9362946216280571
86120,88076,0.48953527404999636,1.0,0.7447676370249982,short-term,0.7447676370249982
90032,91988,0.165069411231611,0.984120937881804,0.5745951745567075,short-term,0.5745951745567075
91988,93945,0.0,0.6377977444649265,0.31889887223246327,short-term,0.31889887223246327
109594,111550,0.0,0.5276352461735594,0.2638176230867797,short-term,0.2638176230867797
