low,high,recent_strength,all_strength,avg_strength,zone_type,strength
88102,90067,1.0,0.7776346504166383,0.8888173252083191,persistent,0.8888173252083191
90067,92032,0.33522070770632684,1.0,0.6676103538531635,short-term,0.6676103538531635
86138,88102,0.15134336536699478,0.9498979474457805,0.5506206564063876,short-term,0.5506206564063876
92032,93997,0.0,0.6835150186042827,0.3417575093021413,short-term,0.3417575093021413
109716,111680,0.0,0.550217256463457,0.2751086282317285,short-term,0.2751086282317285
