low,high,recent_strength,all_strength,avg_strength,zone_type,strength
86215,88219,1.0,1.0,1.0,persistent,1.0
88219,90223,0.6513692358845882,0.6772327691854868,0.6643010025350375,short-term,0.6643010025350375
90223,92227,0.0,0.8039814384670286,0.4019907192335143,short-term,0.4019907192335143
110261,112264,0.0,0.6525423837556331,0.32627119187781656,short-term,0.32627119187781656
92227,94230,0.0,0.5687861980605813,0.28439309903029064,short-term,0.28439309903029064
