low,high,recent_strength,all_strength,avg_strength,zone_type,strength
66708,68607,1.0,0.3032670507307468,0.6516335253653733,short-term,0.6516335253653733
89495,91393,0.0,1.0,0.5,short-term,0.5
87596,89495,0.0,0.8754844111976681,0.43774220559883403,short-term,0.43774220559883403
91393,93292,0.0,0.7865630696903604,0.3932815348451802,short-term,0.3932815348451802
85697,87596,0.0,0.7683116561825876,0.3841558280912938,short-term,0.3841558280912938
110383,112281,0.0,0.5006271236984483,0.25031356184922415,short-term,0.25031356184922415
112281,114180,0.0,0.4030128442478562,0.2015064221239281,short-term,0.2015064221239281
68607,70505,0.0117018910294011,0.38605752024629136,0.19887970563784624,short-term,0.19887970563784624
