low,high,recent_strength,all_strength,avg_strength,zone_type,strength
102609,103721,1.0,0.49607311494711687,0.7480365574735585,short-term,0.7480365574735585
101497,102609,0.6153230906107396,0.652602702059818,0.6339628963352788,short-term,0.6339628963352788
110392,111503,0.0,1.0,0.5,short-term,0.5
98162,99274,0.8024775037414433,0.1643221979832069,0.4833998508623251,short-term,0.4833998508623251
112615,113727,0.0,0.8327650884405309,0.41638254422026544,short-term,0.41638254422026544
108168,109280,0.0,0.6519170271521532,0.3259585135760766,short-term,0.3259585135760766
111503,112615,0.0,0.6470591256859799,0.32352956284298995,short-term,0.32352956284298995
107056,108168,0.0,0.5735314690619323,0.28676573453096615,short-term,0.28676573453096615
