low,high,recent_strength,all_strength,avg_strength,zone_type,strength
90099,92072,0.5408626646863777,1.0,0.7704313323431888,short-term,0.7704313323431888
92072,94045,0.7295017232275418,0.665973432442131,0.6977375778348365,short-term,0.6977375778348365
96018,97990,1.0,0.2078011027656076,0.6039005513828037,short-term,0.6039005513828037
86153,88126,0.0,0.9858171981610654,0.4929085990805327,short-term,0.4929085990805327
88126,90099,0.0,0.7232542490296641,0.36162712451483203,short-term,0.36162712451483203
109827,111800,0.0,0.6006411825260305,0.30032059126301525,short-term,0.30032059126301525
