low,high,recent_strength,all_strength,avg_strength,zone_type,strength
110224,111363,1.0,1.0,1.0,persistent,1.0
106809,107947,0.8889628729964589,0.4943740403385596,0.6916684566675093,short-term,0.6916684566675093
107947,109086,0.1741684972502105,0.62271323988274,0.3984408685664752,short-term,0.3984408685664752
112502,113640,0.0,0.7249907979246328,0.3624953989623164,short-term,0.3624953989623164
111363,112502,0.0,0.6439750567438032,0.3219875283719016,short-term,0.3219875283719016
