low,high,recent_strength,all_strength,avg_strength,zone_type,strength
88024,89976,0.5454403170262833,0.896948055009253,0.7211941860177682,short-term,0.7211941860177682
82165,84118,1.0,0.2807238875890714,0.6403619437945357,short-term,0.6403619437945357
89976,91929,0.17512602980580944,0.9803424794184924,0.5777342546121509,short-term,0.5777342546121509
86071,88024,0.1432604918136723,1.0,0.5716302459068362,short-term,0.5716302459068362
91929,93882,0.0,0.6851472487287762,0.3425736243643881,short-term,0.3425736243643881
109505,111458,0.0,0.5179231126728902,0.2589615563364451,short-term,0.2589615563364451
