low,high,recent_strength,all_strength,avg_strength,zone_type,strength
100311,101440,1.0,0.3399531308747974,0.6699765654373987,short-term,0.6699765654373987
110467,111596,0.0,1.0,0.5,short-term,0.5
112724,113853,0.0,0.8261098843203835,0.41305494216019173,short-term,0.41305494216019173
108211,109339,0.0,0.6166330125340157,0.30831650626700785,short-term,0.30831650626700785
109339,110467,0.0,0.581028484270048,0.290514242135024,short-term,0.290514242135024
107082,108211,0.0,0.5779617196704593,0.28898085983522964,short-term,0.28898085983522964
