low,high,recent_strength,all_strength,avg_strength,zone_type,strength
95482,96587,1.0,0.26281679920004897,0.6314083996000245,short-term,0.6314083996000245
94377,95482,0.845915668527265,0.22232084839550537,0.5341182584613852,short-term,0.5341182584613852
110950,112054,0.0,1.0,0.5,short-term,0.5
109845,110950,0.0,0.9748002492853342,0.4874001246426671,short-term,0.4874001246426671
113159,114264,0.0,0.8353671282396307,0.41768356411981533,short-term,0.41768356411981533
101006,102111,0.0,0.7504754484313152,0.3752377242156576,short-term,0.3752377242156576
107635,108740,0.0,0.7440392304603374,0.3720196152301687,short-term,0.3720196152301687
106530,107635,0.0,0.6977001033351414,0.3488500516675707,short-term,0.3488500516675707
