low,high,recent_strength,all_strength,avg_strength,zone_type,strength
88173,90161,1.0,0.7392504967351996,0.8696252483675998,persistent,0.8696252483675998
86185,88173,0.5629012888595267,1.0,0.7814506444297633,short-term,0.7814506444297633
90161,92150,0.274118836360151,0.7402923848809561,0.5072056106205536,short-term,0.5072056106205536
110045,112033,0.0,0.6355946816401583,0.31779734082007915,short-term,0.31779734082007915
92150,94138,0.0,0.4806798271764128,0.2403399135882064,short-term,0.2403399135882064
