low,high,recent_strength,all_strength,avg_strength,zone_type,strength
88024,89977,0.6092726130578799,0.8969480550092503,0.7531103340335652,short-term,0.7531103340335652
82165,84118,1.0,0.2749580834667298,0.6374790417333649,short-term,0.6374790417333649
89977,91930,0.18635368228733232,0.980342479418491,0.5833480808529117,short-term,0.5833480808529117
86071,88024,0.15244518593481235,1.0,0.5762225929674062,short-term,0.5762225929674062
91930,93884,0.0,0.6851472487287744,0.3425736243643872,short-term,0.3425736243643872
109509,111462,0.0,0.5179231126728886,0.2589615563364443,short-term,0.2589615563364443
