low,high,recent_strength,all_strength,avg_strength,zone_type,strength
86473,87539,1.0,0.6095759297911567,0.8047879648955784,persistent,0.8047879648955784
110997,112063,0.0,1.0,0.5,short-term,0.5
109930,110997,0.0,0.9996679379548089,0.49983396897740445,short-term,0.49983396897740445
113129,114196,0.0,0.8756435945689589,0.43782179728447945,short-term,0.43782179728447945
101400,102467,0.0,0.8015939112606674,0.4007969556303337,short-term,0.4007969556303337
107798,108864,0.0,0.7550051665007288,0.3775025832503644,short-term,0.3775025832503644
106732,107798,0.0,0.6689573658956108,0.3344786829478054,short-term,0.3344786829478054
112063,113129,0.0,0.5965450182631665,0.29827250913158326,short-term,0.29827250913158326
103533,104599,0.0,0.5939737519288408,0.2969868759644204,short-term,0.2969868759644204
