low,high,recent_strength,all_strength,avg_strength,zone_type,strength
88166,90152,1.0,0.764654974750017,0.8823274873750084,persistent,0.8823274873750084
90152,92138,0.5608921803221341,0.767304892463268,0.664098536392701,short-term,0.664098536392701
86180,88166,0.0,1.0,0.5,short-term,0.5
110013,112000,0.0,0.6432698318615269,0.32163491593076343,short-term,0.32163491593076343
92138,94125,0.0,0.485843598622993,0.2429217993114965,short-term,0.2429217993114965
