low,high,recent_strength,all_strength,avg_strength,zone_type,strength
90550,92635,1.0,1.0,1.0,persistent,1.0
109319,111404,0.0,0.9500282840999915,0.47501414204999576,short-term,0.47501414204999576
111404,113489,0.0,0.8581175625677256,0.4290587812838628,short-term,0.4290587812838628
107233,109319,0.0,0.7370220328457331,0.36851101642286654,short-term,0.36851101642286654
100977,103062,0.0,0.7019131464787626,0.3509565732393813,short-term,0.3509565732393813
