low,high,recent_strength,all_strength,avg_strength,zone_type,strength
86195,88188,1.0,1.0,1.0,persistent,1.0
88188,90182,0.6238786717959236,0.676680527563431,0.6502795996796773,short-term,0.6502795996796773
90182,92175,0.0,0.7354571347151039,0.36772856735755194,short-term,0.36772856735755194
110117,112110,0.0,0.6278677762256423,0.31393388811282114,short-term,0.31393388811282114
92175,94169,0.0,0.47926363617291484,0.23963181808645742,short-term,0.23963181808645742
