low,high,recent_strength,all_strength,avg_strength,zone_type,strength
64837,66765,1.0,0.18895562330745405,0.594477811653727,short-term,0.594477811653727
62910,64837,0.9424223196477669,0.17807599682790048,0.5602491582378337,short-term,0.5602491582378337
89896,91823,0.0,1.0,0.5,short-term,0.5
86041,87968,0.0,0.9587213168443823,0.47936065842219117,short-term,0.47936065842219117
87968,89896,0.0,0.8692707858005654,0.4346353929002827,short-term,0.4346353929002827
91823,93751,0.0,0.7059512458546349,0.35297562292731743,short-term,0.35297562292731743
109171,111099,0.0,0.4495614906991594,0.2247807453495797,short-term,0.2247807453495797
111099,113027,0.0,0.4154309362040839,0.20771546810204194,short-term,0.20771546810204194
93751,95679,0.0,0.4148694907902396,0.2074347453951198,short-term,0.2074347453951198
