low,high,recent_strength,all_strength,avg_strength,zone_type,strength
86253,88276,1.0,0.9929518497872818,0.9964759248936409,persistent,0.9964759248936409
90299,92321,0.0,1.0,0.5,short-term,0.5
88276,90299,0.23736587561211714,0.7006720254178684,0.46901895051499276,short-term,0.46901895051499276
110526,112548,0.0,0.822418362448728,0.411209181224364,short-term,0.411209181224364
92321,94344,0.0,0.6706385633189698,0.3353192816594849,short-term,0.3353192816594849
