low,high,recent_strength,all_strength,avg_strength,zone_type,strength
66713,68614,1.0,0.2928904771119928,0.6464452385559964,short-term,0.6464452385559964
89529,91430,0.0,1.0,0.5,short-term,0.5
87627,89529,0.0,0.871026440952899,0.4355132204764495,short-term,0.4355132204764495
85726,87627,0.0,0.7875545516386738,0.3937772758193369,short-term,0.3937772758193369
91430,93331,0.0,0.7583593834100875,0.37917969170504373,short-term,0.37917969170504373
68614,70515,0.25645227051172836,0.38112567932215163,0.31878897491694,short-term,0.31878897491694
110444,112345,0.0,0.5040797313286086,0.2520398656643043,short-term,0.2520398656643043
106641,108542,0.0,0.37862501685118766,0.18931250842559383,short-term,0.18931250842559383
