low,high,recent_strength,all_strength,avg_strength,zone_type,strength
90100,92073,1.0,1.0,1.0,persistent,1.0
92073,94046,0.8771105572872697,0.6659734324421357,0.7715419948647027,short-term,0.7715419948647027
86154,88127,0.0,0.9858171981610707,0.49290859908053536,short-term,0.49290859908053536
88127,90100,0.0,0.7232542490296664,0.3616271245148332,short-term,0.3616271245148332
109831,111804,0.0,0.6012751913929952,0.3006375956964976,short-term,0.3006375956964976
