low,high,recent_strength,all_strength,avg_strength,zone_type,strength
90466,92530,0.9301755701231066,1.0,0.9650877850615533,short-term,0.9650877850615533
92530,94594,1.0,0.5368868142469077,0.7684434071234538,short-term,0.7684434071234538
109045,111110,0.0,0.773374677879141,0.3866873389395705,short-term,0.3866873389395705
111110,113174,0.0,0.6927212395995667,0.34636061979978333,short-term,0.34636061979978333
113174,115239,0.0,0.6572905786183273,0.32864528930916365,short-term,0.32864528930916365
106981,109045,0.0,0.6434249048182865,0.32171245240914326,short-term,0.32171245240914326
