low,high,recent_strength,all_strength,avg_strength,zone_type,strength
88360,90411,1.0,0.5433310434003398,0.7716655217001699,short-term,0.7716655217001699
90411,92462,0.42008138476160023,1.0,0.7100406923808001,short-term,0.7100406923808001
110918,112969,0.0,0.6734529398349378,0.3367264699174689,short-term,0.3367264699174689
108868,110918,0.0,0.6020418840237669,0.30102094201188345,short-term,0.30102094201188345
100665,102715,0.0,0.5723370447536459,0.28616852237682294,short-term,0.28616852237682294
106817,108868,0.0,0.5687481973613789,0.28437409868068947,short-term,0.28437409868068947
