low,high,recent_strength,all_strength,avg_strength,zone_type,strength
92059,94029,0.8351060375509254,0.70641712086231,0.7707615792066177,short-term,0.7707615792066177
94029,95999,1.0,0.4441550757103558,0.7220775378551779,short-term,0.7220775378551779
90089,92059,0.0,1.0,0.5,short-term,0.5
86148,88118,0.0,0.9929951353390355,0.49649756766951775,short-term,0.49649756766951775
88118,90089,0.0,0.7231152923436466,0.3615576461718233,short-term,0.3615576461718233
109791,111761,0.0,0.5910363911481057,0.29551819557405284,short-term,0.29551819557405284
