low,high,recent_strength,all_strength,avg_strength,zone_type,strength
100311,101445,1.0,0.260089799392671,0.6300448996963355,short-term,0.6300448996963355
107116,108250,0.5056841743109227,0.5912820468784982,0.5484831105947104,short-term,0.5484831105947104
110518,111652,0.025853167930852603,1.0,0.5129265839654263,short-term,0.5129265839654263
103714,104848,0.7013664274847622,0.24051232686326918,0.4709393771740157,short-term,0.4709393771740157
112786,113920,0.0,0.7529736957465638,0.3764868478732819,short-term,0.3764868478732819
109384,110518,0.11670152227716771,0.5873242112922584,0.35201286678471305,short-term,0.35201286678471305
111652,112786,0.0,0.5965083602695572,0.2982541801347786,short-term,0.2982541801347786
