low,high,recent_strength,all_strength,avg_strength,zone_type,strength
88173,90162,1.0,0.7387327433445753,0.8693663716722877,persistent,0.8693663716722877
86185,88173,0.5398783570771305,1.0,0.7699391785385652,short-term,0.7699391785385652
90162,92151,0.23993283615735309,0.7386167295292252,0.4892747828432891,short-term,0.4892747828432891
110047,112036,0.0,0.6325450411357944,0.3162725205678972,short-term,0.3162725205678972
92151,94139,0.0,0.48067982717641466,0.24033991358820733,short-term,0.24033991358820733
