low,high,recent_strength,all_strength,avg_strength,zone_type,strength
90676,91735,1.0,0.6673935938997443,0.8336967969498721,persistent,0.8336967969498721
86442,87501,0.34654816382166864,0.6627649840531017,0.5046565739373852,short-term,0.5046565739373852
110789,111847,0.0,1.0,0.5,short-term,0.5
101262,102320,0.0,0.8246336594503951,0.41231682972519756,short-term,0.41231682972519756
112906,113964,0.0,0.7895505589269485,0.39477527946347424,short-term,0.39477527946347424
109730,110789,0.0,0.7741724548646784,0.3870862274323392,short-term,0.3870862274323392
107613,108672,0.0,0.7702090626102875,0.38510453130514377,short-term,0.38510453130514377
111847,112906,0.0,0.6566892409388968,0.3283446204694484,short-term,0.3283446204694484
106555,107613,0.0,0.611850564847198,0.305925282423599,short-term,0.305925282423599
