low,high,recent_strength,all_strength,avg_strength,zone_type,strength
105223,106340,1.0,0.42983601461190885,0.7149180073059545,short-term,0.7149180073059545
110808,111925,0.0,1.0,0.5,short-term,0.5
109691,110808,0.0,0.9522290746136257,0.47611453730681286,short-term,0.47611453730681286
107457,108574,0.0,0.8971667984607109,0.44858339923035545,short-term,0.44858339923035545
113042,114159,0.0,0.8866459194601375,0.44332295973006874,short-term,0.44332295973006874
111925,113042,0.0,0.7381206629394721,0.36906033146973605,short-term,0.36906033146973605
