low,high,recent_strength,all_strength,avg_strength,zone_type,strength
88337,90380,1.0,0.6185226569645499,0.8092613284822749,persistent,0.8092613284822749
86294,88337,0.5962325414847356,0.6063283392683361,0.6012804403765358,short-term,0.6012804403765358
90380,92423,0.0,1.0,0.5,short-term,0.5
110811,112854,0.0,0.6971058781810948,0.3485529390905474,short-term,0.3485529390905474
108768,110811,0.0,0.624353503250397,0.3121767516251985,short-term,0.3121767516251985
