low,high,recent_strength,all_strength,avg_strength,zone_type,strength
90576,92668,0.940065363865084,0.8903990529832484,0.9152322084241662,short-term,0.9152322084241662
84300,86392,1.0,0.4447711909293417,0.7223855954646708,short-term,0.7223855954646708
109406,111498,0.0,1.0,0.5,short-term,0.5
111498,113590,0.0,0.8608811191627812,0.4304405595813906,short-term,0.4304405595813906
107313,109406,0.0,0.7417613033528564,0.3708806516764282,short-term,0.3708806516764282
101037,103129,0.0,0.71430716679312,0.35715358339656,short-term,0.35715358339656
