low,high,recent_strength,all_strength,avg_strength,zone_type,strength
86228,88238,1.0,1.0,1.0,persistent,1.0
90249,92259,0.0,0.8719997518800612,0.4359998759400306,short-term,0.4359998759400306
88238,90249,0.05813962268558882,0.6732446832473783,0.36569215296648355,short-term,0.36569215296648355
110350,112361,0.0,0.7192658312312447,0.35963291561562233,short-term,0.35963291561562233
92259,94269,0.0,0.5842475473024165,0.29212377365120823,short-term,0.29212377365120823
