low,high,recent_strength,all_strength,avg_strength,zone_type,strength
76276,78221,1.0,0.12053432550516054,0.5602671627525803,short-term,0.5602671627525803
89894,91839,0.0,1.0,0.5,short-term,0.5
86003,87949,0.0,0.9306753196480763,0.46533765982403813,short-term,0.46533765982403813
87949,89894,0.0,0.8904557234490195,0.44522786172450973,short-term,0.44522786172450973
91839,93785,0.0,0.7001513287125772,0.3500756643562886,short-term,0.3500756643562886
109348,111294,0.0,0.4709363448041404,0.2354681724020702,short-term,0.2354681724020702
93785,95730,0.0,0.4049070700345822,0.2024535350172911,short-term,0.2024535350172911
