low,high,recent_strength,all_strength,avg_strength,zone_type,strength
102979,104092,1.0,0.6344587837878383,0.8172293918939191,short-term,0.8172293918939191
104092,105206,0.7940304678847236,0.5435265036998713,0.6687784857922975,short-term,0.6687784857922975
100752,101865,0.3831115490121997,0.6896391967374804,0.53637537287484,short-term,0.53637537287484
110773,111887,0.0,1.0,0.5,short-term,0.5
113000,114114,0.0,0.7990498399244826,0.3995249199622413,short-term,0.3995249199622413
107433,108546,0.0,0.7576196064801957,0.37880980324009783,short-term,0.37880980324009783
109660,110773,0.0,0.7503412913108483,0.37517064565542413,short-term,0.37517064565542413
