low,high,recent_strength,all_strength,avg_strength,zone_type,strength
94035,95131,1.0,0.3070370529470565,0.6535185264735283,short-term,0.6535185264735283
90747,91843,0.9497018358597297,0.2365676134970397,0.5931347246783847,short-term,0.5931347246783847
110473,111568,0.0,1.0,0.5,short-term,0.5
112664,113760,0.0,0.8147662828335225,0.40738314141676124,short-term,0.40738314141676124
107185,108281,0.0,0.5982169531724534,0.2991084765862267,short-term,0.2991084765862267
100610,101706,0.0,0.5841110307267192,0.2920555153633596,short-term,0.2920555153633596
109377,110473,0.0,0.5823470390293827,0.29117351951469134,short-term,0.29117351951469134
101706,102802,0.0,0.5732437778507258,0.2866218889253629,short-term,0.2866218889253629
111568,112664,0.0,0.5717772948356276,0.2858886474178138,short-term,0.2858886474178138
