low,high,recent_strength,all_strength,avg_strength,zone_type,strength
82165,84116,1.0,0.33148817993213786,0.6657440899660689,short-term,0.6657440899660689
86067,88018,0.09269149546899996,1.0,0.5463457477345,short-term,0.5463457477345
88018,89969,0.13414845672924222,0.8943355787868597,0.5142420177580509,short-term,0.5142420177580509
89969,91920,0.0,0.9607596471379403,0.48037982356897013,short-term,0.48037982356897013
91920,93871,0.0,0.6968104104276073,0.34840520521380364,short-term,0.34840520521380364
109478,111429,0.0,0.512749380757762,0.256374690378881,short-term,0.256374690378881
