low,high,recent_strength,all_strength,avg_strength,zone_type,strength
90535,92617,1.0,1.0,1.0,persistent,1.0
109272,111354,0.0,0.9220034120006904,0.4610017060003452,short-term,0.4610017060003452
107191,109272,0.0,0.7376663948450414,0.3688331974225207,short-term,0.3688331974225207
113436,115518,0.0,0.7075023185745613,0.3537511592872806,short-term,0.3537511592872806
111354,113436,0.0,0.700173082169453,0.3500865410847265,short-term,0.3500865410847265
