low,high,recent_strength,all_strength,avg_strength,zone_type,strength
66640,68506,1.0,0.662799880814111,0.8313999404070556,persistent,0.8313999404070556
89024,90889,0.0,1.0,0.5,short-term,0.5
87159,89024,0.0,0.9803992755863565,0.49019963779317827,short-term,0.49019963779317827
90889,92755,0.0,0.8614612731354444,0.4307306365677222,short-term,0.4307306365677222
68506,70371,0.02142913378490706,0.5586071924644872,0.29001816312469714,short-term,0.29001816312469714
85294,87159,0.0,0.5716649578246216,0.2858324789123108,short-term,0.2858324789123108
109542,111408,0.0,0.5014066123023857,0.25070330615119285,short-term,0.25070330615119285
