low,high,recent_strength,all_strength,avg_strength,zone_type,strength
88270,90291,1.0,0.7539849999634461,0.8769924999817231,persistent,0.8769924999817231
86249,88270,0.4311205920115403,0.9914169995989001,0.7112687958052202,short-term,0.7112687958052202
90291,92312,0.0,1.0,0.5,short-term,0.5
110499,112520,0.0,0.8156964121471999,0.40784820607359995,short-term,0.40784820607359995
92312,94333,0.0,0.6796154145914969,0.33980770729574844,short-term,0.33980770729574844
