low,high,recent_strength,all_strength,avg_strength,zone_type,strength
69008,70940,1.0,0.09883067764266362,0.5494153388213319,short-term,0.5494153388213319
74803,76735,0.9200683233502613,0.1573996716034121,0.5387339974768367,short-term,0.5387339974768367
86393,88324,0.0,1.0,0.5,short-term,0.5
88324,90256,0.0,0.8572784764716358,0.4286392382358179,short-term,0.4286392382358179
90256,92188,0.0,0.8561486923581859,0.42807434617909296,short-term,0.42807434617909296
92188,94119,0.0,0.5854341348679769,0.29271706743398845,short-term,0.29271706743398845
109572,111504,0.0,0.47950455060585007,0.23975227530292503,short-term,0.23975227530292503
94119,96051,0.0,0.36070762151872493,0.18035381075936247,short-term,0.18035381075936247
113435,115367,0.0,0.3597607958235826,0.1798803979117913,short-term,0.1798803979117913
