low,high,recent_strength,all_strength,avg_strength,zone_type,strength
90539,92621,0.9341795903165546,1.0,0.9670897951582773,short-term,0.9670897951582773
92621,94704,1.0,0.4458920111176566,0.7229460055588283,short-term,0.7229460055588283
109283,111366,0.0,0.9220034120006935,0.46100170600034673,short-term,0.46100170600034673
107200,109283,0.0,0.7281737612848161,0.3640868806424081,short-term,0.3640868806424081
113448,115531,0.0,0.7123634432937416,0.3561817216468708,short-term,0.3561817216468708
111366,113448,0.0,0.7023113853220081,0.35115569266100405,short-term,0.35115569266100405
