low,high,recent_strength,all_strength,avg_strength,zone_type,strength
90592,91684,1.0,0.2743031507455439,0.6371515753727719,short-term,0.6371515753727719
91684,92775,0.8265932214694652,0.22673712503398347,0.5266651732517244,short-term,0.5266651732517244
110244,111336,0.0,1.0,0.5,short-term,0.5
112428,113519,0.0,0.73669868791501,0.368349343957505,short-term,0.368349343957505
101510,102602,0.0,0.6244341827056409,0.31221709135282044,short-term,0.31221709135282044
111336,112428,0.0,0.6059167950015029,0.30295839750075143,short-term,0.30295839750075143
108060,109152,0.0,0.5998201733591415,0.29991008667957075,short-term,0.29991008667957075
106969,108060,0.0,0.5491166032627011,0.27455830163135053,short-term,0.27455830163135053
103693,104785,0.0,0.5460383947394623,0.2730191973697311,short-term,0.2730191973697311
