low,high,recent_strength,all_strength,avg_strength,zone_type,strength
93505,94607,1.0,0.2206477940683907,0.6103238970341953,short-term,0.6103238970341953
110026,111128,0.0,1.0,0.5,short-term,0.5
101215,102317,0.0,0.7773825897677117,0.38869129488385584,short-term,0.38869129488385584
111128,112229,0.0,0.7733187383266905,0.38665936916334526,short-term,0.38665936916334526
113331,114432,0.0,0.7692223070315003,0.38461115351575015,short-term,0.38461115351575015
107824,108925,0.0,0.6701713673701307,0.33508568368506536,short-term,0.33508568368506536
106722,107824,0.0,0.5988009536506161,0.29940047682530807,short-term,0.29940047682530807
