low,high,recent_strength,all_strength,avg_strength,zone_type,strength
90743,91836,1.0,0.3235919916766182,0.6617959958383091,short-term,0.6617959958383091
110402,111494,0.0,1.0,0.5,short-term,0.5
91836,92928,0.716113156748079,0.2317284826579411,0.47392081970301003,short-term,0.47392081970301003
112586,113679,0.0,0.721615875210897,0.3608079376054485,short-term,0.3608079376054485
101665,102757,0.0,0.6381729942715927,0.31908649713579634,short-term,0.31908649713579634
111494,112586,0.0,0.6290067823127758,0.3145033911563879,short-term,0.3145033911563879
108218,109310,0.0,0.6196805184921751,0.30984025924608755,short-term,0.30984025924608755
107126,108218,0.0,0.5938921596192343,0.2969460798096171,short-term,0.2969460798096171
103849,104941,0.0,0.5735042625019101,0.28675213125095506,short-term,0.28675213125095506
