low,high,recent_strength,all_strength,avg_strength,zone_type,strength
68672,70593,1.0,0.21744412679006173,0.6087220633950309,short-term,0.6087220633950309
89801,91721,0.0,1.0,0.5,short-term,0.5
85959,87880,0.0,0.8930757842764724,0.4465378921382362,short-term,0.4465378921382362
87880,89801,0.0,0.8671817448722059,0.43359087243610295,short-term,0.43359087243610295
91721,93642,0.0,0.6802972468128954,0.3401486234064477,short-term,0.3401486234064477
110929,112850,0.0,0.43893306431711654,0.21946653215855827,short-term,0.21946653215855827
109008,110929,0.0,0.3960525226689777,0.19802626133448886,short-term,0.19802626133448886
93642,95563,0.0,0.3900485295587149,0.19502426477935744,short-term,0.19502426477935744
