low,high,recent_strength,all_strength,avg_strength,zone_type,strength
88369,90422,1.0,0.5289336862388039,0.7644668431194019,short-term,0.7644668431194019
90422,92476,0.4754110995374208,1.0,0.7377055497687104,short-term,0.7377055497687104
110958,113012,0.0,0.6734591367733506,0.3367295683866753,short-term,0.3367295683866753
108905,110958,0.0,0.6178775471373661,0.30893877356868304,short-term,0.30893877356868304
100690,102744,0.0,0.574778619176059,0.2873893095880295,short-term,0.2873893095880295
106851,108905,0.0,0.5624864566951293,0.28124322834756466,short-term,0.28124322834756466
