low,high,recent_strength,all_strength,avg_strength,zone_type,strength
90680,91740,1.0,0.6495439407678559,0.824771970383928,persistent,0.824771970383928
86444,87503,0.48931238063257687,0.6759157799121098,0.5826140802723434,short-term,0.5826140802723434
110803,111862,0.0,1.0,0.5,short-term,0.5
101271,102330,0.0,0.8552711115032463,0.42763555575162315,short-term,0.42763555575162315
109744,110803,0.0,0.820173278114261,0.4100866390571305,short-term,0.4100866390571305
112921,113980,0.0,0.8105068854746859,0.40525344273734293,short-term,0.40525344273734293
107626,108685,0.0,0.785491798413869,0.3927458992069345,short-term,0.3927458992069345
111862,112921,0.0,0.6564470611725242,0.3282235305862621,short-term,0.3282235305862621
106567,107626,0.0,0.6239911004339085,0.31199555021695424,short-term,0.31199555021695424
