low,high,recent_strength,all_strength,avg_strength,zone_type,strength
86254,88277,1.0,0.9912951913242681,0.995647595662134,persistent,0.995647595662134
90300,92323,0.0,1.0,0.5,short-term,0.5
88277,90300,0.23119803758936014,0.7008009211220413,0.46599947935570074,short-term,0.46599947935570074
110530,112553,0.0,0.8097204476714612,0.4048602238357306,short-term,0.4048602238357306
92323,94346,0.0,0.6706385633189779,0.33531928165948893,short-term,0.33531928165948893
