low,high,recent_strength,all_strength,avg_strength,zone_type,strength
94031,96002,1.0,0.4429644495605442,0.7214822247802721,short-term,0.7214822247802721
90090,92061,0.0,1.0,0.5,short-term,0.5
86149,88120,0.0,0.9929951353390332,0.4964975676695166,short-term,0.4964975676695166
88120,90090,0.0,0.7231152923436452,0.3615576461718226,short-term,0.3615576461718226
92061,94031,0.0,0.6694969718480412,0.3347484859240206,short-term,0.3347484859240206
109796,111767,0.0,0.5924610041510905,0.29623050207554524,short-term,0.29623050207554524
