low,high,recent_strength,all_strength,avg_strength,zone_type,strength
66718,68622,1.0,0.26328040438496025,0.6316402021924801,short-term,0.6316402021924801
68622,70527,0.6894722239767821,0.3818605821449015,0.5356664030608418,short-term,0.5356664030608418
89569,91473,0.0,1.0,0.5,short-term,0.5
87664,89569,0.0,0.8664458573772872,0.4332229286886436,short-term,0.4332229286886436
85760,87664,0.0,0.8153507023071149,0.40767535115355746,short-term,0.40767535115355746
91473,93377,0.0,0.7359648272299076,0.3679824136149538,short-term,0.3679824136149538
110515,112419,0.0,0.49944255268235693,0.24972127634117847,short-term,0.24972127634117847
112419,114323,0.0,0.3915309299286725,0.19576546496433625,short-term,0.19576546496433625
