low,high,recent_strength,all_strength,avg_strength,zone_type,strength
88261,90278,1.0,0.7546169330862107,0.8773084665431053,persistent,0.8773084665431053
86243,88261,0.5858282708817636,1.0,0.7929141354408817,short-term,0.7929141354408817
90278,92296,0.0,0.9786623180712328,0.4893311590356164,short-term,0.4893311590356164
110455,112473,0.0,0.7870480053448856,0.3935240026724428,short-term,0.3935240026724428
92296,94314,0.0,0.663120638796643,0.3315603193983215,short-term,0.3315603193983215
