low,high,recent_strength,all_strength,avg_strength,zone_type,strength
90116,92093,1.0,0.9692029391181121,0.984601469559056,persistent,0.984601469559056
86162,88139,0.0,1.0,0.5,short-term,0.5
88139,90116,0.20716186156854927,0.7576657957464692,0.48241382865750926,short-term,0.48241382865750926
92093,94070,0.0,0.6278893043389197,0.3139446521694598,short-term,0.3139446521694598
109887,111864,0.0,0.6151116125450412,0.3075558062725206,short-term,0.3075558062725206
