low,high,recent_strength,all_strength,avg_strength,zone_type,strength
88350,90397,1.0,0.6007864640880411,0.8003932320440206,persistent,0.8003932320440206
90397,92444,0.0480458971127117,1.0,0.5240229485563559,short-term,0.5240229485563559
110869,112916,0.0,0.6874278640006456,0.3437139320003228,short-term,0.3437139320003228
108822,110869,0.0,0.6140526894366246,0.3070263447183123,short-term,0.3070263447183123
100633,102680,0.0,0.5935686715402814,0.2967843357701407,short-term,0.2967843357701407
