low,high,recent_strength,all_strength,avg_strength,zone_type,strength
90109,92084,1.0,0.9748447437276802,0.9874223718638401,persistent,0.9874223718638401
86158,88134,0.0,1.0,0.5,short-term,0.5
92084,94059,0.1367982766958586,0.6372566800392953,0.3870274783675769,short-term,0.3870274783675769
88134,90109,0.0,0.7373184475131082,0.3686592237565541,short-term,0.3686592237565541
109861,111836,0.0,0.6073063645165726,0.3036531822582863,short-term,0.3036531822582863
