low,high,recent_strength,all_strength,avg_strength,zone_type,strength
88427,90500,1.0,0.4629240959836026,0.7314620479918013,short-term,0.7314620479918013
90500,92573,0.16359895198899163,1.0,0.5817994759944958,short-term,0.5817994759944958
109158,111231,0.0,0.8672770458198853,0.43363852290994265,short-term,0.43363852290994265
111231,113304,0.0,0.7436348145220467,0.37181740726102336,short-term,0.37181740726102336
113304,115377,0.0,0.7054967662382315,0.35274838311911577,short-term,0.35274838311911577
107085,109158,0.0,0.6940293077401419,0.34701465387007097,short-term,0.34701465387007097
