low,high,recent_strength,all_strength,avg_strength,zone_type,strength
105230,106348,1.0,0.45584304374081824,0.7279215218704091,short-term,0.7279215218704091
109703,110821,0.0,1.0,0.5,short-term,0.5
110821,111940,0.0,0.9997684135184634,0.4998842067592317,short-term,0.4998842067592317
107466,108585,0.0,0.9722548986567596,0.4861274493283798,short-term,0.4861274493283798
104111,105230,0.5113849320469754,0.4531501825052922,0.4822675572761338,short-term,0.4822675572761338
113058,114176,0.0,0.9082369107028766,0.4541184553514383,short-term,0.4541184553514383
111940,113058,0.0,0.7560948693502013,0.37804743467510066,short-term,0.37804743467510066
