low,high,recent_strength,all_strength,avg_strength,zone_type,strength
90636,91689,1.0,0.7665150619364718,0.8832575309682359,persistent,0.8832575309682359
110651,111705,0.0,1.0,0.5,short-term,0.5
112758,113812,0.0,0.8905464583356847,0.44527322916784234,short-term,0.44527322916784234
101170,102224,0.0,0.7357550678307964,0.3678775339153982,short-term,0.3678775339153982
107491,108544,0.0,0.706441614169012,0.353220807084506,short-term,0.353220807084506
109598,110651,0.0,0.6669072396509966,0.3334536198254983,short-term,0.3334536198254983
86422,87475,0.0,0.6255392751611042,0.3127696375805521,short-term,0.3127696375805521
106437,107491,0.0,0.5916751797045174,0.2958375898522587,short-term,0.2958375898522587
111705,112758,0.0,0.5501655441783267,0.2750827720891634,short-term,0.2750827720891634
