low,high,recent_strength,all_strength,avg_strength,zone_type,strength
90076,92043,0.7922618160344914,1.0,0.8961309080172457,short-term,0.8961309080172457
88109,90076,1.0,0.715860127006806,0.8579300635034031,persistent,0.8579300635034031
92043,94011,0.7430803372900348,0.6745954102541011,0.708837873772068,short-term,0.708837873772068
86142,88109,0.0,0.9251353504162455,0.46256767520812275,short-term,0.46256767520812275
109747,111715,0.0,0.5458623046420574,0.2729311523210287,short-term,0.2729311523210287
