low,high,recent_strength,all_strength,avg_strength,zone_type,strength
90528,92607,0.9095739228977805,1.0,0.9547869614488902,short-term,0.9547869614488902
88448,90528,1.0,0.4130221585596264,0.7065110792798132,short-term,0.7065110792798132
109247,111327,0.0,0.9203131528292405,0.46015657641462027,short-term,0.46015657641462027
107167,109247,0.0,0.7336920612600348,0.3668460306300174,short-term,0.3668460306300174
113407,115487,0.0,0.7320516372891064,0.3660258186445532,short-term,0.3660258186445532
111327,113407,0.0,0.6938519442880944,0.3469259721440472,short-term,0.3469259721440472
