low,high,recent_strength,all_strength,avg_strength,zone_type,strength
90072,92039,0.8202270878397345,1.0,0.9101135439198673,short-term,0.9101135439198673
88106,90072,1.0,0.7147404707964686,0.8573702353982343,persistent,0.8573702353982343
86140,88106,0.1856582379106574,0.9190256465359921,0.5523419422233247,short-term,0.5523419422233247
92039,94005,0.23005764243335305,0.6595610957776245,0.44480936910548874,short-term,0.44480936910548874
109734,111700,0.0,0.5324616803132167,0.26623084015660836,short-term,0.26623084015660836
