low,high,recent_strength,all_strength,avg_strength,zone_type,strength
90433,92489,1.0,1.0,1.0,persistent,1.0
110994,113051,0.0,0.6678301550532197,0.33391507752660987,short-term,0.33391507752660987
108938,110994,0.0,0.6267359979227091,0.31336799896135453,short-term,0.31336799896135453
100714,102770,0.0,0.5745617617205026,0.2872808808602513,short-term,0.2872808808602513
113051,115107,0.0,0.5658029054010374,0.2829014527005187,short-term,0.2829014527005187
