low,high,recent_strength,all_strength,avg_strength,zone_type,strength
110221,111358,0.7058110562156437,1.0,0.8529055281078218,short-term,0.8529055281078218
106807,107945,1.0,0.5451120014597777,0.7725560007298888,short-term,0.7725560007298888
107945,109083,0.13205734922760728,0.6227132398827405,0.3773852945551739,short-term,0.3773852945551739
112496,113634,0.0,0.7343744923701772,0.3671872461850886,short-term,0.3671872461850886
111358,112496,0.0,0.6345913622982625,0.31729568114913126,short-term,0.31729568114913126
