low,high,recent_strength,all_strength,avg_strength,zone_type,strength
68664,70583,1.0,0.2373735476601128,0.6186867738300564,short-term,0.6186867738300564
89765,91683,0.0,1.0,0.5,short-term,0.5
87846,89765,0.0,0.900344228233908,0.450172114116954,short-term,0.450172114116954
85928,87846,0.0,0.8685380660274087,0.43426903301370434,short-term,0.43426903301370434
91683,93601,0.0,0.7023174507566371,0.35115872537831855,short-term,0.35115872537831855
110865,112783,0.0,0.4444178603079909,0.22220893015399545,short-term,0.22220893015399545
108946,110865,0.0,0.40405549086966147,0.20202774543483074,short-term,0.20202774543483074
93601,95519,0.0,0.39330950742870974,0.19665475371435487,short-term,0.19665475371435487
