low,high,recent_strength,all_strength,avg_strength,zone_type,strength
86286,88325,1.0,0.6985928365215557,0.8492964182607778,persistent,0.8492964182607778
90364,92402,0.0,1.0,0.5,short-term,0.5
88325,90364,0.2513433548454507,0.6161567474799502,0.43375005116270043,short-term,0.43375005116270043
110753,112792,0.0,0.7447087690387406,0.3723543845193703,short-term,0.3723543845193703
106675,108714,0.0,0.6072369047813833,0.30361845239069163,short-term,0.30361845239069163
