low,high,recent_strength,all_strength,avg_strength,zone_type,strength
90104,92078,1.0,1.0,1.0,persistent,1.0
86156,88130,0.0,0.9870473497760714,0.4935236748880357,short-term,0.4935236748880357
92078,94052,0.16891384147094834,0.6354485540323171,0.40218119775163275,short-term,0.40218119775163275
88130,90104,0.0,0.7264760147658794,0.3632380073829397,short-term,0.3632380073829397
109845,111819,0.0,0.6020254924114009,0.30101274620570045,short-term,0.30101274620570045
