low,high,recent_strength,all_strength,avg_strength,zone_type,strength
86253,88275,1.0,0.9927380937634321,0.9963690468817161,persistent,0.9963690468817161
88275,90298,0.3321386647201014,0.7073745184174555,0.5197565915687784,short-term,0.5197565915687784
90298,92320,0.0,1.0,0.5,short-term,0.5
110522,112544,0.0,0.8232092147684669,0.41160460738423343,short-term,0.41160460738423343
92320,94342,0.0,0.6750506491039069,0.33752532455195344,short-term,0.33752532455195344
