low,high,recent_strength,all_strength,avg_strength,zone_type,strength
90491,92561,0.6498954358152949,1.0,0.8249477179076474,short-term,0.8249477179076474
88420,90491,1.0,0.45537369804166217,0.727686849020831,short-term,0.727686849020831
109127,111198,0.0,0.8279477243046702,0.4139738621523351,short-term,0.4139738621523351
111198,113269,0.0,0.7121564628167956,0.3560782314083978,short-term,0.3560782314083978
107057,109127,0.0,0.6689287046255578,0.3344643523127789,short-term,0.3344643523127789
113269,115340,0.0,0.663014402550521,0.3315072012752605,short-term,0.3315072012752605
