low,high,recent_strength,all_strength,avg_strength,zone_type,strength
86216,88221,1.0,1.0,1.0,persistent,1.0
88221,90225,0.6583988392774858,0.665790665756432,0.6620947525169589,short-term,0.6620947525169589
90225,92229,0.0,0.8009846167605719,0.40049230838028593,short-term,0.40049230838028593
110268,112272,0.0,0.6484663254602578,0.3242331627301289,short-term,0.3242331627301289
92229,94233,0.0,0.5666660610236677,0.28333303051183384,short-term,0.28333303051183384
