low,high,recent_strength,all_strength,avg_strength,zone_type,strength
86291,88332,1.0,0.6694279188441944,0.8347139594220971,persistent,0.8347139594220971
88332,90374,0.6540008250873272,0.617613164436773,0.6358069947620502,short-term,0.6358069947620502
90374,92415,0.0,1.0,0.5,short-term,0.5
110789,112830,0.0,0.7471673056934106,0.3735836528467053,short-term,0.3735836528467053
92415,94457,0.0,0.6003671047576747,0.30018355237883737,short-term,0.30018355237883737
