low,high,recent_strength,all_strength,avg_strength,zone_type,strength
86202,88199,1.0,1.0,1.0,persistent,1.0
88199,90196,0.42310002137499897,0.6495465254915319,0.5363232734332655,short-term,0.5363232734332655
90196,92194,0.0,0.7511310553099491,0.37556552765497453,short-term,0.37556552765497453
110168,112165,0.0,0.6333632741412669,0.31668163707063346,short-term,0.31668163707063346
92194,94191,0.0,0.5191519831534032,0.2595759915767016,short-term,0.2595759915767016
