low,high,recent_strength,all_strength,avg_strength,zone_type,strength
90546,92630,0.9797905124403828,1.0,0.9898952562201915,short-term,0.9898952562201915
92630,94714,1.0,0.4441116363239183,0.7220558181619592,short-term,0.7220558181619592
109306,111390,0.0,0.9364539707513092,0.4682269853756546,short-term,0.4682269853756546
111390,113474,0.0,0.8458564995243855,0.42292824976219273,short-term,0.42292824976219273
107221,109306,0.0,0.7264912221465407,0.36324561107327036,short-term,0.36324561107327036
100968,103052,0.0,0.6881792083454364,0.3440896041727182,short-term,0.3440896041727182
