low,high,recent_strength,all_strength,avg_strength,zone_type,strength
92054,94023,1.0,0.740473496289482,0.8702367481447411,persistent,0.8702367481447411
90085,92054,0.0,1.0,0.5,short-term,0.5
86146,88116,0.0,0.9916449862078205,0.49582249310391024,short-term,0.49582249310391024
88116,90085,0.0,0.7207724182124983,0.36038620910624913,short-term,0.36038620910624913
109777,111747,0.0,0.5915468709358706,0.2957734354679353,short-term,0.2957734354679353
