low,high,recent_strength,all_strength,avg_strength,zone_type,strength
86126,88085,1.0,1.0,1.0,persistent,1.0
88085,90044,0.4478464480274626,0.8157708652488438,0.6318086566381532,short-term,0.6318086566381532
90044,92004,0.0,0.9794659413918781,0.4897329706959391,short-term,0.4897329706959391
92004,93963,0.0,0.6666883114179489,0.33334415570897447,short-term,0.33334415570897447
109636,111595,0.0,0.527046797369347,0.2635233986846735,short-term,0.2635233986846735
