low,high,recent_strength,all_strength,avg_strength,zone_type,strength
66754,68677,1.0,0.19221844233559482,0.5961092211677974,short-term,0.5961092211677974
89821,91743,0.0,1.0,0.5,short-term,0.5
85977,87899,0.0,0.9030182621471617,0.45150913107358087,short-term,0.45150913107358087
87899,89821,0.0,0.8721989320244244,0.4360994660122122,short-term,0.4360994660122122
91743,93666,0.0,0.6943553268465266,0.3471776634232633,short-term,0.3471776634232633
110966,112888,0.0,0.43956144941470215,0.21978072470735108,short-term,0.21978072470735108
109043,110966,0.0,0.4081408229952601,0.20407041149763006,short-term,0.20407041149763006
93666,95588,0.0,0.39212844130670443,0.19606422065335222,short-term,0.19606422065335222
