low,high,recent_strength,all_strength,avg_strength,zone_type,strength
90560,92648,1.0,0.9506627774729748,0.9753313887364874,persistent,0.9753313887364874
109353,111441,0.0,1.0,0.5,short-term,0.5
111441,113529,0.0,0.8666570276142763,0.43332851380713816,short-term,0.43332851380713816
107265,109353,0.0,0.754704863105492,0.377352431552746,short-term,0.377352431552746
101001,103089,0.0,0.7187536349216288,0.3593768174608144,short-term,0.3593768174608144
