low,high,recent_strength,all_strength,avg_strength,zone_type,strength
103707,104839,0.9678834692665476,0.32611693416103893,0.6470002017137932,short-term,0.6470002017137932
100311,101443,1.0,0.2751979228679059,0.637598961433953,short-term,0.637598961433953
110499,111631,0.0,1.0,0.5,short-term,0.5
107103,108235,0.2847224292010217,0.6082115417436396,0.44646698547233066,short-term,0.44646698547233066
112763,113895,0.0,0.8437647229895423,0.42188236149477115,short-term,0.42188236149477115
109367,110499,0.0,0.6082639260926692,0.3041319630463346,short-term,0.3041319630463346
108235,109367,0.0,0.589366082546119,0.2946830412730595,short-term,0.2946830412730595
