low,high,recent_strength,all_strength,avg_strength,zone_type,strength
77750,79697,1.0,0.11868074794379369,0.5593403739718968,short-term,0.5593403739718968
89434,91381,0.0,1.0,0.5,short-term,0.5
87487,89434,0.0,0.9148592059890058,0.4574296029945029,short-term,0.4574296029945029
91381,93329,0.0,0.7964474015760891,0.39822370078804453,short-term,0.39822370078804453
85539,87487,0.0,0.7228641070963624,0.3614320535481812,short-term,0.3614320535481812
110855,112802,0.0,0.4447558803757125,0.22237794018785625,short-term,0.22237794018785625
