low,high,recent_strength,all_strength,avg_strength,zone_type,strength
100311,101439,1.0,0.33341751610269854,0.6667087580513493,short-term,0.6667087580513493
110463,111590,0.0,1.0,0.5,short-term,0.5
112718,113846,0.0,0.8222093725042351,0.41110468625211755,short-term,0.41110468625211755
108207,109335,0.0,0.613721554388713,0.3068607771943565,short-term,0.3068607771943565
107079,108207,0.0,0.5768265237032872,0.2884132618516436,short-term,0.2884132618516436
111590,112718,0.0,0.5714585784345887,0.28572928921729435,short-term,0.28572928921729435
