low,high,recent_strength,all_strength,avg_strength,zone_type,strength
86236,88250,1.0,1.0,1.0,persistent,1.0
88250,90264,0.5414424861601854,0.6970855592694734,0.6192640227148294,short-term,0.6192640227148294
90264,92278,0.0,0.9085091449783841,0.45425457248919204,short-term,0.45425457248919204
110405,112419,0.0,0.742775897527666,0.371387948763833,short-term,0.371387948763833
92278,94292,0.0,0.6015654471191879,0.30078272355959396,short-term,0.30078272355959396
