low,high,recent_strength,all_strength,avg_strength,zone_type,strength
101032,102141,0.8933124643640827,0.8308349302816014,0.862073697322842,short-term,0.862073697322842
96596,97705,1.0,0.1737737627691355,0.5868868813845678,short-term,0.5868868813845678
97705,98814,0.908666298546912,0.15790236179999956,0.5332843301734558,short-term,0.5332843301734558
109905,111014,0.0,1.0,0.5,short-term,0.5
111014,112124,0.0,0.9438456922933227,0.47192284614666136,short-term,0.47192284614666136
113233,114342,0.0,0.8166157793824831,0.40830788969124154,short-term,0.40830788969124154
107687,108796,0.0,0.7875878375224952,0.3937939187612476,short-term,0.3937939187612476
106578,107687,0.0,0.6729312006838633,0.3364656003419316,short-term,0.3364656003419316
