low,high,recent_strength,all_strength,avg_strength,zone_type,strength
95483,96589,1.0,0.2464875906278396,0.6232437953139198,short-term,0.6232437953139198
94377,95483,0.8617757484897821,0.21241702790674946,0.5370963881982658,short-term,0.5370963881982658
110963,112068,0.0,1.0,0.5,short-term,0.5
109857,110963,0.0,0.9870878180690088,0.4935439090345044,short-term,0.4935439090345044
113174,114280,0.0,0.9067118486079555,0.45335592430397775,short-term,0.45335592430397775
101012,102117,0.10256462913490645,0.7580764471883762,0.43032053816164134,short-term,0.43032053816164134
107646,108751,0.0,0.7549014809898054,0.3774507404949027,short-term,0.3774507404949027
106540,107646,0.0,0.6872087107563672,0.3436043553781836,short-term,0.3436043553781836
