low,high,recent_strength,all_strength,avg_strength,zone_type,strength
86469,87535,1.0,0.623297455281387,0.8116487276406935,persistent,0.8116487276406935
109907,110972,0.0,1.0,0.5,short-term,0.5
110972,112037,0.0,0.9858190489741561,0.49290952448707803,short-term,0.49290952448707803
113103,114168,0.0,0.8461785404164706,0.4230892702082353,short-term,0.4230892702082353
101384,102449,0.0,0.8068372318795186,0.4034186159397593,short-term,0.4034186159397593
107776,108841,0.0,0.7745461633710047,0.38727308168550234,short-term,0.38727308168550234
106711,107776,0.0,0.6227407404177558,0.3113703702088779,short-term,0.3113703702088779
112037,113103,0.0,0.6014993759058327,0.30074968795291634,short-term,0.30074968795291634
103515,104580,0.0,0.5785759319271375,0.28928796596356876,short-term,0.28928796596356876
