low,high,recent_strength,all_strength,avg_strength,zone_type,strength
66667,68545,1.0,0.46972650032357127,0.7348632501617857,persistent,0.7348632501617857
89207,91085,0.0,1.0,0.5,short-term,0.5
87328,89207,0.0,0.922398323405988,0.461199161702994,short-term,0.461199161702994
91085,92963,0.0,0.8655596507255298,0.4327798253627649,short-term,0.4327798253627649
68545,70423,0.15130365157320025,0.5668140802441445,0.35905886590867236,short-term,0.35905886590867236
85450,87328,0.0,0.661169240429808,0.330584620214904,short-term,0.330584620214904
109869,111747,0.0,0.5335552574278817,0.26677762871394084,short-term,0.26677762871394084
