low,high,recent_strength,all_strength,avg_strength,zone_type,strength
86241,88257,0.9957054825763696,1.0,0.9978527412881848,short-term,0.9978527412881848
88257,90274,1.0,0.7267777839096752,0.8633888919548376,persistent,0.8633888919548376
90274,92290,0.0,0.9425577396133681,0.47127886980668404,short-term,0.47127886980668404
110439,112456,0.0,0.759797127651403,0.3798985638257015,short-term,0.3798985638257015
92290,94307,0.0,0.6386569492396094,0.3193284746198047,short-term,0.3193284746198047
