low,high,recent_strength,all_strength,avg_strength,zone_type,strength
86292,88334,1.0,0.6378478576261281,0.8189239288130641,persistent,0.8189239288130641
88334,90376,0.9476922819863354,0.6169072552148683,0.7822997686006019,short-term,0.7822997686006019
90376,92419,0.0,1.0,0.5,short-term,0.5
110798,112840,0.0,0.7311536300655457,0.36557681503277284,short-term,0.36557681503277284
92419,94461,0.0,0.598537943783243,0.2992689718916215,short-term,0.2992689718916215
