low,high,recent_strength,all_strength,avg_strength,zone_type,strength
90460,92523,0.8717135735054757,1.0,0.9358567867527379,short-term,0.9358567867527379
92523,94586,1.0,0.5234198650624686,0.7617099325312343,short-term,0.7617099325312343
109026,111089,0.0,0.6998076986555951,0.34990384932779756,short-term,0.34990384932779756
111089,113152,0.0,0.6889897594509455,0.34449487972547277,short-term,0.34449487972547277
106963,109026,0.0,0.6072364755327392,0.3036182377663696,short-term,0.3036182377663696
113152,115215,0.0,0.6063658537408944,0.3031829268704472,short-term,0.3031829268704472
