low,high,recent_strength,all_strength,avg_strength,zone_type,strength
64835,66761,1.0,0.18635859258712717,0.5931792962935636,short-term,0.5931792962935636
62910,64835,0.9424223196477666,0.17562849711225348,0.55902540838001,short-term,0.55902540838001
89866,91791,0.0,1.0,0.5,short-term,0.5
86015,87940,0.0,0.9206887810124869,0.46034439050624343,short-term,0.46034439050624343
87940,89866,0.0,0.8658470096129808,0.4329235048064904,short-term,0.4329235048064904
91791,93716,0.0,0.7052584410940245,0.35262922054701223,short-term,0.35262922054701223
111045,112971,0.0,0.4294596883619796,0.2147298441809898,short-term,0.2147298441809898
109120,111045,0.0,0.4224480279159691,0.21122401395798454,short-term,0.21122401395798454
93716,95642,0.0,0.3907754273020697,0.19538771365103486,short-term,0.19538771365103486
