low,high,recent_strength,all_strength,avg_strength,zone_type,strength
104095,105209,1.0,0.5435265036998744,0.7717632518499372,short-term,0.7717632518499372
102981,104095,0.9435605655056597,0.5857641482360184,0.764662356870839,short-term,0.764662356870839
100752,101866,0.48248973371613624,0.6896391967374821,0.5860644652268092,short-term,0.5860644652268092
110779,111893,0.0,1.0,0.5,short-term,0.5
113008,114122,0.0,0.8052193871622141,0.40260969358110704,short-term,0.40260969358110704
107437,108551,0.0,0.8015555502844127,0.40077777514220636,short-term,0.40077777514220636
109665,110779,0.0,0.7503412913108505,0.37517064565542524,short-term,0.37517064565542524
