low,high,recent_strength,all_strength,avg_strength,zone_type,strength
90121,92099,1.0,0.9264223090462301,0.963211154523115,persistent,0.963211154523115
86164,88143,0.0,1.0,0.5,short-term,0.5
88143,90121,0.04322214287479618,0.7367700456415334,0.3899960942581648,short-term,0.3899960942581648
92099,94077,0.08328892582647704,0.625568437543164,0.35442868168482056,short-term,0.35442868168482056
109904,111882,0.0,0.608799598449592,0.304399799224796,short-term,0.304399799224796
