low,high,recent_strength,all_strength,avg_strength,zone_type,strength
68571,70458,1.0,0.5592993053142407,0.7796496526571204,persistent,0.7796496526571204
89330,91217,0.0,1.0,0.5,short-term,0.5
87443,89330,0.0,0.908215857296393,0.4541079286481965,short-term,0.4541079286481965
91217,93104,0.0,0.8436623726152207,0.42183118630761035,short-term,0.42183118630761035
85556,87443,0.0,0.7147097347193619,0.35735486735968097,short-term,0.35735486735968097
110088,111976,0.0,0.539834147685689,0.2699170738428445,short-term,0.2699170738428445
111976,113863,0.0,0.42032949703719386,0.21016474851859693,short-term,0.21016474851859693
