low,high,recent_strength,all_strength,avg_strength,zone_type,strength
66669,68549,1.0,0.44874533538106093,0.7243726676905304,persistent,0.7243726676905304
89226,91106,0.0,1.0,0.5,short-term,0.5
87346,89226,0.0,0.9157692846029999,0.45788464230149994,short-term,0.45788464230149994
91106,92986,0.0,0.8662144096651804,0.4331072048325902,short-term,0.4331072048325902
68549,70429,0.21817807065488867,0.5638573304906225,0.3910177005727556,short-term,0.3910177005727556
85467,87346,0.0,0.6611749923854364,0.3305874961927182,short-term,0.3305874961927182
109903,111783,0.0,0.5285906253510481,0.26429531267552403,short-term,0.26429531267552403
