low,high,recent_strength,all_strength,avg_strength,zone_type,strength
66668,68547,1.0,0.4699316324986852,0.7349658162493427,persistent,0.7349658162493427
89217,91096,0.0,1.0,0.5,short-term,0.5
87338,89217,0.0,0.9208058890390844,0.4604029445195422,short-term,0.4604029445195422
91096,92975,0.0,0.8723724600427022,0.4361862300213511,short-term,0.4361862300213511
68547,70426,0.18198402349559678,0.5656939038064777,0.3738389636510372,short-term,0.3738389636510372
85459,87338,0.0,0.6627290571005631,0.33136452855028153,short-term,0.33136452855028153
109886,111765,0.0,0.533809485002279,0.2669047425011395,short-term,0.2669047425011395
