low,high,recent_strength,all_strength,avg_strength,zone_type,strength
90425,92479,0.5844956518515761,1.0,0.7922478259257881,short-term,0.7922478259257881
88370,90425,1.0,0.5116845798439117,0.7558422899219559,short-term,0.7558422899219559
110967,113021,0.0,0.663580949159252,0.331790474579626,short-term,0.331790474579626
108912,110967,0.0,0.623449245204921,0.3117246226024605,short-term,0.3117246226024605
100696,102750,0.0,0.5739314877992012,0.2869657438996006,short-term,0.2869657438996006
113021,115075,0.0,0.5712981049863197,0.28564905249315986,short-term,0.28564905249315986
