low,high,recent_strength,all_strength,avg_strength,zone_type,strength
68627,70533,1.0,0.3604226456613306,0.6802113228306653,short-term,0.6802113228306653
89590,91495,0.0,1.0,0.5,short-term,0.5
87684,89590,0.0,0.8757209667891229,0.43786048339456146,short-term,0.43786048339456146
85778,87684,0.0,0.8158518806602827,0.40792594033014135,short-term,0.40792594033014135
91495,93401,0.0,0.7346466766458558,0.3673233383229279,short-term,0.3673233383229279
110552,112458,0.0,0.4886686342271555,0.24433431711357775,short-term,0.24433431711357775
112458,114364,0.0,0.39543828898975636,0.19771914449487818,short-term,0.19771914449487818
106741,108647,0.0,0.379689404245157,0.1898447021225785,short-term,0.1898447021225785
