low,high,recent_strength,all_strength,avg_strength,zone_type,strength
90121,92100,1.0,0.9257384799400633,0.9628692399700316,persistent,0.9628692399700316
86165,88143,0.0,1.0,0.5,short-term,0.5
88143,90121,0.04349386394126549,0.7367700456415301,0.39013195479139784,short-term,0.39013195479139784
92100,94078,0.13299916306361115,0.6255684375431632,0.37928380030338715,short-term,0.37928380030338715
109906,111884,0.0,0.6121605101586383,0.30608025507931913,short-term,0.30608025507931913
