low,high,recent_strength,all_strength,avg_strength,zone_type,strength
88027,89981,1.0,0.9010936422200768,0.9505468211100384,persistent,0.9505468211100384
86073,88027,0.2378783799838791,1.0,0.6189391899919395,short-term,0.6189391899919395
89981,91935,0.21940509684297296,0.9783757292221916,0.5988904130325823,short-term,0.5988904130325823
91935,93889,0.0,0.6819589255728057,0.34097946278640284,short-term,0.34097946278640284
109522,111476,0.0,0.5202848130135888,0.2601424065067944,short-term,0.2601424065067944
