low,high,recent_strength,all_strength,avg_strength,zone_type,strength
68672,70592,1.0,0.21507544296091868,0.6075377214804594,short-term,0.6075377214804594
89798,91719,0.0,1.0,0.5,short-term,0.5
87878,89798,0.0,0.889512740813664,0.444756370406832,short-term,0.444756370406832
85957,87878,0.0,0.8707447883350098,0.4353723941675049,short-term,0.4353723941675049
91719,93639,0.0,0.6802972468128874,0.3401486234064437,short-term,0.3401486234064437
110925,112845,0.0,0.4389330643171086,0.2194665321585543,short-term,0.2194665321585543
109004,110925,0.0,0.3960525226689792,0.1980262613344896,short-term,0.1980262613344896
93639,95560,0.0,0.3900485295587078,0.1950242647793539,short-term,0.1950242647793539
