low,high,recent_strength,all_strength,avg_strength,zone_type,strength
90436,92493,1.0,1.0,1.0,persistent,1.0
111008,113065,0.0,0.6732662540139257,0.33663312700696285,short-term,0.33663312700696285
108950,111008,0.0,0.6077025282016583,0.30385126410082913,short-term,0.30385126410082913
100722,102779,0.0,0.5744376521463307,0.28721882607316535,short-term,0.28721882607316535
106893,108950,0.0,0.5725186496758808,0.2862593248379404,short-term,0.2862593248379404
