low,high,recent_strength,all_strength,avg_strength,zone_type,strength
88271,90292,1.0,0.7419571148305164,0.8709785574152582,persistent,0.8709785574152582
86250,88271,0.5870249590200489,0.9942390608202332,0.790632009920141,short-term,0.790632009920141
90292,92313,0.0,1.0,0.5,short-term,0.5
110502,112523,0.0,0.8156964121471966,0.4078482060735983,short-term,0.4078482060735983
92313,94334,0.0,0.6796154145914955,0.3398077072957478,short-term,0.3398077072957478
