low,high,recent_strength,all_strength,avg_strength,zone_type,strength
66702,68597,1.0,0.31718386360880874,0.6585919318044043,short-term,0.6585919318044043
68597,70493,0.6137470572984708,0.4463293740378544,0.5300382156681626,short-term,0.5300382156681626
89452,91347,0.0,1.0,0.5,short-term,0.5
87556,89452,0.0,0.9135586775429969,0.45677933877149846,short-term,0.45677933877149846
91347,93243,0.0,0.8257210747925186,0.4128605373962593,short-term,0.4128605373962593
85660,87556,0.0,0.7634317689505198,0.3817158844752599,short-term,0.3817158844752599
110306,112202,0.0,0.5104250797098454,0.2552125398549227,short-term,0.2552125398549227
112202,114098,0.0,0.4073285481546914,0.2036642740773457,short-term,0.2036642740773457
