low,high,recent_strength,all_strength,avg_strength,zone_type,strength
102979,104093,1.0,0.627666467000222,0.813833233500111,short-term,0.813833233500111
104093,105207,0.8228136226743497,0.5435265036998731,0.6831700631871114,short-term,0.6831700631871114
100752,101866,0.3969991257021565,0.6896391967374823,0.5433191612198194,short-term,0.5433191612198194
110775,111889,0.0,1.0,0.5,short-term,0.5
113002,114116,0.0,0.8052193871622133,0.40260969358110665,short-term,0.40260969358110665
107434,108548,0.0,0.7576196064802007,0.37880980324010033,short-term,0.37880980324010033
109661,110775,0.0,0.7503412913108507,0.37517064565542535,short-term,0.37517064565542535
