low,high,recent_strength,all_strength,avg_strength,zone_type,strength
84305,86402,1.0,0.43821005242812455,0.7191050262140622,short-term,0.7191050262140622
90597,92694,0.5364464825236346,0.7495098718261327,0.6429781771748837,short-term,0.6429781771748837
109472,111570,0.0,1.0,0.5,short-term,0.5
111570,113667,0.0,0.8130478462073817,0.40652392310369084,short-term,0.40652392310369084
107375,109472,0.0,0.7443063328839277,0.37215316644196383,short-term,0.37215316644196383
101083,103181,0.0,0.7190861612147788,0.3595430806073894,short-term,0.3595430806073894
