low,high,recent_strength,all_strength,avg_strength,zone_type,strength
77447,79391,1.0,0.15172376386341033,0.5758618819317052,short-term,0.5758618819317052
89115,91060,0.0,1.0,0.5,short-term,0.5
87170,89115,0.0,0.9574370699806629,0.47871853499033146,short-term,0.47871853499033146
91060,93004,0.0,0.868878423703547,0.4344392118517735,short-term,0.4344392118517735
85225,87170,0.0,0.568243134957589,0.2841215674787945,short-term,0.2841215674787945
110506,112451,0.0,0.500492937574422,0.250246468787211,short-term,0.250246468787211
94949,96894,0.0,0.39788245632768837,0.19894122816384419,short-term,0.19894122816384419
