low,high,recent_strength,all_strength,avg_strength,zone_type,strength
68678,70600,1.0,0.19688090586679802,0.598440452933399,short-term,0.598440452933399
89826,91749,0.0,1.0,0.5,short-term,0.5
85981,87904,0.0,0.904634396229023,0.4523171981145115,short-term,0.4523171981145115
87904,89826,0.0,0.8705827979425883,0.43529139897129415,short-term,0.43529139897129415
91749,93672,0.0,0.6943553268465351,0.34717766342326756,short-term,0.34717766342326756
110975,112898,0.0,0.43745614260357313,0.21872807130178656,short-term,0.21872807130178656
109052,110975,0.0,0.4102461298064087,0.20512306490320434,short-term,0.20512306490320434
93672,95594,0.0,0.39212844130670377,0.19606422065335188,short-term,0.19606422065335188
