low,high,recent_strength,all_strength,avg_strength,zone_type,strength
96011,97983,1.0,0.2630111995578738,0.6315055997789369,short-term,0.6315055997789369
90095,92067,0.0,1.0,0.5,short-term,0.5
86152,88123,0.0,0.9858171981610696,0.4929085990805348,short-term,0.4929085990805348
88123,90095,0.0,0.7232542490296678,0.3616271245148339,short-term,0.3616271245148339
92067,94039,0.0,0.6659734324421328,0.3329867162210664,short-term,0.3329867162210664
109813,111785,0.0,0.5953738929748233,0.2976869464874117,short-term,0.2976869464874117
