low,high,recent_strength,all_strength,avg_strength,zone_type,strength
88265,90285,1.0,0.7755616761716863,0.8877808380858432,persistent,0.8877808380858432
86246,88265,0.3060140039414076,0.9843727712943527,0.6451933876178801,short-term,0.6451933876178801
90285,92304,0.0,1.0,0.5,short-term,0.5
110477,112496,0.0,0.8138101383285148,0.4069050691642574,short-term,0.4069050691642574
92304,94323,0.0,0.6730182657691509,0.33650913288457546,short-term,0.33650913288457546
