low,high,recent_strength,all_strength,avg_strength,zone_type,strength
66709,68609,1.0,0.294614824634176,0.647307412317088,short-term,0.647307412317088
89505,91404,0.0,1.0,0.5,short-term,0.5
87605,89505,0.0,0.8890716744131487,0.44453583720657436,short-term,0.44453583720657436
91404,93304,0.0,0.7875642455251385,0.39378212276256924,short-term,0.39378212276256924
85706,87605,0.0,0.783881625133139,0.3919408125665695,short-term,0.3919408125665695
110401,112301,0.0,0.5009953813504774,0.2504976906752387,short-term,0.2504976906752387
68609,70508,0.0521464199924422,0.38929418435480356,0.22072030217362287,short-term,0.22072030217362287
112301,114200,0.0,0.40046257637338345,0.20023128818669172,short-term,0.20023128818669172
