low,high,recent_strength,all_strength,avg_strength,zone_type,strength
101439,102566,1.0,0.3592217648096366,0.6796108824048183,short-term,0.6796108824048183
110456,111583,0.0,1.0,0.5,short-term,0.5
112711,113838,0.0,0.8173145112324505,0.40865725561622523,short-term,0.40865725561622523
108202,109329,0.0,0.6100678842060406,0.3050339421030203,short-term,0.3050339421030203
107075,108202,0.0,0.5733925008061621,0.28669625040308105,short-term,0.28669625040308105
111583,112711,0.0,0.5680565125404871,0.28402825627024353,short-term,0.28402825627024353
