low,high,recent_strength,all_strength,avg_strength,zone_type,strength
82165,84116,1.0,0.322100033442711,0.6610500167213555,short-term,0.6610500167213555
86067,88019,0.09900284112567038,1.0,0.5495014205628352,short-term,0.5495014205628352
88019,89970,0.20403784379890824,0.8949184811709794,0.5494781624849439,short-term,0.5494781624849439
89970,91921,0.0,0.9760856345373677,0.48804281726868387,short-term,0.48804281726868387
91921,93873,0.0,0.6821722011104137,0.34108610055520683,short-term,0.34108610055520683
109483,111434,0.0,0.5165469141866482,0.2582734570933241,short-term,0.2582734570933241
