low,high,recent_strength,all_strength,avg_strength,zone_type,strength
86280,88316,1.0,0.7562514853227266,0.8781257426613633,persistent,0.8781257426613633
90352,92389,0.0,1.0,0.5,short-term,0.5
110714,112750,0.0,0.7237715630231841,0.36188578151159206,short-term,0.36188578151159206
88316,90352,0.06701820600563636,0.6197591052046917,0.343388655605164,short-term,0.343388655605164
106642,108678,0.0,0.6333292199971597,0.31666460999857987,short-term,0.31666460999857987
