low,high,recent_strength,all_strength,avg_strength,zone_type,strength
86127,88086,1.0,1.0,1.0,persistent,1.0
88086,90046,0.41963705850853494,0.8093966929851577,0.6145168757468463,short-term,0.6145168757468463
90046,92005,0.0,0.9794659413918759,0.48973297069593796,short-term,0.48973297069593796
92005,93964,0.0,0.6666883114179525,0.33334415570897624,short-term,0.33334415570897624
109640,111599,0.0,0.5270467973693418,0.2635233986846709,short-term,0.2635233986846709
