low,high,recent_strength,all_strength,avg_strength,zone_type,strength
102978,104091,1.0,0.6344587837878378,0.8172293918939189,short-term,0.8172293918939189
100752,101865,0.5269339416851262,0.7175651188538024,0.6222495302694643,short-term,0.6222495302694643
110771,111884,0.0,1.0,0.5,short-term,0.5
112998,114111,0.0,0.7936475240284826,0.3968237620142413,short-term,0.3968237620142413
107431,108545,0.0,0.7576196064801966,0.3788098032400983,short-term,0.3788098032400983
109658,110771,0.0,0.7503412913108445,0.37517064565542224,short-term,0.37517064565542224
