low,high,recent_strength,all_strength,avg_strength,zone_type,strength
90119,92097,1.0,0.9618887745276381,0.980944387263819,persistent,0.980944387263819
86163,88141,0.0,1.0,0.5,short-term,0.5
88141,90119,0.1714550829651454,0.7561803650014408,0.46381772398329313,short-term,0.46381772398329313
92097,94075,0.0,0.6255684375431673,0.31278421877158363,short-term,0.31278421877158363
109897,111875,0.0,0.6145917721390317,0.30729588606951586,short-term,0.30729588606951586
