low,high,recent_strength,all_strength,avg_strength,zone_type,strength
66652,68524,1.0,0.6064817720123373,0.8032408860061686,persistent,0.8032408860061686
89108,90979,0.0,1.0,0.5,short-term,0.5
87237,89108,0.0,0.9200035814605297,0.46000179073026487,short-term,0.46000179073026487
90979,92851,0.0,0.8352902747609663,0.41764513738048314,short-term,0.41764513738048314
85365,87237,0.0,0.6318787692524205,0.31593938462621024,short-term,0.31593938462621024
68524,70395,0.0,0.5489394934821632,0.2744697467410816,short-term,0.2744697467410816
109692,111563,0.0,0.5144882173362548,0.2572441086681274,short-term,0.2572441086681274
