low,high,recent_strength,all_strength,avg_strength,zone_type,strength
88077,90034,1.0,0.8762600080394943,0.9381300040197471,persistent,0.9381300040197471
86121,88077,0.4877865575623582,1.0,0.7438932787811792,short-term,0.7438932787811792
90034,91990,0.16192003000747057,0.9832721829413573,0.572596106474414,short-term,0.572596106474414
91990,93947,0.0,0.6405700015255477,0.32028500076277383,short-term,0.32028500076277383
109598,111555,0.0,0.5257917791994083,0.26289588959970417,short-term,0.26289588959970417
