low,high,recent_strength,all_strength,avg_strength,zone_type,strength
90106,92080,1.0,1.0,1.0,persistent,1.0
86157,88131,0.0,0.99810070166037,0.499050350830185,short-term,0.499050350830185
92080,94055,0.18446950432762732,0.6425645616622273,0.4135170329949273,short-term,0.4135170329949273
88131,90106,0.0,0.7354386000557532,0.3677193000278766,short-term,0.3677193000278766
109850,111825,0.0,0.6061529085468063,0.30307645427340313,short-term,0.30307645427340313
