low,high,recent_strength,all_strength,avg_strength,zone_type,strength
90100,92073,0.8538085264310421,1.0,0.9269042632155211,short-term,0.9269042632155211
92073,94046,0.8617590341716251,0.6659734324421323,0.7638662333068786,short-term,0.7638662333068786
94046,96019,1.0,0.3430231724170015,0.6715115862085007,short-term,0.6715115862085007
86154,88127,0.0,0.9858171981610705,0.49290859908053525,short-term,0.49290859908053525
88127,90100,0.0,0.7232542490296677,0.36162712451483386,short-term,0.36162712451483386
109830,111803,0.0,0.5972776662112117,0.29863883310560585,short-term,0.29863883310560585
