low,high,recent_strength,all_strength,avg_strength,zone_type,strength
88355,90404,1.0,0.5700109114716235,0.7850054557358117,short-term,0.7850054557358117
90404,92453,0.17922188420033355,1.0,0.5896109421001667,short-term,0.5896109421001667
110896,112945,0.0,0.6726890006546922,0.3363445003273461,short-term,0.3363445003273461
108847,110896,0.0,0.6129465988198896,0.3064732994099448,short-term,0.3064732994099448
106797,108847,0.0,0.5838752416345032,0.2919376208172516,short-term,0.2919376208172516
100650,102699,0.0,0.5782833648024238,0.2891416824012119,short-term,0.2891416824012119
