low,high,recent_strength,all_strength,avg_strength,zone_type,strength
86129,88089,1.0,1.0,1.0,persistent,1.0
88089,90050,0.5236447005367951,0.8181451783553721,0.6708949394460837,short-term,0.6708949394460837
90050,92010,0.0,0.9905802700660928,0.4952901350330464,short-term,0.4952901350330464
92010,93971,0.0,0.6797045904163412,0.3398522952081706,short-term,0.3398522952081706
109655,111615,0.0,0.531841860391635,0.2659209301958175,short-term,0.2659209301958175
