low,high,recent_strength,all_strength,avg_strength,zone_type,strength
86284,88323,1.0,0.7126828791451263,0.8563414395725631,persistent,0.8563414395725631
90361,92399,0.0,1.0,0.5,short-term,0.5
88323,90361,0.1772358511949292,0.6161567474799499,0.39669629933743955,short-term,0.39669629933743955
110743,112782,0.0,0.7481577703058917,0.37407888515294585,short-term,0.37407888515294585
106667,108705,0.0,0.6072369047813856,0.3036184523906928,short-term,0.3036184523906928
