low,high,recent_strength,all_strength,avg_strength,zone_type,strength
86201,88197,1.0,1.0,1.0,persistent,1.0
88197,90194,0.6872864743055791,0.6676333478034366,0.6774599110545079,short-term,0.6774599110545079
90194,92190,0.0,0.7549436295956852,0.3774718147978426,short-term,0.3774718147978426
110159,112155,0.0,0.6324904699394714,0.3162452349697357,short-term,0.3162452349697357
92190,94187,0.0,0.5010111648580241,0.25050558242901205,short-term,0.25050558242901205
