low,high,recent_strength,all_strength,avg_strength,zone_type,strength
77019,78958,1.0,0.2559207524620646,0.6279603762310323,short-term,0.6279603762310323
86717,88657,0.0,1.0,0.5,short-term,0.5
88657,90596,0.0,0.9182754805362425,0.45913774026812126,short-term,0.45913774026812126
90596,92536,0.0,0.8918461341836715,0.44592306709183577,short-term,0.44592306709183577
92536,94476,0.0,0.5188511406274174,0.2594255703137087,short-term,0.2594255703137087
109993,111933,0.0,0.51498552462848,0.25749276231424,short-term,0.25749276231424
84777,86717,0.0,0.4240906742175039,0.21204533710875195,short-term,0.21204533710875195
