low,high,recent_strength,all_strength,avg_strength,zone_type,strength
90569,92660,1.0,0.9376451136085906,0.9688225568042953,persistent,0.9688225568042953
109383,111473,0.0,1.0,0.5,short-term,0.5
111473,113564,0.0,0.846782621684097,0.4233913108420485,short-term,0.4233913108420485
107293,109383,0.0,0.7479857697090188,0.3739928848545094,short-term,0.3739928848545094
101021,103112,0.0,0.7025537992512776,0.3512768996256388,short-term,0.3512768996256388
