low,high,recent_strength,all_strength,avg_strength,zone_type,strength
69045,70977,1.0,0.10486695712754078,0.5524334785637703,short-term,0.5524334785637703
74841,76773,0.8587933301974549,0.15589037410216838,0.5073418521498116,short-term,0.5073418521498116
86434,88366,0.0,1.0,0.5,short-term,0.5
88366,90298,0.0,0.8449089872744712,0.4224544936372356,short-term,0.4224544936372356
90298,92230,0.0,0.8362449938073901,0.4181224969036951,short-term,0.4181224969036951
92230,94162,0.0,0.5709348636562662,0.2854674318281331,short-term,0.2854674318281331
109619,111551,0.0,0.48776583845040467,0.24388291922520233,short-term,0.24388291922520233
111551,113483,0.0,0.3944503967812767,0.19722519839063835,short-term,0.19722519839063835
94162,96094,0.0,0.36422542487584403,0.18211271243792201,short-term,0.18211271243792201
