low,high,recent_strength,all_strength,avg_strength,zone_type,strength
100759,101880,1.0,0.6670760639232786,0.8335380319616392,short-term,0.8335380319616392
109726,110847,0.0,1.0,0.5,short-term,0.5
110847,111968,0.0,0.9996876396711325,0.49984381983556625,short-term,0.49984381983556625
107484,108605,0.0,0.942011206313792,0.471005603156896,short-term,0.471005603156896
113089,114210,0.0,0.921014713647437,0.4605073568237185,short-term,0.4605073568237185
111968,113089,0.0,0.7756807571328321,0.38784037856641607,short-term,0.38784037856641607
