low,high,recent_strength,all_strength,avg_strength,zone_type,strength
68638,70548,1.0,0.3650748047110853,0.6825374023555426,short-term,0.6825374023555426
89643,91553,0.0,1.0,0.5,short-term,0.5
87733,89643,0.0,0.8854759643742344,0.4427379821871172,short-term,0.4427379821871172
85824,87733,0.0,0.8330210521303152,0.4165105260651576,short-term,0.4165105260651576
91553,93462,0.0,0.7290238386147619,0.36451191930738097,short-term,0.36451191930738097
110648,112557,0.0,0.4851651853750277,0.24258259268751384,short-term,0.24258259268751384
112557,114467,0.0,0.3873774078686914,0.1936887039343457,short-term,0.1936887039343457
93462,95372,0.0,0.38479741146982693,0.19239870573491347,short-term,0.19239870573491347
