low,high,recent_strength,all_strength,avg_strength,zone_type,strength
86123,88081,1.0,1.0,1.0,persistent,1.0
88081,90038,0.4542325328952882,0.8282358793244549,0.6412342061098715,short-term,0.6412342061098715
90038,91996,0.0,0.9635031101276097,0.48175155506380485,short-term,0.48175155506380485
91996,93954,0.0,0.6361214628274681,0.31806073141373403,short-term,0.31806073141373403
109615,111573,0.0,0.5235367640359705,0.26176838201798525,short-term,0.26176838201798525
