low,high,recent_strength,all_strength,avg_strength,zone_type,strength
101878,102998,1.0,0.5102364278296709,0.7551182139148355,short-term,0.7551182139148355
110838,111958,0.0,1.0,0.5,short-term,0.5
109718,110838,0.0,0.9892675738682819,0.49463378693414095,short-term,0.49463378693414095
107478,108598,0.0,0.9574186846138082,0.4787093423069041,short-term,0.4787093423069041
113078,114197,0.0,0.9162154471364105,0.4581077235682052,short-term,0.4581077235682052
111958,113078,0.0,0.7716388035941972,0.3858194017970986,short-term,0.3858194017970986
