low,high,recent_strength,all_strength,avg_strength,zone_type,strength
72120,74056,1.0,0.09241940785118977,0.5462097039255949,short-term,0.5462097039255949
89545,91481,0.0,1.0,0.5,short-term,0.5
87609,89545,0.0,0.8548270799742046,0.4274135399871023,short-term,0.4274135399871023
85673,87609,0.0,0.7500614096401123,0.3750307048200561,short-term,0.3750307048200561
91481,93417,0.0,0.7154063041359364,0.3577031520679682,short-term,0.3577031520679682
110842,112778,0.0,0.4322715708755875,0.21613578543779374,short-term,0.21613578543779374
93417,95353,0.0,0.38543415875364645,0.19271707937682322,short-term,0.19271707937682322
