low,high,recent_strength,all_strength,avg_strength,zone_type,strength
66701,68596,1.0,0.31641637016093566,0.6582081850804679,short-term,0.6582081850804679
68596,70491,0.8079426744674449,0.45225975978218375,0.6301012171248144,short-term,0.6301012171248144
89445,91341,0.0,1.0,0.5,short-term,0.5
87550,89445,0.0,0.9117323170877849,0.45586615854389245,short-term,0.45586615854389245
91341,93236,0.0,0.8180777808249262,0.4090388904124631,short-term,0.4090388904124631
85654,87550,0.0,0.7587805847906793,0.37939029239533967,short-term,0.37939029239533967
110294,112190,0.0,0.5096013635310691,0.25480068176553455,short-term,0.25480068176553455
112190,114085,0.0,0.4063429305754049,0.20317146528770244,short-term,0.20317146528770244
