low,high,recent_strength,all_strength,avg_strength,zone_type,strength
90121,92100,1.0,0.9260734481689601,0.96303672408448,persistent,0.96303672408448
86165,88143,0.0,1.0,0.5,short-term,0.5
88143,90121,0.22678680614491367,0.756783769479002,0.49178528781195785,short-term,0.49178528781195785
92100,94078,0.11912397950980694,0.6255684375431686,0.37234620852648775,short-term,0.37234620852648775
109905,111883,0.0,0.6087995984495939,0.30439979922479693,short-term,0.30439979922479693
