low,high,recent_strength,all_strength,avg_strength,zone_type,strength
106069,107206,1.0,0.44594477437138025,0.7229723871856901,short-term,0.7229723871856901
110616,111753,0.3306776664214653,1.0,0.6653388332107326,short-term,0.6653388332107326
107206,108342,0.6853874158991695,0.6358162897247223,0.6606018528119459,persistent,0.6606018528119459
109479,110616,0.4962836329445335,0.6472677508523088,0.5717756918984211,short-term,0.5717756918984211
112889,114026,0.0,0.7344491026878299,0.36722455134391496,short-term,0.36722455134391496
