low,high,recent_strength,all_strength,avg_strength,zone_type,strength
94035,96006,1.0,0.42270504653665303,0.7113525232683265,short-term,0.7113525232683265
90093,92064,0.0,1.0,0.5,short-term,0.5
86150,88121,0.0,0.9854800290042882,0.4927400145021441,short-term,0.4927400145021441
88121,90093,0.0,0.7226648616836658,0.3613324308418329,short-term,0.3613324308418329
92064,94035,0.0,0.665745656236694,0.332872828118347,short-term,0.332872828118347
109805,111776,0.0,0.5918103410561381,0.29590517052806903,short-term,0.29590517052806903
