low,high,recent_strength,all_strength,avg_strength,zone_type,strength
100761,101883,1.0,0.6031323680303098,0.8015661840151549,short-term,0.8015661840151549
110862,111984,0.0,1.0,0.5,short-term,0.5
109740,110862,0.0,0.9727864962670758,0.4863932481335379,short-term,0.4863932481335379
113107,114229,0.0,0.8780856674074238,0.4390428337037119,short-term,0.4390428337037119
107495,108617,0.0,0.8656336207616108,0.4328168103808054,short-term,0.4328168103808054
111984,113107,0.0,0.6706559874749797,0.33532799373748984,short-term,0.33532799373748984
