low,high,recent_strength,all_strength,avg_strength,zone_type,strength
102947,104060,1.0,0.6286085509864031,0.8143042754932015,short-term,0.8143042754932015
101834,102947,0.8628225304000212,0.6079857910990367,0.735404160749529,short-term,0.735404160749529
100722,101834,0.47664602132636696,0.6876416947799431,0.582143858053155,short-term,0.582143858053155
110736,111849,0.0,1.0,0.5,short-term,0.5
112962,114075,0.0,0.8002493961310381,0.40012469806551904,short-term,0.40012469806551904
107398,108511,0.0,0.775283602753115,0.3876418013765575,short-term,0.3876418013765575
109624,110736,0.0,0.7412451284440822,0.3706225642220411,short-term,0.3706225642220411
