low,high,recent_strength,all_strength,avg_strength,zone_type,strength
66643,68510,1.0,0.6490164773537024,0.8245082386768512,persistent,0.8245082386768512
89044,90911,0.0,1.0,0.5,short-term,0.5
87177,89044,0.0,0.9571515570748893,0.47857577853744465,short-term,0.47857577853744465
90911,92777,0.0,0.851571398948781,0.4257856994743905,short-term,0.4257856994743905
85310,87177,0.0,0.5770056131693299,0.28850280658466493,short-term,0.28850280658466493
68510,70377,0.02125067153180693,0.5541514074924873,0.2877010395121471,short-term,0.2877010395121471
109578,111444,0.0,0.5060707821433292,0.2530353910716646,short-term,0.2530353910716646
