low,high,recent_strength,all_strength,avg_strength,zone_type,strength
72576,74513,1.0,0.10871194397520396,0.554355971987602,short-term,0.554355971987602
86131,88068,0.0,1.0,0.5,short-term,0.5
90004,91941,0.0,0.9352960009851109,0.46764800049255545,short-term,0.46764800049255545
88068,90004,0.0,0.859208394553225,0.4296041972766125,short-term,0.4296041972766125
91941,93877,0.0,0.6624889556483289,0.33124447782416444,short-term,0.33124447782416444
109369,111305,0.0,0.4815588368317618,0.2407794184158809,short-term,0.2407794184158809
93877,95814,0.0,0.40811243039234824,0.20405621519617412,short-term,0.20405621519617412
