low,high,recent_strength,all_strength,avg_strength,zone_type,strength
86454,87516,1.0,0.7320455612343278,0.8660227806171639,persistent,0.8660227806171639
109810,110871,0.0,1.0,0.5,short-term,0.5
110871,111933,0.0,0.9573803688214154,0.4786901844107077,short-term,0.4786901844107077
101317,102378,0.0,0.8820513610405736,0.4410256805202868,short-term,0.4410256805202868
112994,114056,0.0,0.8508367869204557,0.42541839346022786,short-term,0.42541839346022786
107686,108748,0.0,0.7897330349465003,0.39486651747325013,short-term,0.39486651747325013
111933,112994,0.0,0.721215002800664,0.360607501400332,short-term,0.360607501400332
106625,107686,0.0,0.7009669241626771,0.35048346208133857,short-term,0.35048346208133857
102378,103440,0.0,0.5603343383325188,0.2801671691662594,short-term,0.2801671691662594
