low,high,recent_strength,all_strength,avg_strength,zone_type,strength
90555,92642,1.0,1.0,1.0,persistent,1.0
109336,111423,0.0,0.9936479557078747,0.49682397785393734,short-term,0.49682397785393734
111423,113509,0.0,0.8986090794595716,0.4493045397297858,short-term,0.4493045397297858
107249,109336,0.0,0.7666553071672486,0.3833276535836243,short-term,0.3833276535836243
100989,103076,0.0,0.7301348059306171,0.36506740296530854,short-term,0.36506740296530854
