low,high,recent_strength,all_strength,avg_strength,zone_type,strength
90475,92542,0.8611694532392811,1.0,0.9305847266196405,short-term,0.9305847266196405
88408,90475,1.0,0.49853778914787666,0.7492688945739383,short-term,0.7492688945739383
109076,111143,0.0,0.7665162676878755,0.38325813384393775,short-term,0.38325813384393775
111143,113210,0.0,0.7421253563950785,0.37106267819753924,short-term,0.37106267819753924
107010,109076,0.0,0.6669962996401649,0.33349814982008247,short-term,0.33349814982008247
113210,115277,0.0,0.6421534259907078,0.3210767129953539,short-term,0.3210767129953539
