low,high,recent_strength,all_strength,avg_strength,zone_type,strength
68668,70587,1.0,0.22544131085684144,0.6127206554284207,short-term,0.6127206554284207
89779,91698,0.0,1.0,0.5,short-term,0.5
87860,89779,0.0,0.9069058599946702,0.4534529299973351,short-term,0.4534529299973351
85941,87860,0.0,0.8835609492816167,0.44178047464080833,short-term,0.44178047464080833
91698,93617,0.0,0.7012821501552539,0.35064107507762693,short-term,0.35064107507762693
110890,112810,0.0,0.45347281864657035,0.22673640932328518,short-term,0.22673640932328518
93617,95537,0.0,0.39836565738551616,0.19918282869275808,short-term,0.19918282869275808
108971,110890,0.0,0.39446909912048655,0.19723454956024328,short-term,0.19723454956024328
