low,high,recent_strength,all_strength,avg_strength,zone_type,strength
86197,88192,0.8929448793904947,1.0,0.9464724396952473,short-term,0.9464724396952473
88192,90186,1.0,0.6901803471927024,0.8450901735963512,persistent,0.8450901735963512
90186,92181,0.0,0.7542622855412829,0.37713114277064147,short-term,0.37713114277064147
110133,112127,0.0,0.6454427880457688,0.3227213940228844,short-term,0.3227213940228844
92181,94176,0.0,0.49295570043374354,0.24647785021687177,short-term,0.24647785021687177
