low,high,recent_strength,all_strength,avg_strength,zone_type,strength
86279,88315,1.0,0.7608008148936511,0.8804004074468256,persistent,0.8804004074468256
90351,92387,0.0,1.0,0.5,short-term,0.5
110709,112745,0.0,0.7233480433718764,0.3616740216859382,short-term,0.3616740216859382
88315,90351,0.07573558627812231,0.6188112925984711,0.3472734394382967,short-term,0.3472734394382967
106637,108673,0.0,0.6329586232728163,0.31647931163640813,short-term,0.31647931163640813
