low,high,recent_strength,all_strength,avg_strength,zone_type,strength
64831,66753,1.0,0.18489145408657323,0.5924457270432866,short-term,0.5924457270432866
89811,91732,0.0,1.0,0.5,short-term,0.5
85968,87889,0.0,0.9006824225101105,0.4503412112550553,short-term,0.4503412112550553
87889,89811,0.0,0.8757895941471011,0.43789479707355056,short-term,0.43789479707355056
91732,93654,0.0,0.6933095130224307,0.34665475651121536,short-term,0.34665475651121536
110947,112869,0.0,0.4401627071276602,0.2200813535638301,short-term,0.2200813535638301
109026,110947,0.0,0.4044530525105136,0.2022265262552568,short-term,0.2022265262552568
93654,95575,0.0,0.38946091137426675,0.19473045568713337,short-term,0.19473045568713337
