low,high,recent_strength,all_strength,avg_strength,zone_type,strength
90527,92606,0.854510300068386,1.0,0.927255150034193,short-term,0.927255150034193
88447,90527,1.0,0.4185484387526658,0.7092742193763328,short-term,0.7092742193763328
109244,111324,0.0,0.9191713658237652,0.4595856829118826,short-term,0.4595856829118826
107164,109244,0.0,0.7351816425973218,0.3675908212986609,short-term,0.3675908212986609
113403,115483,0.0,0.7335378881488422,0.3667689440744211,short-term,0.3667689440744211
111324,113403,0.0,0.6982708966479708,0.3491354483239854,short-term,0.3491354483239854
