low,high,recent_strength,all_strength,avg_strength,zone_type,strength
90113,92090,1.0,0.9461715386523856,0.9730857693261927,persistent,0.9730857693261927
86161,88137,0.0,1.0,0.5,short-term,0.5
88137,90113,0.06104922684555413,0.739689981987313,0.40036960441643354,short-term,0.40036960441643354
92090,94066,0.0,0.628631814060762,0.314315907030381,short-term,0.314315907030381
109877,111853,0.0,0.6158390120232232,0.3079195060116116,short-term,0.3079195060116116
