low,high,recent_strength,all_strength,avg_strength,zone_type,strength
110225,111364,1.0,1.0,1.0,persistent,1.0
107948,109086,0.16711404976238406,0.6227132398827401,0.3949136448225621,short-term,0.3949136448225621
112502,113641,0.0,0.7249907979246328,0.3624953989623164,short-term,0.3624953989623164
111364,112502,0.0,0.643975056743802,0.321987528371901,short-term,0.321987528371901
