low,high,recent_strength,all_strength,avg_strength,zone_type,strength
100311,101445,1.0,0.2625877137412384,0.6312938568706192,short-term,0.6312938568706192
107111,108244,0.5056841743109222,0.5969607467444565,0.5513224605276894,short-term,0.5513224605276894
110510,111644,0.0258531679308527,1.0,0.5129265839654263,short-term,0.5129265839654263
101445,102578,0.7143476063216792,0.18757890476053596,0.45096325554110755,short-term,0.45096325554110755
112777,113910,0.0,0.7602052896156472,0.3801026448078236,short-term,0.3801026448078236
109377,110510,0.0616513996978124,0.5970121620793654,0.3293317808885889,short-term,0.3293317808885889
111644,112777,0.0,0.6118412997006153,0.30592064985030765,short-term,0.30592064985030765
