low,high,recent_strength,all_strength,avg_strength,zone_type,strength
64831,66752,1.0,0.18489145408657529,0.5924457270432877,short-term,0.5924457270432877
89806,91727,0.0,1.0,0.5,short-term,0.5
85963,87885,0.0,0.8988440045828517,0.44942200229142587,short-term,0.44942200229142587
87885,89806,0.0,0.8776280120743943,0.43881400603719717,short-term,0.43881400603719717
91727,93648,0.0,0.6881145410350303,0.34405727051751517,short-term,0.34405727051751517
110938,112859,0.0,0.4354374620872358,0.2177187310436179,short-term,0.2177187310436179
109017,110938,0.0,0.4044530525105214,0.2022265262552607,short-term,0.2022265262552607
93648,95569,0.0,0.3919145012110443,0.19595725060552216,short-term,0.19595725060552216
