low,high,recent_strength,all_strength,avg_strength,zone_type,strength
100762,101886,1.0,0.48652626846294533,0.7432631342314726,short-term,0.7432631342314726
110879,112003,0.0,1.0,0.5,short-term,0.5
109755,110879,0.0,0.917124013173013,0.4585620065865065,short-term,0.4585620065865065
107507,108631,0.0,0.8330350060303011,0.41651750301515056,short-term,0.41651750301515056
113127,114251,0.0,0.8278419306730406,0.4139209653365203,short-term,0.4139209653365203
106383,107507,0.0,0.5764299865111232,0.2882149932555616,short-term,0.2882149932555616
