low,high,recent_strength,all_strength,avg_strength,zone_type,strength
105232,106351,1.0,0.3948407061545181,0.697420353077259,short-term,0.697420353077259
104114,105232,0.6348173951578336,0.4464046189207742,0.540611007039304,short-term,0.540611007039304
109708,110826,0.0,1.0,0.5,short-term,0.5
110826,111945,0.0,0.9997684135184705,0.49988420675923523,short-term,0.49988420675923523
107470,108589,0.0,0.9608519273898155,0.48042596369490775,short-term,0.48042596369490775
113064,114183,0.0,0.9185614996988323,0.45928074984941614,short-term,0.45928074984941614
111945,113064,0.0,0.7716093898925526,0.3858046949462763,short-term,0.3858046949462763
