low,high,recent_strength,all_strength,avg_strength,zone_type,strength
88428,90502,1.0,0.45490405723001176,0.7274520286150059,short-term,0.7274520286150059
90502,92575,0.22213256520521293,1.0,0.6110662826026064,short-term,0.6110662826026064
109163,111236,0.0,0.8681956304063646,0.4340978152031823,short-term,0.4340978152031823
111236,113310,0.0,0.7444224422839845,0.37221122114199223,short-term,0.37221122114199223
113310,115383,0.0,0.7062439997299919,0.35312199986499593,short-term,0.35312199986499593
107089,109163,0.0,0.694764395366088,0.347382197683044,short-term,0.347382197683044
