low,high,recent_strength,all_strength,avg_strength,zone_type,strength
76526,78472,1.0,0.12061485959212707,0.5603074297960635,short-term,0.5603074297960635
86255,88201,0.0,1.0,0.5,short-term,0.5
90147,92093,0.0,0.8798985629119291,0.43994928145596457,short-term,0.43994928145596457
88201,90147,0.0,0.869110585250925,0.4345552926254625,short-term,0.4345552926254625
92093,94039,0.0,0.6157089382074156,0.3078544691037078,short-term,0.3078544691037078
109606,111552,0.0,0.5022290890209342,0.2511145445104671,short-term,0.2511145445104671
111552,113498,0.0,0.407286602029858,0.203643301014929,short-term,0.203643301014929
