low,high,recent_strength,all_strength,avg_strength,zone_type,strength
110225,111364,1.0,1.0,1.0,persistent,1.0
107948,109086,0.16711404976238411,0.62271323988274,0.394913644822562,short-term,0.394913644822562
112503,113641,0.0,0.7249907979246326,0.3624953989623163,short-term,0.3624953989623163
111364,112503,0.0,0.6439750567438017,0.32198752837190087,short-term,0.32198752837190087
