low,high,recent_strength,all_strength,avg_strength,zone_type,strength
86274,88308,1.0,0.8017474856977717,0.9008737428488858,persistent,0.9008737428488858
90341,92374,0.0,1.0,0.5,short-term,0.5
88308,90341,0.25864392836889083,0.6546361741425694,0.4566400512557301,short-term,0.4566400512557301
110674,112707,0.0,0.7422305221354212,0.3711152610677106,short-term,0.3711152610677106
106607,108640,0.0,0.6233795518959738,0.3116897759479869,short-term,0.3116897759479869
