low,high,recent_strength,all_strength,avg_strength,zone_type,strength
91066,92156,1.0,0.36381465338784047,0.6819073266939202,short-term,0.6819073266939202
110694,111785,0.0,1.0,0.5,short-term,0.5
89975,91066,0.684068104943646,0.24887400049374944,0.4664710527186977,short-term,0.4664710527186977
112875,113966,0.0,0.8041180808659448,0.4020590404329724,short-term,0.4020590404329724
107423,108513,0.0,0.7708046186048781,0.3854023093024391,short-term,0.3854023093024391
109604,110694,0.0,0.7463736969028867,0.37318684845144334,short-term,0.37318684845144334
111785,112875,0.0,0.6679854044004464,0.3339927022002232,short-term,0.3339927022002232
101970,103061,0.0,0.6303117502779215,0.31515587513896076,short-term,0.31515587513896076
103061,104151,0.0,0.5898206228167233,0.29491031140836166,short-term,0.29491031140836166
