low,high,recent_strength,all_strength,avg_strength,zone_type,strength
90101,92075,1.0,1.0,1.0,persistent,1.0
92075,94048,0.7340354279866226,0.6650656905369668,0.6995505592617948,short-term,0.6995505592617948
86155,88128,0.0,0.9844734995418564,0.4922367497709282,short-term,0.4922367497709282
88128,90101,0.0,0.722268431641236,0.361134215820618,short-term,0.361134215820618
109835,111809,0.0,0.6004556351446819,0.30022781757234096,short-term,0.30022781757234096
