low,high,recent_strength,all_strength,avg_strength,zone_type,strength
86263,88291,1.0,0.9583424044034244,0.9791712022017123,persistent,0.9791712022017123
90319,92347,0.0,1.0,0.5,short-term,0.5
88291,90319,0.26346316200540615,0.6854509635918633,0.47445706279863475,short-term,0.47445706279863475
110597,112625,0.0,0.8116733938519856,0.4058366969259928,short-term,0.4058366969259928
92347,94375,0.0,0.6809081765594199,0.34045408827970997,short-term,0.34045408827970997
