low,high,recent_strength,all_strength,avg_strength,zone_type,strength
88361,90411,1.0,0.5425312370887833,0.7712656185443916,short-term,0.7712656185443916
90411,92462,0.474055276536765,1.0,0.7370276382683825,short-term,0.7370276382683825
110920,112971,0.0,0.6734529398349373,0.33672646991746863,short-term,0.33672646991746863
108870,110920,0.0,0.6020418840237605,0.30102094201188023,short-term,0.30102094201188023
100666,102717,0.0,0.5723370447536399,0.28616852237681994,short-term,0.28616852237681994
106819,108870,0.0,0.5687481973613739,0.28437409868068697,short-term,0.28437409868068697
