low,high,recent_strength,all_strength,avg_strength,zone_type,strength
90631,91683,1.0,0.7750645762599495,0.8875322881299748,persistent,0.8875322881299748
110635,111688,0.0,1.0,0.5,short-term,0.5
112740,113793,0.0,0.8604053035534757,0.43020265177673783,short-term,0.43020265177673783
101159,102212,0.0,0.7410636560809245,0.37053182804046225,short-term,0.37053182804046225
107476,108529,0.0,0.7307328303453419,0.36536641517267093,short-term,0.36536641517267093
109582,110635,0.0,0.6504527862195127,0.3252263931097564,short-term,0.3252263931097564
86419,87472,0.0,0.6169705717074002,0.3084852858537001,short-term,0.3084852858537001
106423,107476,0.0,0.5536658832904238,0.2768329416452119,short-term,0.2768329416452119
111688,112740,0.0,0.5486033829714413,0.27430169148572064,short-term,0.27430169148572064
