low,high,recent_strength,all_strength,avg_strength,zone_type,strength
92122,94105,1.0,0.5898561634575497,0.7949280817287748,persistent,0.7949280817287748
90139,92122,0.3334943310348964,0.7973722511807853,0.5654332911078408,short-term,0.5654332911078408
86174,88157,0.0,1.0,0.5,short-term,0.5
88157,90139,0.0,0.7520144059428122,0.3760072029714061,short-term,0.3760072029714061
109969,111952,0.0,0.6088858690979911,0.30444293454899557,short-term,0.30444293454899557
