low,high,recent_strength,all_strength,avg_strength,zone_type,strength
96013,97985,1.0,0.26222917307625737,0.6311145865381287,short-term,0.6311145865381287
90096,92068,0.0,1.0,0.5,short-term,0.5
86152,88124,0.0,0.9858171981610693,0.49290859908053464,short-term,0.49290859908053464
88124,90096,0.0,0.7232542490296653,0.36162712451483264,short-term,0.36162712451483264
92068,94041,0.0,0.6659734324421348,0.3329867162210674,short-term,0.3329867162210674
109817,111790,0.0,0.5953738929748301,0.29768694648741506,short-term,0.29768694648741506
