low,high,recent_strength,all_strength,avg_strength,zone_type,strength
68569,70456,1.0,0.5580027937288603,0.7790013968644302,persistent,0.7790013968644302
89320,91207,0.0,1.0,0.5,short-term,0.5
87434,89320,0.0,0.9024413830531415,0.45122069152657074,short-term,0.45122069152657074
91207,93093,0.0,0.8430577185943491,0.42152885929717454,short-term,0.42152885929717454
85547,87434,0.0,0.7130529662548886,0.3565264831274443,short-term,0.3565264831274443
110071,111958,0.0,0.5239514825053991,0.26197574125269957,short-term,0.26197574125269957
111958,113844,0.0,0.439945006784904,0.219972503392452,short-term,0.219972503392452
