low,high,recent_strength,all_strength,avg_strength,zone_type,strength
88352,90400,1.0,0.5901888631384179,0.795094431569209,persistent,0.795094431569209
90400,92449,0.07753932242801231,1.0,0.5387696612140062,short-term,0.5387696612140062
110882,112930,0.0,0.6862769863829145,0.34313849319145723,short-term,0.34313849319145723
108834,110882,0.0,0.6130246550298274,0.3065123275149137,short-term,0.3065123275149137
100641,102689,0.0,0.5782833648024248,0.2891416824012124,short-term,0.2891416824012124
