low,high,recent_strength,all_strength,avg_strength,zone_type,strength
101906,103017,0.7716393194620164,0.618514749000425,0.6950770342312207,short-term,0.6950770342312207
98575,99685,1.0,0.21708524379797217,0.6085426218989861,short-term,0.6085426218989861
100796,101906,0.47550011601427694,0.6320846739122943,0.5537923949632856,short-term,0.5537923949632856
110789,111899,0.0,1.0,0.5,short-term,0.5
113010,114120,0.0,0.812637889427501,0.4063189447137505,short-term,0.4063189447137505
107458,108568,0.0,0.8089402975475135,0.40447014877375675,short-term,0.40447014877375675
109679,110789,0.0,0.7602487867455479,0.3801243933727739,short-term,0.3801243933727739
111899,113010,0.0,0.6523507446443738,0.3261753723221869,short-term,0.3261753723221869
