low,high,recent_strength,all_strength,avg_strength,zone_type,strength
68594,70489,1.0,0.4848355873517259,0.7424177936758629,persistent,0.7424177936758629
89436,91331,0.0,1.0,0.5,short-term,0.5
87541,89436,0.0,0.924111386436508,0.462055693218254,short-term,0.462055693218254
91331,93225,0.0,0.8269310151549092,0.4134655075774546,short-term,0.4134655075774546
85646,87541,0.0,0.7545361741059554,0.3772680870529777,short-term,0.3772680870529777
110278,112173,0.0,0.5179599088779429,0.2589799544389714,short-term,0.2589799544389714
112173,114067,0.0,0.3947893435356917,0.19739467176784584,short-term,0.19739467176784584
