low,high,recent_strength,all_strength,avg_strength,zone_type,strength
96014,97986,1.0,0.2654865699337538,0.6327432849668769,short-term,0.6327432849668769
90097,92069,0.0,1.0,0.5,short-term,0.5
86152,88125,0.0,0.9858171981610679,0.49290859908053397,short-term,0.49290859908053397
88125,90097,0.0,0.7232542490296638,0.3616271245148319,short-term,0.3616271245148319
92069,94041,0.03064142640941946,0.6659734324421351,0.3483074294257773,short-term,0.3483074294257773
109819,111792,0.0,0.5979827245442828,0.2989913622721414,short-term,0.2989913622721414
