low,high,recent_strength,all_strength,avg_strength,zone_type,strength
90099,92072,0.7565609070231436,1.0,0.8782804535115718,short-term,0.8782804535115718
92072,94045,0.747623250021946,0.665973432442136,0.706798341232041,short-term,0.706798341232041
94045,96018,1.0,0.34232309617128115,0.6711615480856405,short-term,0.6711615480856405
86154,88127,0.0,0.9858171981610725,0.49290859908053625,short-term,0.49290859908053625
88127,90099,0.0,0.7232542490296682,0.3616271245148341,short-term,0.3616271245148341
109829,111802,0.0,0.6006411825260412,0.3003205912630206,short-term,0.3003205912630206
