low,high,recent_strength,all_strength,avg_strength,zone_type,strength
100311,101440,1.0,0.3349992287476288,0.6674996143738143,short-term,0.6674996143738143
110465,111593,0.0,1.0,0.5,short-term,0.5
112721,113849,0.0,0.8261098843203822,0.4130549421601911,short-term,0.4130549421601911
108209,109337,0.0,0.6166330125340151,0.3083165062670076,short-term,0.3083165062670076
109337,110465,0.0,0.5810284842700434,0.2905142421350217,short-term,0.2905142421350217
107080,108209,0.0,0.5779617196704586,0.2889808598352293,short-term,0.2889808598352293
