low,high,recent_strength,all_strength,avg_strength,zone_type,strength
68575,70463,1.0,0.5484747816775754,0.7742373908387876,persistent,0.7742373908387876
89346,91235,0.0,1.0,0.5,short-term,0.5
87458,89346,0.0,0.9131691718410484,0.4565845859205242,short-term,0.4565845859205242
91235,93123,0.0,0.8357358591432645,0.41786792957163227,short-term,0.41786792957163227
85570,87458,0.0,0.7204465825966104,0.3602232912983052,short-term,0.3602232912983052
110118,112006,0.0,0.5529080267921169,0.27645401339605846,short-term,0.27645401339605846
112006,113895,0.0,0.4024295401202935,0.20121477006014676,short-term,0.20121477006014676
