low,high,recent_strength,all_strength,avg_strength,zone_type,strength
90124,92103,1.0,0.9030489005613737,0.9515244502806868,persistent,0.9515244502806868
92103,94082,0.4976131843438687,0.6255684375431628,0.5615908109435157,short-term,0.5615908109435157
86166,88145,0.0,1.0,0.5,short-term,0.5
88145,90124,0.18645335274835712,0.7599968998901558,0.4732251263192565,short-term,0.4732251263192565
109915,111894,0.0,0.6082938035519748,0.3041469017759874,short-term,0.3041469017759874
