low,high,recent_strength,all_strength,avg_strength,zone_type,strength
105221,106337,1.0,0.40022186044877656,0.7001109302243883,short-term,0.7001109302243883
110803,111919,0.0,1.0,0.5,short-term,0.5
107453,108570,0.0,0.8353552355007099,0.41767761775035495,short-term,0.41767761775035495
113036,114152,0.0,0.8331553233781402,0.4165776616890701,short-term,0.4165776616890701
109686,110803,0.0,0.8177275186433739,0.40886375932168695,short-term,0.40886375932168695
111919,113036,0.0,0.6796706900262689,0.33983534501313445,short-term,0.33983534501313445
