low,high,recent_strength,all_strength,avg_strength,zone_type,strength
68591,70485,1.0,0.49324233146492874,0.7466211657324644,persistent,0.7466211657324644
89422,91316,0.0,1.0,0.5,short-term,0.5
87529,89422,0.0,0.9175919422425161,0.45879597112125803,short-term,0.45879597112125803
91316,93210,0.0,0.8264921346243183,0.4132460673121591,short-term,0.4132460673121591
85635,87529,0.0,0.7519235229835108,0.3759617614917554,short-term,0.3759617614917554
110253,112147,0.0,0.5087079407827307,0.25435397039136537,short-term,0.25435397039136537
112147,114041,0.0,0.4059728672686586,0.2029864336343293,short-term,0.2029864336343293
