low,high,recent_strength,all_strength,avg_strength,zone_type,strength
86229,88240,1.0,1.0,1.0,persistent,1.0
90251,92261,0.0,0.8744216676350886,0.4372108338175443,short-term,0.4372108338175443
88240,90251,0.04858649075266074,0.6743689422945962,0.3614777165236285,short-term,0.3614777165236285
110358,112368,0.0,0.7212635396537105,0.36063176982685524,short-term,0.36063176982685524
92261,94272,0.0,0.5858702522820882,0.2929351261410441,short-term,0.2929351261410441
