low,high,recent_strength,all_strength,avg_strength,zone_type,strength
86270,88301,1.0,0.8466124589552788,0.9233062294776394,persistent,0.9233062294776394
90332,92363,0.0,1.0,0.5,short-term,0.5
88301,90332,0.31227234121968783,0.6595288793479647,0.48590061028382625,short-term,0.48590061028382625
110643,112674,0.0,0.7646969700142264,0.3823484850071132,short-term,0.3823484850071132
106581,108612,0.0,0.629663487107662,0.314831743553831,short-term,0.314831743553831
