low,high,recent_strength,all_strength,avg_strength,zone_type,strength
90582,92675,0.8992639457700622,0.8430017223831725,0.8711328340766173,short-term,0.8711328340766173
84301,86395,1.0,0.4402237567006507,0.7201118783503253,short-term,0.7201118783503253
109423,111517,0.0,1.0,0.5,short-term,0.5
111517,113610,0.0,0.8339855291093794,0.4169927645546897,short-term,0.4169927645546897
107330,109423,0.0,0.7293386293595276,0.3646693146797638,short-term,0.3646693146797638
101049,103143,0.0,0.7084130941216642,0.3542065470608321,short-term,0.3542065470608321
