low,high,recent_strength,all_strength,avg_strength,zone_type,strength
90481,92550,0.7963211090044031,1.0,0.8981605545022016,short-term,0.8981605545022016
88413,90481,1.0,0.4832502178613965,0.7416251089306982,short-term,0.7416251089306982
109096,111165,0.0,0.7879903191257781,0.39399515956288905,short-term,0.39399515956288905
111165,113233,0.0,0.7170608956096572,0.3585304478048286,short-term,0.3585304478048286
107028,109096,0.0,0.6582078174367232,0.3291039087183616,short-term,0.3291039087183616
113233,115301,0.0,0.639671575180525,0.3198357875902625,short-term,0.3198357875902625
