low,high,recent_strength,all_strength,avg_strength,zone_type,strength
88106,90072,1.0,0.751985522897004,0.875992761448502,persistent,0.875992761448502
90072,92038,0.24119240237474043,1.0,0.6205962011873702,short-term,0.6205962011873702
86140,88106,0.17676429206567248,0.9616259437117545,0.5691951178887135,short-term,0.5691951178887135
92038,94004,0.16428241482392203,0.6838026947543638,0.42404255478914293,short-term,0.42404255478914293
109732,111698,0.0,0.557143282944814,0.278571641472407,short-term,0.278571641472407
