low,high,recent_strength,all_strength,avg_strength,zone_type,strength
90099,92072,0.5890305720106969,1.0,0.7945152860053484,short-term,0.7945152860053484
92072,94045,0.7476232500219461,0.6659734324421336,0.7067983412320398,short-term,0.7067983412320398
94045,96018,1.0,0.3423230961712776,0.6711615480856388,short-term,0.6711615480856388
86154,88126,0.0,0.9858171981610685,0.49290859908053425,short-term,0.49290859908053425
88126,90099,0.0,0.723254249029667,0.3616271245148335,short-term,0.3616271245148335
109828,111801,0.0,0.6006411825260437,0.30032059126302185,short-term,0.30032059126302185
