low,high,recent_strength,all_strength,avg_strength,zone_type,strength
90450,92511,0.8655694663885789,1.0,0.9327847331942895,short-term,0.9327847331942895
92511,94571,1.0,0.5037306861982288,0.7518653430991145,short-term,0.7518653430991145
111056,113117,0.0,0.6657512282610151,0.33287561413050754,short-term,0.33287561413050754
108996,111056,0.0,0.664311375484813,0.3321556877424065,short-term,0.3321556877424065
100753,102814,0.0,0.6036598596798781,0.30182992983993906,short-term,0.30182992983993906
106935,108996,0.0,0.595663910561585,0.2978319552807925,short-term,0.2978319552807925
