low,high,recent_strength,all_strength,avg_strength,zone_type,strength
96014,97986,1.0,0.2654865699337559,0.6327432849668779,short-term,0.6327432849668779
90097,92069,0.0,1.0,0.5,short-term,0.5
86152,88125,0.0,0.9858171981610697,0.49290859908053486,short-term,0.49290859908053486
92069,94042,0.11817567412288738,0.6659734324421321,0.39207455328250973,short-term,0.39207455328250973
88125,90097,0.0,0.7232542490296673,0.36162712451483364,short-term,0.36162712451483364
109820,111792,0.0,0.5979827245442847,0.29899136227214235,short-term,0.29899136227214235
