low,high,recent_strength,all_strength,avg_strength,zone_type,strength
90629,91682,1.0,0.7925616304547125,0.8962808152273563,persistent,0.8962808152273563
110629,111682,0.0,1.0,0.5,short-term,0.5
112734,113787,0.0,0.8677743451930016,0.4338871725965008,short-term,0.4338871725965008
101155,102208,0.0,0.7474105822523969,0.37370529112619844,short-term,0.37370529112619844
107471,108524,0.0,0.7369912769540986,0.3684956384770493,short-term,0.3684956384770493
109576,110629,0.0,0.6592400819153528,0.3296200409576764,short-term,0.3296200409576764
86418,87471,0.0,0.6222546881749513,0.31112734408747567,short-term,0.31112734408747567
111682,112734,0.0,0.5618665773812201,0.2809332886906101,short-term,0.2809332886906101
106419,107471,0.0,0.5584078193657793,0.27920390968288966,short-term,0.27920390968288966
