low,high,recent_strength,all_strength,avg_strength,zone_type,strength
93877,94975,1.0,0.31127510678694376,0.6556375533934719,short-term,0.6556375533934719
110359,111458,0.0,1.0,0.5,short-term,0.5
112557,113655,0.0,0.7408527869447338,0.3704263934723669,short-term,0.3704263934723669
108161,109260,0.0,0.6485325287691357,0.32426626438456785,short-term,0.32426626438456785
101568,102667,0.0,0.6393794963677804,0.3196897481838902,short-term,0.3196897481838902
111458,112557,0.0,0.6151376171802561,0.30756880859012803,short-term,0.30756880859012803
107062,108161,0.0,0.5513313989514808,0.2756656994757404,short-term,0.2756656994757404
100469,101568,0.0,0.5351140356777385,0.26755701783886926,short-term,0.26755701783886926
