low,high,recent_strength,all_strength,avg_strength,zone_type,strength
104109,105227,0.9304680632260817,0.5342599271901972,0.7323639952081394,short-term,0.7323639952081394
105227,106345,1.0,0.4298360146119045,0.7149180073059522,short-term,0.7149180073059522
110816,111934,0.0,1.0,0.5,short-term,0.5
109698,110816,0.0,0.9522290746136163,0.47611453730680814,short-term,0.47611453730680814
107463,108580,0.0,0.9491420447799352,0.4745710223899676,short-term,0.4745710223899676
113051,114169,0.0,0.8866459194601278,0.4433229597300639,short-term,0.4433229597300639
111934,113051,0.0,0.7381206629394631,0.36906033146973155,short-term,0.36906033146973155
