low,high,recent_strength,all_strength,avg_strength,zone_type,strength
88365,90417,1.0,0.5335418086145877,0.7667709043072939,short-term,0.7667709043072939
90417,92470,0.4880607521657369,1.0,0.7440303760828685,short-term,0.7440303760828685
110941,112994,0.0,0.6711549285563733,0.33557746427818663,short-term,0.33557746427818663
108889,110941,0.0,0.6108406267001746,0.3054203133500873,short-term,0.3054203133500873
100679,102732,0.0,0.572337044753643,0.2861685223768215,short-term,0.2861685223768215
106836,108889,0.0,0.5687481973613786,0.2843740986806893,short-term,0.2843740986806893
