low,high,recent_strength,all_strength,avg_strength,zone_type,strength
86206,88205,1.0,1.0,1.0,persistent,1.0
88205,90204,0.5470886080202316,0.6719244807705703,0.609506544395401,short-term,0.609506544395401
90204,92203,0.0,0.7683914223315514,0.3841957111657757,short-term,0.3841957111657757
110194,112193,0.0,0.6608264776829706,0.3304132388414853,short-term,0.3304132388414853
92203,94202,0.0,0.5335025362188835,0.2667512681094418,short-term,0.2667512681094418
