low,high,recent_strength,all_strength,avg_strength,zone_type,strength
86252,88274,1.0,0.9927380937634308,0.9963690468817155,persistent,0.9963690468817155
88274,90296,0.44741602347852544,0.7157953447739217,0.5816056841262236,short-term,0.5816056841262236
90296,92319,0.0,1.0,0.5,short-term,0.5
110518,112540,0.0,0.8232092147684673,0.41160460738423366,short-term,0.41160460738423366
92319,94341,0.0,0.6750506491039074,0.3375253245519537,short-term,0.3375253245519537
