low,high,recent_strength,all_strength,avg_strength,zone_type,strength
90667,91725,1.0,0.7031296971075848,0.8515648485537923,persistent,0.8515648485537923
110758,111816,0.0,1.0,0.5,short-term,0.5
86438,87495,0.16373825291960936,0.6570628898886693,0.4104005714041393,short-term,0.4104005714041393
101242,102299,0.0,0.8101686629710125,0.40508433148550627,short-term,0.40508433148550627
112873,113931,0.0,0.7988581119154584,0.3994290559577292,short-term,0.3994290559577292
107586,108643,0.0,0.7662160710984014,0.3831080355492007,short-term,0.3831080355492007
109701,110758,0.0,0.7486318946610343,0.37431594733051715,short-term,0.37431594733051715
111816,112873,0.0,0.6436339274937364,0.3218169637468682,short-term,0.3218169637468682
106529,107586,0.0,0.6109983371537833,0.30549916857689163,short-term,0.30549916857689163
