low,high,recent_strength,all_strength,avg_strength,zone_type,strength
86255,88278,1.0,0.9956662290444747,0.9978331145222373,persistent,0.9978331145222373
90302,92326,0.0,1.0,0.5,short-term,0.5
88278,90302,0.1345468116832953,0.6975026087568897,0.4160247102200925,short-term,0.4160247102200925
110537,112561,0.0,0.8105240013976591,0.40526200069882956,short-term,0.40526200069882956
92326,94349,0.0,0.6726597050482757,0.33632985252413783,short-term,0.33632985252413783
