low,high,recent_strength,all_strength,avg_strength,zone_type,strength
88348,90395,1.0,0.6067734189913802,0.8033867094956901,persistent,0.8033867094956901
90395,92442,0.04723141581988305,1.0,0.5236157079099415,short-term,0.5236157079099415
110863,112910,0.0,0.6893308944330919,0.34466544721654596,short-term,0.34466544721654596
108816,110863,0.0,0.6157525928247719,0.30787629641238595,short-term,0.30787629641238595
100629,102676,0.0,0.595211868310213,0.2976059341551065,short-term,0.2976059341551065
