low,high,recent_strength,all_strength,avg_strength,zone_type,strength
92112,94093,1.0,0.6261383409526929,0.8130691704763464,persistent,0.8130691704763464
90132,92112,0.6020315027004709,0.8498727291536831,0.725952115927077,short-term,0.725952115927077
86170,88151,0.0,1.0,0.5,short-term,0.5
88151,90132,0.0,0.7459563280454977,0.37297816402274886,short-term,0.37297816402274886
109941,111922,0.0,0.6080191628161928,0.3040095814080964,short-term,0.3040095814080964
