low,high,recent_strength,all_strength,avg_strength,zone_type,strength
90643,91697,1.0,0.7519405295555719,0.875970264777786,persistent,0.875970264777786
110677,111731,0.0,1.0,0.5,short-term,0.5
112786,113840,0.0,0.8280385694487626,0.4140192847243813,short-term,0.4140192847243813
101187,102242,0.0,0.7564666462756086,0.3782333231378043,short-term,0.3782333231378043
107514,108568,0.0,0.7385224232305139,0.36926121161525693,short-term,0.36926121161525693
109622,110677,0.0,0.7037776353477428,0.3518888176738714,short-term,0.3518888176738714
86425,87480,0.0,0.6382355955550231,0.31911779777751154,short-term,0.31911779777751154
111731,112786,0.0,0.6207096683333647,0.31035483416668236,short-term,0.31035483416668236
106459,107514,0.0,0.5877699203946962,0.2938849601973481,short-term,0.2938849601973481
