low,high,recent_strength,all_strength,avg_strength,zone_type,strength
86129,88090,1.0,1.0,1.0,persistent,1.0
88090,90050,0.6198879669908138,0.8223871325752812,0.7211375497830474,short-term,0.7211375497830474
90050,92011,0.0,0.9951502224005233,0.49757511120026165,short-term,0.49757511120026165
92011,93971,0.0,0.682840345966456,0.341420172983228,short-term,0.341420172983228
109656,111617,0.0,0.5351023426723738,0.2675511713361869,short-term,0.2675511713361869
