low,high,recent_strength,all_strength,avg_strength,zone_type,strength
86472,87538,1.0,0.6147509280574669,0.8073754640287334,persistent,0.8073754640287334
110989,112055,0.0,1.0,0.5,short-term,0.5
109923,110989,0.0,0.9996679379548156,0.4998339689774078,short-term,0.4998339689774078
113121,114186,0.0,0.8754150761147006,0.4377075380573503,short-term,0.4377075380573503
101395,102461,0.0,0.8015939112606763,0.4007969556303381,short-term,0.4007969556303381
107791,108857,0.0,0.7441562660185939,0.37207813300929693,short-term,0.37207813300929693
106725,107791,0.0,0.6689573658956228,0.3344786829478114,short-term,0.3344786829478114
103527,104593,0.0,0.5939737519288484,0.2969868759644242,short-term,0.2969868759644242
112055,113121,0.0,0.5895227025940196,0.2947613512970098,short-term,0.2947613512970098
