low,high,recent_strength,all_strength,avg_strength,zone_type,strength
88359,90410,1.0,0.5530639019119701,0.776531950955985,short-term,0.776531950955985
90410,92460,0.3217236170081102,1.0,0.6608618085040551,short-term,0.6608618085040551
110914,112964,0.0,0.6734529398349284,0.3367264699174642,short-term,0.3367264699174642
108863,110914,0.0,0.6020418840237608,0.3010209420118804,short-term,0.3010209420118804
100662,102712,0.0,0.5723370447536424,0.2861685223768212,short-term,0.2861685223768212
106813,108863,0.0,0.5687481973613707,0.28437409868068536,short-term,0.28437409868068536
