low,high,recent_strength,all_strength,avg_strength,zone_type,strength
90147,92132,1.0,0.7940915101000192,0.8970457550500096,persistent,0.8970457550500096
88162,90147,0.610642827546049,0.7676512131260196,0.6891470203360344,short-term,0.6891470203360344
86177,88162,0.0,1.0,0.5,short-term,0.5
92132,94116,0.28795297483092774,0.508981782461044,0.39846737864598586,short-term,0.39846737864598586
109995,111979,0.0,0.6251842746426686,0.3125921373213343,short-term,0.3125921373213343
