low,high,recent_strength,all_strength,avg_strength,zone_type,strength
95327,96430,1.0,0.30393896623187144,0.6519694831159357,short-term,0.6519694831159357
110768,111871,0.0,1.0,0.5,short-term,0.5
112974,114077,0.0,0.8152173089805375,0.40760865449026873,short-term,0.40760865449026873
107460,108563,0.0,0.8090186490791906,0.4045093245395953,short-term,0.4045093245395953
109665,110768,0.0,0.757327545956422,0.378663772978211,short-term,0.378663772978211
111871,112974,0.0,0.6435063222837951,0.32175316114189756,short-term,0.32175316114189756
101945,103048,0.0,0.6189860466812558,0.3094930233406279,short-term,0.3094930233406279
