low,high,recent_strength,all_strength,avg_strength,zone_type,strength
90617,91668,1.0,0.7626139297895695,0.8813069648947848,persistent,0.8813069648947848
86412,87463,0.9080213666689935,0.7503809511337642,0.8292011589013788,short-term,0.8292011589013788
110588,111639,0.0,1.0,0.5,short-term,0.5
112691,113742,0.0,0.8764880019102455,0.4382440009551227,short-term,0.4382440009551227
101128,102179,0.0,0.7549156200270823,0.3774578100135412,short-term,0.3774578100135412
107435,108486,0.0,0.7356482026978796,0.3678241013489398,short-term,0.3678241013489398
109537,110588,0.0,0.640202256794983,0.3201011283974915,short-term,0.3201011283974915
111639,112691,0.0,0.6069639288480025,0.30348196442400127,short-term,0.30348196442400127
106384,107435,0.0,0.5541131026754468,0.2770565513377234,short-term,0.2770565513377234
