low,high,recent_strength,all_strength,avg_strength,zone_type,strength
86452,87513,1.0,0.7439513139519113,0.8719756569759556,persistent,0.8719756569759556
90697,91758,0.5382083666241939,0.6044865272196538,0.5713474469219239,short-term,0.5713474469219239
109797,110858,0.0,1.0,0.5,short-term,0.5
110858,111919,0.0,0.9892145713349217,0.49460728566746087,short-term,0.49460728566746087
101308,102369,0.0,0.8931384120835871,0.44656920604179356,short-term,0.44656920604179356
112981,114042,0.0,0.8720524462013282,0.4360262231006641,short-term,0.4360262231006641
107675,108736,0.0,0.7990118735218117,0.39950593676090584,short-term,0.39950593676090584
111919,112981,0.0,0.7255666863994982,0.3627833431997491,short-term,0.3627833431997491
106614,107675,0.0,0.7123672239585129,0.35618361197925646,short-term,0.35618361197925646
