low,high,recent_strength,all_strength,avg_strength,zone_type,strength
86211,88212,1.0,1.0,1.0,persistent,1.0
90213,92215,0.0,0.795475753782692,0.397737876891346,short-term,0.397737876891346
88212,90213,0.06929589817934392,0.658732745498235,0.36401432183878946,short-term,0.36401432183878946
110228,112229,0.0,0.6669957665660247,0.33349788328301233,short-term,0.33349788328301233
92215,94216,0.0,0.5557787785580732,0.2778893892790366,short-term,0.2778893892790366
