low,high,recent_strength,all_strength,avg_strength,zone_type,strength
103704,104835,1.0,0.3422613442794979,0.671130672139749,short-term,0.671130672139749
100311,101442,0.9540184101972319,0.2704893689885059,0.6122538895928689,short-term,0.6122538895928689
110490,111621,0.0,1.0,0.5,short-term,0.5
112752,113883,0.0,0.8293281617745055,0.41466408088725276,short-term,0.41466408088725276
107097,108228,0.09603226630996413,0.59255312924277,0.34429269777636706,short-term,0.34429269777636706
108228,109359,0.0,0.5845343012622092,0.2922671506311046,short-term,0.2922671506311046
109359,110490,0.0,0.5773168922756048,0.2886584461378024,short-term,0.2886584461378024
