low,high,recent_strength,all_strength,avg_strength,zone_type,strength
91063,92153,1.0,0.3945954012052442,0.6972977006026221,short-term,0.6972977006026221
110673,111762,0.0,1.0,0.5,short-term,0.5
112852,113941,0.0,0.8142810664507589,0.40714053322537946,short-term,0.40714053322537946
107405,108494,0.0,0.7417608810875268,0.3708804405437634,short-term,0.3708804405437634
109584,110673,0.0,0.7079861311574507,0.35399306557872534,short-term,0.35399306557872534
111762,112852,0.0,0.6343434230050682,0.3171717115025341,short-term,0.3171717115025341
101958,103047,0.0,0.6104819170007798,0.3052409585003899,short-term,0.3052409585003899
106315,107405,0.0,0.5756316194840628,0.2878158097420314,short-term,0.2878158097420314
