low,high,recent_strength,all_strength,avg_strength,zone_type,strength
66642,68508,1.0,0.6594052192510896,0.8297026096255449,persistent,0.8297026096255449
89035,90901,0.0,1.0,0.5,short-term,0.5
87169,89035,0.0,0.9730904355240321,0.48654521776201604,short-term,0.48654521776201604
90901,92767,0.0,0.8624351043942218,0.4312175521971109,short-term,0.4312175521971109
68508,70374,0.020805890886958597,0.5598774596029554,0.290341675244957,short-term,0.290341675244957
85303,87169,0.0,0.576919196310456,0.288459598155228,short-term,0.288459598155228
109562,111428,0.0,0.4994869877239576,0.2497434938619788,short-term,0.2497434938619788
