low,high,recent_strength,all_strength,avg_strength,zone_type,strength
106605,107741,1.0,0.5841702986402495,0.7920851493201247,persistent,0.7920851493201247
110013,111149,0.5578765169037168,1.0,0.7789382584518584,short-term,0.7789382584518584
107741,108877,0.31716482748164226,0.6958209087268606,0.5064928681042514,short-term,0.5064928681042514
103197,104333,0.6957148126257682,0.1305693567752679,0.41314208470051805,short-term,0.41314208470051805
111149,112285,0.03510642842174654,0.7137070709455864,0.37440674968366644,short-term,0.37440674968366644
113421,114557,0.0,0.7414061280596801,0.37070306402984005,short-term,0.37070306402984005
