low,high,recent_strength,all_strength,avg_strength,zone_type,strength
86129,88089,1.0,1.0,1.0,persistent,1.0
88089,90049,0.4718542710413176,0.8165226785314538,0.6441884747863857,short-term,0.6441884747863857
90049,92010,0.0,0.9886158065988829,0.49430790329944146,short-term,0.49430790329944146
92010,93970,0.0,0.6783566382344562,0.3391783191172281,short-term,0.3391783191172281
109653,111613,0.0,0.5342390813040866,0.2671195406520433,short-term,0.2671195406520433
