low,high,recent_strength,all_strength,avg_strength,zone_type,strength
105218,106333,1.0,0.3935603812209413,0.6967801906104707,short-term,0.6967801906104707
110797,111913,0.0,1.0,0.5,short-term,0.5
107449,108565,0.0,0.8353552355007156,0.4176776177503578,short-term,0.4176776177503578
113029,114145,0.0,0.8331553233781414,0.4165776616890707,short-term,0.4165776616890707
109681,110797,0.0,0.8177275186433757,0.40886375932168784,short-term,0.40886375932168784
111913,113029,0.0,0.6796706900262667,0.33983534501313334,short-term,0.33983534501313334
