low,high,recent_strength,all_strength,avg_strength,zone_type,strength
96010,97981,1.0,0.2630111995578736,0.6315055997789368,short-term,0.6315055997789368
90095,92066,0.0,1.0,0.5,short-term,0.5
86151,88123,0.0,0.9858171981610709,0.49290859908053547,short-term,0.49290859908053547
88123,90095,0.0,0.7232542490296675,0.36162712451483375,short-term,0.36162712451483375
92066,94038,0.0,0.6659734324421357,0.33298671622106785,short-term,0.33298671622106785
109811,111783,0.0,0.5953738929748258,0.2976869464874129,short-term,0.2976869464874129
