low,high,recent_strength,all_strength,avg_strength,zone_type,strength
86211,88213,1.0,1.0,1.0,persistent,1.0
90215,92216,0.0,0.8008046136744941,0.40040230683724704,short-term,0.40040230683724704
88213,90215,0.12062861726902821,0.6617867140535817,0.39120766566130494,short-term,0.39120766566130494
110231,112233,0.0,0.6677260113377843,0.33386300566889215,short-term,0.33386300566889215
92216,94218,0.0,0.5495965378425473,0.2747982689212736,short-term,0.2747982689212736
