low,high,recent_strength,all_strength,avg_strength,zone_type,strength
86123,88080,1.0,1.0,1.0,persistent,1.0
88080,90037,0.5129187457408098,0.8323638467302248,0.6726412962355173,short-term,0.6726412962355173
90037,91995,0.0,0.9635031101276155,0.48175155506380773,short-term,0.48175155506380773
91995,93952,0.0,0.6361214628274675,0.31806073141373375,short-term,0.31806073141373375
109611,111569,0.0,0.5235367640359704,0.2617683820179852,short-term,0.2617683820179852
