low,high,recent_strength,all_strength,avg_strength,zone_type,strength
90071,92037,0.77988594902536,1.0,0.88994297451268,short-term,0.88994297451268
88105,90071,1.0,0.7187826708951783,0.8593913354475892,persistent,0.8593913354475892
86140,88105,0.17652702917758328,0.9190256465359918,0.5477763378567876,short-term,0.5477763378567876
92037,94003,0.15343617482799615,0.6595610957776228,0.4064986353028095,short-term,0.4064986353028095
109730,111696,0.0,0.5324616803132137,0.26623084015660686,short-term,0.26623084015660686
