low,high,recent_strength,all_strength,avg_strength,zone_type,strength
88350,90398,1.0,0.595967896560916,0.797983948280458,persistent,0.797983948280458
90398,92446,0.046322384496703624,1.0,0.5231611922483518,short-term,0.5231611922483518
110873,112921,0.0,0.6862769863829116,0.3431384931914558,short-term,0.3431384931914558
108826,110873,0.0,0.6130246550298342,0.3065123275149171,short-term,0.3065123275149171
100636,102683,0.0,0.5782833648024278,0.2891416824012139,short-term,0.2891416824012139
