low,high,recent_strength,all_strength,avg_strength,zone_type,strength
90101,92075,1.0,1.0,1.0,persistent,1.0
92075,94048,0.7436132242800714,0.6650656905369637,0.7043394574085176,short-term,0.7043394574085176
86155,88128,0.0,0.9844734995418539,0.49223674977092696,short-term,0.49223674977092696
88128,90101,0.0,0.7222684316412354,0.3611342158206177,short-term,0.3611342158206177
109835,111808,0.0,0.6004556351446747,0.30022781757233735,short-term,0.30022781757233735
