low,high,recent_strength,all_strength,avg_strength,zone_type,strength
90102,92076,1.0,1.0,1.0,persistent,1.0
92076,94050,0.5475107784611621,0.6524158342516971,0.5999633063564296,short-term,0.5999633063564296
86155,88129,0.0,0.9844734995418559,0.49223674977092796,short-term,0.49223674977092796
88129,90102,0.0,0.7222684316412354,0.3611342158206177,short-term,0.3611342158206177
109839,111812,0.0,0.6004556351446771,0.3002278175723386,short-term,0.3002278175723386
