low,high,recent_strength,all_strength,avg_strength,zone_type,strength
90645,91699,1.0,0.7458561883927044,0.8729280941963522,persistent,0.8729280941963522
110683,111737,0.0,1.0,0.5,short-term,0.5
112792,113847,0.0,0.8280385694487568,0.4140192847243784,short-term,0.4140192847243784
101191,102246,0.0,0.756466646275606,0.378233323137803,short-term,0.378233323137803
107519,108573,0.0,0.7385224232305106,0.3692612116152553,short-term,0.3692612116152553
109628,110683,0.0,0.7037776353477431,0.35188881767387153,short-term,0.35188881767387153
86426,87481,0.0,0.6382355955550191,0.31911779777750954,short-term,0.31911779777750954
111737,112792,0.0,0.6207096683333674,0.3103548341666837,short-term,0.3103548341666837
106464,107519,0.0,0.5779294631787073,0.28896473158935365,short-term,0.28896473158935365
