low,high,recent_strength,all_strength,avg_strength,zone_type,strength
86225,88234,1.0,1.0,1.0,persistent,1.0
88234,90243,0.5690251321254053,0.7048741609641203,0.6369496465447628,short-term,0.6369496465447628
90243,92252,0.0,0.8644764177442557,0.4322382088721278,short-term,0.4322382088721278
110331,112340,0.0,0.7134258393082754,0.3567129196541377,short-term,0.3567129196541377
92252,94261,0.0,0.5684052195177011,0.28420260975885053,short-term,0.28420260975885053
