low,high,recent_strength,all_strength,avg_strength,zone_type,strength
88108,90075,1.0,0.7446546445815027,0.8723273222907513,persistent,0.8723273222907513
90075,92041,0.29571426770441955,1.0,0.6478571338522098,short-term,0.6478571338522098
86141,88108,0.21672209683983307,0.96633582103301,0.5915289589364215,short-term,0.5915289589364215
92041,94008,0.4538129993763523,0.6871518419204703,0.5704824206484113,short-term,0.5704824206484113
109741,111708,0.0,0.561170975779023,0.2805854878895115,short-term,0.2805854878895115
