low,high,recent_strength,all_strength,avg_strength,zone_type,strength
106740,107875,1.0,0.5952771796324133,0.7976385898162066,persistent,0.7976385898162066
110147,111282,0.45219437538039564,1.0,0.7260971876901978,short-term,0.7260971876901978
105604,106740,0.80549270636667,0.3536263742248179,0.579559540295744,short-term,0.579559540295744
107875,109011,0.278325534421684,0.6714042974614883,0.4748649159415862,short-term,0.4748649159415862
112418,113554,0.0,0.7627200202319929,0.38136001011599646,short-term,0.38136001011599646
111282,112418,0.0,0.7431725677879633,0.37158628389398163,short-term,0.37158628389398163
