low,high,recent_strength,all_strength,avg_strength,zone_type,strength
90464,92528,0.9962954201754702,1.0,0.9981477100877352,short-term,0.9981477100877352
92528,94592,1.0,0.5223448203934197,0.7611724101967099,short-term,0.7611724101967099
109040,111104,0.0,0.7491927501163923,0.37459637505819615,short-term,0.37459637505819615
111104,113168,0.0,0.6867736277891979,0.34338681389459896,short-term,0.34338681389459896
113168,115232,0.0,0.6437826885386891,0.32189134426934457,short-term,0.32189134426934457
106976,109040,0.0,0.6302019663318345,0.3151009831659172,short-term,0.3151009831659172
