low,high,recent_strength,all_strength,avg_strength,zone_type,strength
96009,97980,1.0,0.2630111995578754,0.6315055997789377,short-term,0.6315055997789377
90094,92066,0.0,1.0,0.5,short-term,0.5
86151,88123,0.0,0.9858171981610723,0.49290859908053614,short-term,0.49290859908053614
88123,90094,0.0,0.7232542490296654,0.3616271245148327,short-term,0.3616271245148327
92066,94037,0.0,0.6659734324421331,0.33298671622106657,short-term,0.33298671622106657
109810,111781,0.0,0.5953738929748187,0.29768694648740934,short-term,0.29768694648740934
