low,high,recent_strength,all_strength,avg_strength,zone_type,strength
90100,92073,1.0,1.0,1.0,persistent,1.0
92073,94046,0.9032549277838362,0.665973432442135,0.7846141801129856,short-term,0.7846141801129856
86154,88127,0.0,0.9858171981610698,0.4929085990805349,short-term,0.4929085990805349
88127,90100,0.0,0.7232542490296676,0.3616271245148338,short-term,0.3616271245148338
109830,111803,0.0,0.6012751913929815,0.30063759569649073,short-term,0.30063759569649073
