low,high,recent_strength,all_strength,avg_strength,zone_type,strength
96010,97982,1.0,0.26301119955787455,0.6315055997789373,short-term,0.6315055997789373
90095,92066,0.0,1.0,0.5,short-term,0.5
86151,88123,0.0,0.9858171981610704,0.4929085990805352,short-term,0.4929085990805352
88123,90095,0.0,0.7232542490296684,0.3616271245148342,short-term,0.3616271245148342
92066,94038,0.0,0.6659734324421329,0.33298671622106646,short-term,0.33298671622106646
109812,111784,0.0,0.5953738929748239,0.29768694648741195,short-term,0.29768694648741195
