low,high,recent_strength,all_strength,avg_strength,zone_type,strength
100758,101879,1.0,0.6636000327953702,0.8318000163976851,short-term,0.8318000163976851
101879,102999,0.9850584593566399,0.5102364278296685,0.7476474435931542,short-term,0.7476474435931542
110840,111961,0.0,1.0,0.5,short-term,0.5
109720,110840,0.0,0.9892675738682759,0.49463378693413795,short-term,0.49463378693413795
107480,108600,0.0,0.957418684613802,0.478709342306901,short-term,0.478709342306901
113081,114201,0.0,0.9162154471363971,0.45810772356819857,short-term,0.45810772356819857
111961,113081,0.0,0.7716388035942021,0.38581940179710106,short-term,0.38581940179710106
