low,high,recent_strength,all_strength,avg_strength,zone_type,strength
68570,70457,1.0,0.5592993053142457,0.7796496526571228,persistent,0.7796496526571228
89325,91212,0.0,1.0,0.5,short-term,0.5
87438,89325,0.0,0.9082158572964044,0.4541079286482022,short-term,0.4541079286482022
91212,93099,0.0,0.8436623726152246,0.4218311863076123,short-term,0.4218311863076123
85552,87438,0.0,0.7147097347193695,0.35735486735968475,short-term,0.35735486735968475
110080,111967,0.0,0.5242011051772005,0.26210055258860027,short-term,0.26210055258860027
111967,113854,0.0,0.4409672127749883,0.22048360638749415,short-term,0.22048360638749415
