low,high,recent_strength,all_strength,avg_strength,zone_type,strength
90149,92134,1.0,0.7892717652375713,0.8946358826187857,persistent,0.8946358826187857
88164,90149,0.979548413399658,0.7665354267012474,0.8730419200504527,short-term,0.8730419200504527
86178,88164,0.0,1.0,0.5,short-term,0.5
110002,111988,0.0,0.6325090676994195,0.31625453384970975,short-term,0.31625453384970975
92134,94120,0.0,0.48636132336584376,0.24318066168292188,short-term,0.24318066168292188
