low,high,recent_strength,all_strength,avg_strength,zone_type,strength
88166,90151,1.0,0.7646549747500164,0.8823274873750082,persistent,0.8823274873750082
90151,92137,0.7100574925789644,0.777207173511408,0.7436323330451862,short-term,0.7436323330451862
86180,88166,0.0,1.0,0.5,short-term,0.5
110011,111996,0.0,0.6432698318615255,0.32163491593076277,short-term,0.32163491593076277
92137,94123,0.0,0.4858435986229928,0.2429217993114964,short-term,0.2429217993114964
