low,high,recent_strength,all_strength,avg_strength,zone_type,strength
110220,111357,0.6406664544246615,1.0,0.8203332272123307,short-term,0.8203332272123307
106807,107944,1.0,0.5609389206232496,0.7804694603116248,short-term,0.7804694603116248
107944,109082,0.11986878494649357,0.622713239882737,0.37129101241461526,short-term,0.37129101241461526
112495,113633,0.0,0.73437449237017,0.367187246185085,short-term,0.367187246185085
111357,112495,0.0,0.6345913622982582,0.3172956811491291,short-term,0.3172956811491291
