low,high,recent_strength,all_strength,avg_strength,zone_type,strength
104101,105217,1.0,0.5679893965540744,0.7839946982770372,short-term,0.7839946982770372
110796,111911,0.0,1.0,0.5,short-term,0.5
113027,114143,0.0,0.8391735676385225,0.41958678381926123,short-term,0.41958678381926123
107448,108564,0.0,0.8353552355007113,0.41767761775035567,short-term,0.41767761775035567
109680,110796,0.0,0.8177275186433728,0.4088637593216864,short-term,0.4088637593216864
111911,113027,0.0,0.6736524457658796,0.3368262228829398,short-term,0.3368262228829398
