low,high,recent_strength,all_strength,avg_strength,zone_type,strength
88109,90076,1.0,0.7298311875278383,0.8649155937639191,persistent,0.8649155937639191
92043,94011,0.8599662749346704,0.687981321646462,0.7739737982905661,short-term,0.7739737982905661
90076,92043,0.3585821830205653,1.0,0.6792910915102827,short-term,0.6792910915102827
86142,88109,0.27895414929786455,0.9675023113531205,0.6232282303254926,short-term,0.6232282303254926
109747,111715,0.0,0.5618483805661845,0.28092419028309223,short-term,0.28092419028309223
