low,high,recent_strength,all_strength,avg_strength,zone_type,strength
106426,107563,1.0,0.6661769357577246,0.8330884678788624,short-term,0.8330884678788624
109837,110974,0.6107598726532778,1.0,0.805379936326639,persistent,0.805379936326639
107563,108700,0.3814250293263354,0.8144284191767432,0.5979267242515394,short-term,0.5979267242515394
110974,112111,0.03183471216523221,0.9650476561478475,0.4984411841565399,short-term,0.4984411841565399
113248,114385,0.0,0.8284484155976035,0.41422420779880176,short-term,0.41422420779880176
