low,high,recent_strength,all_strength,avg_strength,zone_type,strength
90108,92083,1.0,0.9774191517059279,0.9887095758529639,persistent,0.9887095758529639
86158,88133,0.0,1.0,0.5,short-term,0.5
92083,94058,0.1348970809806719,0.6372566800392945,0.3860768805099832,short-term,0.3860768805099832
88133,90108,0.0,0.7368380753889135,0.3684190376944568,short-term,0.3684190376944568
109859,111834,0.0,0.6073063645165787,0.30365318225828936,short-term,0.30365318225828936
