low,high,recent_strength,all_strength,avg_strength,zone_type,strength
86272,88304,1.0,0.8098145972292284,0.9049072986146143,persistent,0.9049072986146143
90337,92369,0.0,1.0,0.5,short-term,0.5
88304,90337,0.30414347921949186,0.6612230648077008,0.4826832720135963,short-term,0.4826832720135963
110658,112691,0.0,0.7621540689557169,0.38107703447785846,short-term,0.38107703447785846
106594,108626,0.0,0.6347690151549942,0.3173845075774971,short-term,0.3173845075774971
