low,high,recent_strength,all_strength,avg_strength,zone_type,strength
69670,71603,1.0,0.11172300617282388,0.5558615030864119,short-term,0.5558615030864119
88996,90928,0.0,1.0,0.5,short-term,0.5
71603,73535,0.8838814338379299,0.09874989088871948,0.4913156623633247,short-term,0.4913156623633247
87063,88996,0.0,0.967776490010487,0.4838882450052435,short-term,0.4838882450052435
90928,92861,0.0,0.8405540189285986,0.4202770094642993,short-term,0.4202770094642993
85131,87063,0.0,0.5235782056023655,0.2617891028011827,short-term,0.2617891028011827
110253,112186,0.0,0.5058936463645978,0.2529468231822989,short-term,0.2529468231822989
92861,94793,0.0,0.44240552527112187,0.22120276263556093,short-term,0.22120276263556093
112186,114119,0.0,0.4013111051605012,0.2006555525802506,short-term,0.2006555525802506
