low,high,recent_strength,all_strength,avg_strength,zone_type,strength
90517,92595,0.6711973823760007,1.0,0.8355986911880003,short-term,0.8355986911880003
88440,90517,1.0,0.449766914995363,0.7248834574976815,short-term,0.7248834574976815
109214,111291,0.0,0.9033072912793578,0.4516536456396789,short-term,0.4516536456396789
111291,113369,0.0,0.7443532874250509,0.37217664371252546,short-term,0.37217664371252546
113369,115446,0.0,0.7297745794906255,0.36488728974531276,short-term,0.36488728974531276
107136,109214,0.0,0.7156432020432203,0.35782160102161015,short-term,0.35782160102161015
