low,high,recent_strength,all_strength,avg_strength,zone_type,strength
66645,68512,1.0,0.642221051544269,0.8211105257721345,persistent,0.8211105257721345
89053,90920,0.0,1.0,0.5,short-term,0.5
87185,89053,0.0,0.9565797008893897,0.47828985044469485,short-term,0.47828985044469485
90920,92787,0.0,0.8455674110697846,0.4227837055348923,short-term,0.4227837055348923
85318,87185,0.0,0.5781380560131396,0.2890690280065698,short-term,0.2890690280065698
68512,70379,0.02216768167527836,0.5528660426085019,0.28751686214189015,short-term,0.28751686214189015
109593,111461,0.0,0.5044818231291899,0.25224091156459494,short-term,0.25224091156459494
