low,high,recent_strength,all_strength,avg_strength,zone_type,strength
86219,88225,1.0,1.0,1.0,persistent,1.0
88225,90230,0.6363672789423853,0.6700552763183315,0.6532112776303585,short-term,0.6532112776303585
90230,92236,0.0,0.8053063712807051,0.4026531856403526,short-term,0.4026531856403526
110286,112291,0.0,0.6521126574400568,0.3260563287200284,short-term,0.3260563287200284
92236,94241,0.0,0.5702941995160732,0.2851470997580366,short-term,0.2851470997580366
