low,high,recent_strength,all_strength,avg_strength,zone_type,strength
91065,92155,1.0,0.36628734719715217,0.6831436735985761,short-term,0.6831436735985761
110688,111778,0.0,1.0,0.5,short-term,0.5
112868,113959,0.0,0.8228821754554865,0.41144108772774324,short-term,0.41144108772774324
107418,108508,0.0,0.7760434504959594,0.3880217252479797,short-term,0.3880217252479797
109598,110688,0.0,0.7514464821867686,0.3757232410933843,short-term,0.3757232410933843
111778,112868,0.0,0.6608963153720319,0.33044815768601593,short-term,0.33044815768601593
101967,103057,0.0,0.6281896615590784,0.3140948307795392,short-term,0.3140948307795392
106327,107418,0.0,0.5923284902572037,0.29616424512860184,short-term,0.29616424512860184
