low,high,recent_strength,all_strength,avg_strength,zone_type,strength
90446,92506,0.7872261506635491,1.0,0.8936130753317746,short-term,0.8936130753317746
92506,94565,1.0,0.508615296890262,0.754307648445131,short-term,0.754307648445131
111042,113102,0.0,0.6752517182947982,0.3376258591473991,short-term,0.3376258591473991
108983,111042,0.0,0.6591313652250793,0.32956568261253966,short-term,0.32956568261253966
106923,108983,0.0,0.5996294413918086,0.2998147206959043,short-term,0.2998147206959043
100744,102804,0.0,0.5985213363180365,0.29926066815901825,short-term,0.29926066815901825
