low,high,recent_strength,all_strength,avg_strength,zone_type,strength
90079,92047,0.9151352664393694,1.0,0.9575676332196847,short-term,0.9575676332196847
92047,94015,1.0,0.6717729267449309,0.8358864633724654,persistent,0.8358864633724654
88111,90079,0.7445738120416111,0.6916643774067366,0.7181190947241738,short-term,0.7181190947241738
86144,88111,0.0,0.9252809819150785,0.46264049095753923,short-term,0.46264049095753923
109758,111725,0.0,0.551958692073315,0.2759793460366575,short-term,0.2759793460366575
