low,high,recent_strength,all_strength,avg_strength,zone_type,strength
90117,92095,1.0,0.9334986531895759,0.966749326594788,persistent,0.966749326594788
86163,88140,0.0,1.0,0.5,short-term,0.5
88140,90117,0.04589202985317049,0.7361666411639697,0.3910293355085701,short-term,0.3910293355085701
92095,94072,0.0,0.6255684375431663,0.31278421877158313,short-term,0.31278421877158313
109891,111869,0.0,0.6145917721390297,0.30729588606951486,short-term,0.30729588606951486
