low,high,recent_strength,all_strength,avg_strength,zone_type,strength
90513,92589,0.5320063096728855,1.0,0.7660031548364428,short-term,0.7660031548364428
88437,90513,1.0,0.46645368569135515,0.7332268428456776,short-term,0.7332268428456776
109199,111275,0.0,0.9090236876556423,0.45451184382782117,short-term,0.45451184382782117
111275,113351,0.0,0.7607624763388467,0.3803812381694234,short-term,0.3803812381694234
113351,115428,0.0,0.7395743464509708,0.3697871732254854,short-term,0.3697871732254854
107123,109199,0.0,0.7267513699632296,0.3633756849816148,short-term,0.3633756849816148
