low,high,recent_strength,all_strength,avg_strength,zone_type,strength
86203,88201,1.0,1.0,1.0,persistent,1.0
88201,90199,0.5128716154831198,0.6638098156790289,0.5883407155810743,short-term,0.5883407155810743
90199,92197,0.0,0.7599743467928212,0.3799871733964106,short-term,0.3799871733964106
110176,112174,0.0,0.6544076863926861,0.32720384319634305,short-term,0.32720384319634305
92197,94194,0.0,0.5267865426306345,0.26339327131531726,short-term,0.26339327131531726
