low,high,recent_strength,all_strength,avg_strength,zone_type,strength
68579,70469,1.0,0.5427161600836665,0.7713580800418333,persistent,0.7713580800418333
89365,91255,0.0,1.0,0.5,short-term,0.5
87475,89365,0.0,0.9110358819223924,0.4555179409611962,short-term,0.4555179409611962
91255,93144,0.0,0.8312916559026321,0.41564582795131605,short-term,0.41564582795131605
85586,87475,0.0,0.7235276295277726,0.3617638147638863,short-term,0.3617638147638863
110151,112041,0.0,0.5406789356305443,0.2703394678152721,short-term,0.2703394678152721
112041,113931,0.0,0.40341564249900064,0.20170782124950032,short-term,0.20170782124950032
