low,high,recent_strength,all_strength,avg_strength,zone_type,strength
88342,90386,1.0,0.6137332045500086,0.8068666022750043,persistent,0.8068666022750043
86297,88342,0.47964293372727074,0.6027532151080679,0.5411980744176693,short-term,0.5411980744176693
90386,92431,0.0,1.0,0.5,short-term,0.5
110832,112877,0.0,0.6981394849214643,0.34906974246073214,short-term,0.34906974246073214
108787,110832,0.0,0.6177862395223822,0.3088931197611911,short-term,0.3088931197611911
