low,high,recent_strength,all_strength,avg_strength,zone_type,strength
90552,92638,1.0,1.0,1.0,persistent,1.0
109327,111413,0.0,0.96494432535741,0.482472162678705,short-term,0.482472162678705
111413,113499,0.0,0.864773111022794,0.432386555511397,short-term,0.432386555511397
107241,109327,0.0,0.7445088412919374,0.3722544206459687,short-term,0.3722544206459687
100983,103069,0.0,0.7090433122531405,0.3545216561265703,short-term,0.3545216561265703
