low,high,recent_strength,all_strength,avg_strength,zone_type,strength
86216,88220,1.0,1.0,1.0,persistent,1.0
88220,90224,0.6433386439992174,0.6782190972651024,0.6607788706321599,short-term,0.6607788706321599
90224,92228,0.0,0.8051523644829137,0.40257618224145686,short-term,0.40257618224145686
110264,112268,0.0,0.651840477715371,0.3259202388576855,short-term,0.3259202388576855
92228,94232,0.0,0.5696145835492558,0.2848072917746279,short-term,0.2848072917746279
