low,high,recent_strength,all_strength,avg_strength,zone_type,strength
100311,101444,1.0,0.27474440961402696,0.6373722048070135,short-term,0.6373722048070135
107109,108242,0.4916063624968435,0.6072092376838258,0.5494078000903346,short-term,0.5494078000903346
110508,111641,0.025133438005698918,1.0,0.5125667190028494,short-term,0.5125667190028494
101444,102577,0.7319539551597263,0.20110025727501094,0.4665271062173686,short-term,0.4665271062173686
112774,113907,0.0,0.8423742383483649,0.42118711917418244,short-term,0.42118711917418244
109375,110508,0.03476041026974162,0.6072615357059076,0.3210109729878246,short-term,0.3210109729878246
108242,109375,0.041779071364121755,0.5883948349180971,0.3150869531411094,short-term,0.3150869531411094
