low,high,recent_strength,all_strength,avg_strength,zone_type,strength
96015,97988,1.0,0.265486569933757,0.6327432849668785,short-term,0.6327432849668785
90098,92070,0.0130798429382225,1.0,0.5065399214691112,short-term,0.5065399214691112
92070,94043,0.3268791861304876,0.6659734324421325,0.49642630928631004,short-term,0.49642630928631004
86153,88125,0.0,0.9858171981610702,0.4929085990805351,short-term,0.4929085990805351
88125,90098,0.0,0.7232542490296681,0.36162712451483403,short-term,0.36162712451483403
109823,111796,0.0,0.6006411825260329,0.30032059126301647,short-term,0.30032059126301647
