low,high,recent_strength,all_strength,avg_strength,zone_type,strength
90489,92560,0.699802244600801,1.0,0.8499011223004005,short-term,0.8499011223004005
88419,90489,1.0,0.4650130758191898,0.732506537909595,short-term,0.732506537909595
109123,111193,0.0,0.8152282313263189,0.40761411566315947,short-term,0.40761411566315947
111193,113263,0.0,0.7084848334624155,0.35424241673120777,short-term,0.35424241673120777
107052,109123,0.0,0.6618093861267954,0.3309046930633977,short-term,0.3309046930633977
113263,115334,0.0,0.6559580291756115,0.32797901458780576,short-term,0.32797901458780576
