low,high,recent_strength,all_strength,avg_strength,zone_type,strength
101878,102997,1.0,0.5120661033499543,0.7560330516749771,short-term,0.7560330516749771
105237,106356,0.8578417260460904,0.31524655314519884,0.5865441395956447,short-term,0.5865441395956447
109715,110835,0.0,1.0,0.5,short-term,0.5
110835,111955,0.0,0.999768413518461,0.4998842067592305,short-term,0.4998842067592305
107476,108596,0.0,0.960851927389814,0.480425963694907,short-term,0.480425963694907
113074,114194,0.0,0.9195009377119419,0.45975046885597093,short-term,0.45975046885597093
111955,113074,0.0,0.7782233746392095,0.38911168731960477,short-term,0.38911168731960477
