low,high,recent_strength,all_strength,avg_strength,zone_type,strength
92126,94109,1.0,0.5662595984042579,0.7831297992021289,persistent,0.7831297992021289
90142,92126,0.5737461576093015,0.7967286057688097,0.6852373816890556,short-term,0.6852373816890556
86175,88159,0.0,1.0,0.5,short-term,0.5
88159,90142,0.05557917498605199,0.7526580513547864,0.4041186131704192,short-term,0.4041186131704192
109978,111961,0.0,0.6101059248798765,0.30505296243993824,short-term,0.30505296243993824
