low,high,recent_strength,all_strength,avg_strength,zone_type,strength
66655,68528,1.0,0.5086817263320393,0.7543408631660197,persistent,0.7543408631660197
89126,90999,0.0,1.0,0.5,short-term,0.5
87254,89126,0.0,0.9197825784182224,0.4598912892091112,short-term,0.4598912892091112
90999,92872,0.0,0.8343452956783005,0.41717264783915026,short-term,0.41717264783915026
85381,87254,0.0,0.6331699690731167,0.31658498453655837,short-term,0.31658498453655837
68528,70400,0.0,0.5515957833435796,0.2757978916717898,short-term,0.2757978916717898
109725,111598,0.0,0.5125244086097501,0.25626220430487506,short-term,0.25626220430487506
