low,high,recent_strength,all_strength,avg_strength,zone_type,strength
100762,101886,1.0,0.4996055678093592,0.7498027839046796,short-term,0.7498027839046796
110877,112000,0.0,1.0,0.5,short-term,0.5
109753,110877,0.0,0.9171240131730165,0.45856200658650825,short-term,0.45856200658650825
107505,108629,0.0,0.833035006030301,0.4165175030151505,short-term,0.4165175030151505
113124,114248,0.0,0.8278419306730451,0.41392096533652256,short-term,0.41392096533652256
106381,107505,0.0,0.5764299865111255,0.28821499325556277,short-term,0.28821499325556277
