low,high,recent_strength,all_strength,avg_strength,zone_type,strength
92128,94112,1.0,0.5515467943765159,0.7757733971882579,persistent,0.7757733971882579
90144,92128,0.7176162482345672,0.7942522837685548,0.755934266001561,short-term,0.755934266001561
88160,90144,0.29600326300468116,0.7576583072090325,0.5268307851068568,short-term,0.5268307851068568
86176,88160,0.0,1.0,0.5,short-term,0.5
109984,111968,0.0,0.6044176601522575,0.30220883007612875,short-term,0.30220883007612875
