low,high,recent_strength,all_strength,avg_strength,zone_type,strength
90519,92597,0.6816046228422259,1.0,0.840802311421113,short-term,0.840802311421113
88441,90519,1.0,0.4475449408783385,0.7237724704391693,short-term,0.7237724704391693
109219,111297,0.0,0.9033072912793664,0.4516536456396832,short-term,0.4516536456396832
111297,113374,0.0,0.744353287425043,0.3721766437125215,short-term,0.3721766437125215
113374,115452,0.0,0.7335378881488469,0.36676894407442345,short-term,0.36676894407442345
107141,109219,0.0,0.7156432020432181,0.35782160102160904,short-term,0.35782160102160904
