low,high,recent_strength,all_strength,avg_strength,zone_type,strength
86460,87523,1.0,0.7469344732993027,0.8734672366496514,persistent,0.8734672366496514
109849,110912,0.0,1.0,0.5,short-term,0.5
110912,111975,0.0,0.9907570052472674,0.4953785026236337,short-term,0.4953785026236337
101344,102407,0.0,0.9054085177243918,0.4527042588621959,short-term,0.4527042588621959
113039,114102,0.0,0.8733889026448111,0.43669445132240553,short-term,0.43669445132240553
107723,108786,0.0,0.7784474367358362,0.3892237183679181,short-term,0.3892237183679181
106660,107723,0.0,0.6878930677451084,0.3439465338725542,short-term,0.3439465338725542
111975,113039,0.0,0.6563134817178737,0.32815674085893687,short-term,0.32815674085893687
121544,122607,0.0,0.596507085730619,0.2982535428653095,short-term,0.2982535428653095
