low,high,recent_strength,all_strength,avg_strength,zone_type,strength
90442,92501,0.8013479726958309,1.0,0.9006739863479154,short-term,0.9006739863479154
92501,94559,1.0,0.5175503618384516,0.7587751809192258,short-term,0.7587751809192258
111027,113086,0.0,0.667061669723853,0.3335308348619265,short-term,0.3335308348619265
108969,111027,0.0,0.6361157146541317,0.3180578573270659,short-term,0.3180578573270659
100735,102793,0.0,0.5831662984563329,0.29158314922816647,short-term,0.29158314922816647
106910,108969,0.0,0.581218136522244,0.290609068261122,short-term,0.290609068261122
