low,high,recent_strength,all_strength,avg_strength,zone_type,strength
92116,94098,1.0,0.627822792859094,0.813911396429547,persistent,0.813911396429547
90134,92116,0.2385808997490015,0.8184853863586569,0.5285331430538291,short-term,0.5285331430538291
86171,88153,0.0,1.0,0.5,short-term,0.5
88153,90134,0.0,0.7463551136034294,0.3731775568017147,short-term,0.3731775568017147
109951,111932,0.0,0.6047790766458118,0.3023895383229059,short-term,0.3023895383229059
