low,high,recent_strength,all_strength,avg_strength,zone_type,strength
110219,111356,0.5744584897093304,1.0,0.7872292448546652,short-term,0.7872292448546652
106806,107944,1.0,0.5587788495084817,0.7793894247542408,short-term,0.7793894247542408
107944,109081,0.11406648752192967,0.610817030984396,0.36244175925316285,short-term,0.36244175925316285
112494,113631,0.0,0.7203451257029494,0.3601725628514747,short-term,0.3601725628514747
111356,112494,0.0,0.6224682357490221,0.31123411787451105,short-term,0.31123411787451105
