low,high,recent_strength,all_strength,avg_strength,zone_type,strength
66659,68534,1.0,0.48166974008930674,0.7408348700446534,persistent,0.7408348700446534
89156,91031,0.0,1.0,0.5,short-term,0.5
87282,89156,0.0,0.9098156971080508,0.4549078485540254,short-term,0.4549078485540254
91031,92906,0.0,0.8260440807798239,0.41302204038991197,short-term,0.41302204038991197
85407,87282,0.0,0.6438188754379023,0.32190943771895114,short-term,0.32190943771895114
68534,70409,0.0,0.5493036239626193,0.27465181198130967,short-term,0.27465181198130967
109778,111653,0.0,0.5230204308075042,0.2615102154037521,short-term,0.2615102154037521
