low,high,recent_strength,all_strength,avg_strength,zone_type,strength
86261,88287,1.0,0.9737658973305304,0.9868829486652653,persistent,0.9868829486652653
90314,92340,0.0,1.0,0.5,short-term,0.5
88287,90314,0.2616849913696995,0.6838226950071913,0.4727538431884454,short-term,0.4727538431884454
110579,112606,0.0,0.8115706121789747,0.4057853060894874,short-term,0.4057853060894874
92340,94367,0.0,0.6853688621997174,0.3426844310998587,short-term,0.3426844310998587
