low,high,recent_strength,all_strength,avg_strength,zone_type,strength
86228,88238,1.0,1.0,1.0,persistent,1.0
90247,92257,0.0,0.8631959709345918,0.4315979854672959,short-term,0.4315979854672959
88238,90247,0.05576486914549914,0.6678291460280525,0.36179700758677585,short-term,0.36179700758677585
110346,112356,0.0,0.7134801028377656,0.3567400514188828,short-term,0.3567400514188828
92257,94267,0.0,0.5813373680109798,0.2906686840054899,short-term,0.2906686840054899
