low,high,recent_strength,all_strength,avg_strength,zone_type,strength
86281,88317,1.0,0.7543720539653731,0.8771860269826866,persistent,0.8771860269826866
90354,92390,0.0,1.0,0.5,short-term,0.5
110719,112755,0.0,0.71417327442329,0.357086637211645,short-term,0.357086637211645
88317,90354,0.0901776257944248,0.6197591052046871,0.35496836549955596,short-term,0.35496836549955596
106646,108682,0.0,0.6333292199971511,0.31666460999857554,short-term,0.31666460999857554
