low,high,recent_strength,all_strength,avg_strength,zone_type,strength
88170,90157,1.0,0.7638368090974662,0.8819184045487332,persistent,0.8819184045487332
86182,88170,0.16323558473492597,1.0,0.581617792367463,short-term,0.581617792367463
90157,92144,0.2806329896879001,0.747868513896494,0.514250751792197,short-term,0.514250751792197
110029,112016,0.0,0.6394795773243814,0.3197397886621907,short-term,0.3197397886621907
92144,94131,0.0,0.48361784890634874,0.24180892445317437,short-term,0.24180892445317437
