low,high,recent_strength,all_strength,avg_strength,zone_type,strength
86123,88080,1.0,1.0,1.0,persistent,1.0
88080,90038,0.45014115816620526,0.8302637806852969,0.6402024694257511,short-term,0.6402024694257511
90038,91995,0.0,0.9635031101276121,0.48175155506380607,short-term,0.48175155506380607
91995,93953,0.0,0.6361214628274678,0.3180607314137339,short-term,0.3180607314137339
109613,111571,0.0,0.5235367640359765,0.26176838201798824,short-term,0.26176838201798824
