low,high,recent_strength,all_strength,avg_strength,zone_type,strength
86257,88282,1.0,0.9856807315901152,0.9928403657950575,persistent,0.9928403657950575
90307,92332,0.0,1.0,0.5,short-term,0.5
110555,112580,0.0,0.8220052306922161,0.41100261534610805,short-term,0.41100261534610805
88282,90307,0.05683585454724727,0.6866208184155971,0.3717283364814222,short-term,0.3717283364814222
92332,94357,0.0,0.6726597050482765,0.3363298525241383,short-term,0.3363298525241383
