low,high,recent_strength,all_strength,avg_strength,zone_type,strength
88172,90161,1.0,0.7392504967352016,0.8696252483676008,persistent,0.8696252483676008
86184,88172,0.5221531192907828,1.0,0.7610765596453914,short-term,0.7610765596453914
90161,92149,0.3198165359987183,0.7419898379824114,0.5309031869905648,short-term,0.5309031869905648
110043,112031,0.0,0.6355946816401644,0.3177973408200822,short-term,0.3177973408200822
92149,94137,0.0,0.48067982717641533,0.24033991358820767,short-term,0.24033991358820767
