low,high,recent_strength,all_strength,avg_strength,zone_type,strength
90531,92611,0.9730359093191601,1.0,0.98651795465958,short-term,0.98651795465958
92611,94692,1.0,0.454442432343287,0.7272212161716435,short-term,0.7272212161716435
109257,111338,0.0,0.9341843098676372,0.4670921549338186,short-term,0.4670921549338186
113418,115499,0.0,0.7375615786821342,0.3687807893410671,short-term,0.3687807893410671
107176,109257,0.0,0.7374766230282902,0.3687383115141451,short-term,0.3687383115141451
111338,113418,0.0,0.6761962254814508,0.3380981127407254,short-term,0.3380981127407254
