low,high,recent_strength,all_strength,avg_strength,zone_type,strength
66673,68554,1.0,0.4344917290431463,0.7172458645215731,short-term,0.7172458645215731
89250,91131,0.0,1.0,0.5,short-term,0.5
68554,70436,0.3760495937124589,0.571085194292224,0.4735673940023415,short-term,0.4735673940023415
87368,89250,0.0,0.938355308910545,0.4691776544552725,short-term,0.4691776544552725
91131,93013,0.0,0.875700218431753,0.4378501092158765,short-term,0.4378501092158765
85487,87368,0.0,0.6716500795339232,0.3358250397669616,short-term,0.3358250397669616
109945,111827,0.0,0.5371698387968834,0.2685849193984417,short-term,0.2685849193984417
111827,113708,0.0,0.44978485881827057,0.22489242940913529,short-term,0.22489242940913529
