low,high,recent_strength,all_strength,avg_strength,zone_type,strength
104099,105215,1.0,0.5646523643119803,0.7823261821559901,short-term,0.7823261821559901
105215,106330,0.7305177562628083,0.39231437727806157,0.561416066770435,short-term,0.561416066770435
110791,111907,0.0,1.0,0.5,short-term,0.5
100754,101869,0.19499031570818978,0.680252663081075,0.4376214893946324,short-term,0.4376214893946324
113022,114137,0.0,0.8365167616592413,0.41825838082962064,short-term,0.41825838082962064
107445,108561,0.0,0.8327105182811878,0.4163552591405939,short-term,0.4163552591405939
109676,110791,0.0,0.811972631303639,0.4059863156518195,short-term,0.4059863156518195
