low,high,recent_strength,all_strength,avg_strength,zone_type,strength
92053,94021,1.0,0.7072545081849209,0.8536272540924604,persistent,0.8536272540924604
90084,92053,0.4299858533636094,1.0,0.7149929266818047,short-term,0.7149929266818047
86146,88115,0.0,0.9685049047462982,0.4842524523731491,short-term,0.4842524523731491
88115,90084,0.0,0.7039531606106052,0.3519765803053026,short-term,0.3519765803053026
109773,111742,0.0,0.577743097436122,0.288871548718061,short-term,0.288871548718061
