low,high,recent_strength,all_strength,avg_strength,zone_type,strength
100311,101446,1.0,0.2216883407382515,0.6108441703691257,short-term,0.6108441703691257
107119,108254,0.5932801653645212,0.5912820468784996,0.5922811061215104,short-term,0.5922811061215104
110523,111658,0.07114964584724058,1.0,0.5355748229236202,short-term,0.5355748229236202
103715,104850,0.822859031818225,0.24051232686326948,0.5316856793407472,short-term,0.5316856793407472
109389,110523,0.17438622465693954,0.5873242112922609,0.3808552179746002,short-term,0.3808552179746002
112793,113927,0.0,0.7529736957465648,0.3764868478732824,short-term,0.3764868478732824
111658,112793,0.0,0.5965083602695557,0.29825418013477784,short-term,0.29825418013477784
