low,high,recent_strength,all_strength,avg_strength,zone_type,strength
90473,92539,0.8656034383778117,1.0,0.9328017191889059,short-term,0.9328017191889059
88407,90473,1.0,0.5025575935377833,0.7512787967688916,short-term,0.7512787967688916
109070,111136,0.0,0.7665162676878824,0.3832581338439412,short-term,0.3832581338439412
111136,113203,0.0,0.7421253563950676,0.3710626781975338,short-term,0.3710626781975338
107004,109070,0.0,0.6669962996401662,0.3334981498200831,short-term,0.3334981498200831
113203,115269,0.0,0.6421534259907021,0.32107671299535107,short-term,0.32107671299535107
