low,high,recent_strength,all_strength,avg_strength,zone_type,strength
86450,87510,1.0,0.7428073211388803,0.8714036605694402,persistent,0.8714036605694402
90691,91752,0.7193890971083767,0.639527699314229,0.6794583982113029,short-term,0.6794583982113029
110840,111900,0.0,1.0,0.5,short-term,0.5
109779,110840,0.0,0.9903590972764464,0.4951795486382232,short-term,0.4951795486382232
101296,102356,0.0,0.9044794315153863,0.4522397157576932,short-term,0.4522397157576932
112961,114021,0.0,0.8606002789743615,0.43030013948718077,short-term,0.43030013948718077
107659,108719,0.0,0.7977832126891818,0.3988916063445909,short-term,0.3988916063445909
111900,112961,0.0,0.7158491486354157,0.35792457431770786,short-term,0.35792457431770786
106598,107659,0.0,0.7112717988021064,0.3556358994010532,short-term,0.3556358994010532
