low,high,recent_strength,all_strength,avg_strength,zone_type,strength
90100,92073,0.8039054107380522,1.0,0.9019527053690262,short-term,0.9019527053690262
92073,94045,0.7476232500219454,0.6659734324421333,0.7067983412320393,short-term,0.7067983412320393
94045,96018,1.0,0.34232309617127793,0.671161548085639,short-term,0.671161548085639
86154,88127,0.0,0.985817198161066,0.492908599080533,short-term,0.492908599080533
88127,90100,0.0,0.7232542490296643,0.36162712451483214,short-term,0.36162712451483214
109829,111802,0.0,0.5972776662112007,0.29863883310560035,short-term,0.29863883310560035
