low,high,recent_strength,all_strength,avg_strength,zone_type,strength
90074,92041,0.7297760440849713,1.0,0.8648880220424857,short-term,0.8648880220424857
88108,90074,1.0,0.7236437774617922,0.8618218887308962,persistent,0.8618218887308962
86141,88108,0.22404583545301354,0.937146954445324,0.5805963949491688,short-term,0.5805963949491688
92041,94008,0.4572218027056564,0.6718450728244464,0.5645334377650514,short-term,0.5645334377650514
109741,111708,0.0,0.5436368143629025,0.2718184071814512,short-term,0.2718184071814512
