low,high,recent_strength,all_strength,avg_strength,zone_type,strength
90101,92074,1.0,1.0,1.0,persistent,1.0
92074,94048,0.7579655909891951,0.6650656905369671,0.7115156407630812,short-term,0.7115156407630812
86154,88128,0.0,0.9844734995418564,0.4922367497709282,short-term,0.4922367497709282
88128,90101,0.0,0.7222684316412366,0.3611342158206183,short-term,0.3611342158206183
109834,111807,0.0,0.6004556351446803,0.3002278175723401,short-term,0.3002278175723401
