low,high,recent_strength,all_strength,avg_strength,zone_type,strength
95482,96586,1.0,0.28231095838264303,0.6411554791913215,short-term,0.6411554791913215
110941,112045,0.0,1.0,0.5,short-term,0.5
109837,110941,0.0,0.9892252444828172,0.4946126222414086,short-term,0.4946126222414086
113150,114254,0.0,0.8477288062570858,0.4238644031285429,short-term,0.4238644031285429
107628,108733,0.0,0.7650472990235564,0.3825236495117782,short-term,0.3825236495117782
101003,102107,0.0,0.7615809079830465,0.3807904539915232,short-term,0.3807904539915232
106524,107628,0.0,0.6980267471720073,0.34901337358600365,short-term,0.34901337358600365
