low,high,recent_strength,all_strength,avg_strength,zone_type,strength
88094,90057,1.0,0.8254815518265501,0.9127407759132751,persistent,0.9127407759132751
90057,92019,0.18047296731712564,1.0,0.5902364836585628,short-term,0.5902364836585628
86132,88094,0.0,0.9398067938259398,0.4699033969129699,short-term,0.4699033969129699
92019,93981,0.0,0.6859480969778805,0.34297404848894025,short-term,0.34297404848894025
109679,111641,0.0,0.5384882932874001,0.26924414664370006,short-term,0.26924414664370006
