low,high,recent_strength,all_strength,avg_strength,zone_type,strength
77444,79385,1.0,0.24527502964194578,0.6226375148209728,short-term,0.6226375148209728
89093,91035,0.0,1.0,0.5,short-term,0.5
87152,89093,0.0,0.971076748368361,0.4855383741841805,short-term,0.4855383741841805
91035,92976,0.0,0.8711941037388975,0.43559705186944875,short-term,0.43559705186944875
85210,87152,0.0,0.5644161204749312,0.2822080602374656,short-term,0.2822080602374656
110450,112392,0.0,0.5161523377773529,0.25807616888867646,short-term,0.25807616888867646
94918,96859,0.0,0.39715299171299046,0.19857649585649523,short-term,0.19857649585649523
