low,high,recent_strength,all_strength,avg_strength,zone_type,strength
90485,92555,0.7356460893685609,1.0,0.8678230446842805,short-term,0.8678230446842805
88416,90485,1.0,0.4758417406969953,0.7379208703484976,short-term,0.7379208703484976
109110,111179,0.0,0.814465979682719,0.4072329898413595,short-term,0.4072329898413595
111179,113248,0.0,0.7032920498855525,0.35164602494277625,short-term,0.35164602494277625
107040,109110,0.0,0.6533325957165277,0.32666629785826384,short-term,0.32666629785826384
113248,115318,0.0,0.6450721809406864,0.3225360904703432,short-term,0.3225360904703432
