low,high,recent_strength,all_strength,avg_strength,zone_type,strength
92117,94099,1.0,0.6320860651953566,0.8160430325976783,persistent,0.8160430325976783
90135,92117,0.18693996446917646,0.8162605803691606,0.5016002724191685,short-term,0.5016002724191685
86172,88154,0.0,1.0,0.5,short-term,0.5
88154,90135,0.0,0.7514232875293321,0.37571164376466604,short-term,0.37571164376466604
109954,111936,0.0,0.6088858690979833,0.30444293454899163,short-term,0.30444293454899163
