low,high,recent_strength,all_strength,avg_strength,zone_type,strength
93505,94606,1.0,0.2173713515862111,0.6086856757931055,short-term,0.6086856757931055
110016,111117,0.0,1.0,0.5,short-term,0.5
101210,102311,0.0,0.7632697441150846,0.3816348720575423,short-term,0.3816348720575423
111117,112217,0.0,0.7618355763163126,0.3809177881581563,short-term,0.3809177881581563
113318,114419,0.0,0.7518363875805054,0.3759181937902527,short-term,0.3759181937902527
107814,108915,0.0,0.6602198609539299,0.33010993047696496,short-term,0.33010993047696496
106714,107814,0.0,0.6030937361935695,0.30154686809678477,short-term,0.30154686809678477
