low,high,recent_strength,all_strength,avg_strength,zone_type,strength
84304,86400,1.0,0.43986094017472027,0.7199304700873601,short-term,0.7199304700873601
90593,92689,0.46919359504115266,0.7523335328911701,0.6107635639661614,short-term,0.6107635639661614
109459,111555,0.0,1.0,0.5,short-term,0.5
111555,113651,0.0,0.8198782200354299,0.40993911001771494,short-term,0.40993911001771494
107363,109459,0.0,0.7471103904309055,0.3735551952154528,short-term,0.3735551952154528
101074,103170,0.0,0.7217952057145958,0.3608976028572979,short-term,0.3608976028572979
