low,high,recent_strength,all_strength,avg_strength,zone_type,strength
90129,92109,1.0,0.8658872456219163,0.9329436228109582,persistent,0.9329436228109582
92109,94089,0.9454304553756163,0.6225282259761954,0.7839793406759059,short-term,0.7839793406759059
86168,88149,0.0,1.0,0.5,short-term,0.5
88149,90129,0.10884025545876205,0.7553792139465118,0.4321097347026369,short-term,0.4321097347026369
109931,111911,0.0,0.6097994835902496,0.3048997417951248,short-term,0.3048997417951248
