low,high,recent_strength,all_strength,avg_strength,zone_type,strength
86203,88200,1.0,1.0,1.0,persistent,1.0
88200,90198,0.49768542638219104,0.6591944251412176,0.5784399257617043,short-term,0.5784399257617043
90198,92195,0.0,0.7593976328459975,0.37969881642299874,short-term,0.37969881642299874
110173,112170,0.0,0.6374557325561248,0.3187278662780624,short-term,0.3187278662780624
92195,94193,0.0,0.5248655135571781,0.26243275677858907,short-term,0.26243275677858907
