low,high,recent_strength,all_strength,avg_strength,zone_type,strength
88100,90064,1.0,0.7994667635024179,0.899733381751209,persistent,0.899733381751209
90064,92028,0.2522976119603523,1.0,0.6261488059801761,short-term,0.6261488059801761
86136,88100,0.0,0.9435625024933333,0.47178125124666664,short-term,0.47178125124666664
92028,93992,0.0,0.6859480969778784,0.3429740484889392,short-term,0.3429740484889392
109704,111668,0.0,0.550594152978987,0.2752970764894935,short-term,0.2752970764894935
