low,high,recent_strength,all_strength,avg_strength,zone_type,strength
90665,91723,1.0,0.7062015262165876,0.8531007631082939,persistent,0.8531007631082939
110752,111809,0.0,1.0,0.5,short-term,0.5
112867,113924,0.0,0.817339253724036,0.408669626862018,short-term,0.408669626862018
101237,102295,0.0,0.8101686629710121,0.40508433148550604,short-term,0.40508433148550604
107581,108638,0.0,0.7610656839946642,0.3805328419973321,short-term,0.3805328419973321
86437,87494,0.10057615075359691,0.6570628898886645,0.3788195203211307,short-term,0.3788195203211307
109695,110752,0.0,0.748631894661032,0.374315947330516,short-term,0.374315947330516
111809,112867,0.0,0.6251527856851437,0.3125763928425718,short-term,0.3125763928425718
106523,107581,0.0,0.610998337153782,0.305499168576891,short-term,0.305499168576891
