low,high,recent_strength,all_strength,avg_strength,zone_type,strength
88105,90071,1.0,0.7541389770011164,0.8770694885005582,persistent,0.8770694885005582
90071,92037,0.23529250129645207,1.0,0.6176462506482261,short-term,0.6176462506482261
86140,88105,0.1724403920294647,0.9616259437117508,0.5670331678706078,short-term,0.5670331678706078
92037,94003,0.12106856631220925,0.6838026947543641,0.4024356305332867,short-term,0.4024356305332867
109730,111696,0.0,0.5571432829448109,0.27857164147240543,short-term,0.27857164147240543
