low,high,recent_strength,all_strength,avg_strength,zone_type,strength
88272,90293,1.0,0.7336264880217445,0.8668132440108722,persistent,0.8668132440108722
86250,88272,0.6923798047304424,0.9949769001456252,0.8436783524380338,short-term,0.8436783524380338
90293,92314,0.0,1.0,0.5,short-term,0.5
110506,112527,0.0,0.8174278211540684,0.4087139105770342,short-term,0.4087139105770342
92314,94335,0.0,0.6796154145914954,0.3398077072957477,short-term,0.3398077072957477
