low,high,recent_strength,all_strength,avg_strength,zone_type,strength
86260,88287,1.0,0.9740773969887173,0.9870386984943587,persistent,0.9870386984943587
90313,92339,0.0,1.0,0.5,short-term,0.5
88287,90313,0.2749506593311433,0.6849930372400168,0.47997184828558004,short-term,0.47997184828558004
110575,112601,0.0,0.8115706121789809,0.4057853060894904,short-term,0.4057853060894904
92339,94365,0.0,0.6853688621997176,0.3426844310998588,short-term,0.3426844310998588
