low,high,recent_strength,all_strength,avg_strength,zone_type,strength
86213,88216,1.0,1.0,1.0,persistent,1.0
88216,90218,0.5978933622674245,0.6659420118955591,0.6319176870814918,short-term,0.6319176870814918
90218,92221,0.0,0.8066455663939947,0.4033227831969973,short-term,0.4033227831969973
110245,112248,0.0,0.6627062453684951,0.33135312268424755,short-term,0.33135312268424755
92221,94224,0.0,0.5536052152871174,0.2768026076435587,short-term,0.2768026076435587
