low,high,recent_strength,all_strength,avg_strength,zone_type,strength
90122,92101,1.0,0.9248676336952555,0.9624338168476277,persistent,0.9624338168476277
86165,88144,0.0,1.0,0.5,short-term,0.5
92101,94079,0.23347022891918232,0.6255684375431649,0.42951933323117364,short-term,0.42951933323117364
88144,90122,0.043844882295669414,0.7367700456415334,0.3903074639686014,short-term,0.3903074639686014
109908,111886,0.0,0.6121605101586414,0.3060802550793207,short-term,0.3060802550793207
