low,high,recent_strength,all_strength,avg_strength,zone_type,strength
86214,88218,1.0,1.0,1.0,persistent,1.0
88218,90221,0.6011207675264245,0.6683138009916896,0.634717284259057,short-term,0.634717284259057
90221,92224,0.0,0.8095184789368884,0.4047592394684442,short-term,0.4047592394684442
110254,112257,0.0,0.6510524904186319,0.32552624520931595,short-term,0.32552624520931595
92224,94227,0.0,0.5674875379462815,0.28374376897314074,short-term,0.28374376897314074
