low,high,recent_strength,all_strength,avg_strength,zone_type,strength
86277,88312,1.0,0.7773896519526025,0.8886948259763012,persistent,0.8886948259763012
90346,92381,0.0,1.0,0.5,short-term,0.5
110692,112727,0.0,0.7233480433718706,0.3616740216859353,short-term,0.3616740216859353
88312,90346,0.0725229645406804,0.6188112925984682,0.3456671285695743,short-term,0.3456671285695743
106623,108658,0.0,0.6329586232728207,0.31647931163641035,short-term,0.31647931163641035
