low,high,recent_strength,all_strength,avg_strength,zone_type,strength
88099,90063,1.0,0.8059354273311826,0.9029677136655914,persistent,0.9029677136655914
90063,92026,0.1722505976760108,1.0,0.5861252988380055,short-term,0.5861252988380055
86135,88099,0.0,0.9398067938259443,0.46990339691297217,short-term,0.46990339691297217
92026,93990,0.0,0.6859480969778803,0.34297404848894014,short-term,0.34297404848894014
109700,111663,0.0,0.5483643223090616,0.2741821611545308,short-term,0.2741821611545308
