low,high,recent_strength,all_strength,avg_strength,zone_type,strength
88078,90034,1.0,0.8597210352307808,0.9298605176153905,persistent,0.9298605176153905
86121,88078,0.5747089404246509,1.0,0.7873544702123254,short-term,0.7873544702123254
90034,91991,0.16935585522543825,0.9764436952723378,0.572899775248888,short-term,0.572899775248888
91991,93947,0.0,0.6361214628274651,0.31806073141373253,short-term,0.31806073141373253
109600,111557,0.0,0.5221403358421849,0.26107016792109244,short-term,0.26107016792109244
