low,high,recent_strength,all_strength,avg_strength,zone_type,strength
66660,68535,1.0,0.4808409088127716,0.7404204544063858,persistent,0.7404204544063858
89161,91036,0.0,1.0,0.5,short-term,0.5
87286,89161,0.0,0.8981032481034449,0.44905162405172244,short-term,0.44905162405172244
91036,92911,0.0,0.8364377143169072,0.4182188571584536,short-term,0.4182188571584536
85411,87286,0.0,0.655531324442513,0.3277656622212565,short-term,0.3277656622212565
68535,70410,0.0,0.5451192549665367,0.27255962748326834,short-term,0.27255962748326834
109787,111662,0.0,0.5230204308074929,0.26151021540374647,short-term,0.26151021540374647
