low,high,recent_strength,all_strength,avg_strength,zone_type,strength
90119,92097,1.0,0.930227365906412,0.965113682953206,persistent,0.965113682953206
86163,88141,0.0,1.0,0.5,short-term,0.5
88141,90119,0.041993834408697535,0.7361666411639705,0.389080237786334,short-term,0.389080237786334
92097,94075,0.009690687985264004,0.6255684375431619,0.31762956276421295,short-term,0.31762956276421295
109897,111875,0.0,0.6145917721390247,0.30729588606951236,short-term,0.30729588606951236
