low,high,recent_strength,all_strength,avg_strength,zone_type,strength
66719,68624,1.0,0.2569009551040542,0.6284504775520271,short-term,0.6284504775520271
68624,70528,0.7851663763866594,0.38043175269340845,0.5827990645400339,short-term,0.5827990645400339
89574,91478,0.0,1.0,0.5,short-term,0.5
87669,89574,0.0,0.8628575241377922,0.4314287620688961,short-term,0.4314287620688961
85765,87669,0.0,0.8070241005539579,0.40351205027697895,short-term,0.40351205027697895
91478,93383,0.0,0.7294692689348499,0.36473463446742493,short-term,0.36473463446742493
110524,112429,0.0,0.49757376008638005,0.24878688004319002,short-term,0.24878688004319002
112429,114333,0.0,0.39006591638705057,0.19503295819352529,short-term,0.19503295819352529
