low,high,recent_strength,all_strength,avg_strength,zone_type,strength
86266,88295,1.0,0.9439400854361221,0.9719700427180611,persistent,0.9719700427180611
90324,92353,0.0,1.0,0.5,short-term,0.5
88295,90324,0.2572392374577332,0.6797371615047753,0.4684881994812542,short-term,0.4684881994812542
110614,112642,0.0,0.807348381382202,0.403674190691101,short-term,0.403674190691101
92353,94382,0.0,0.681328876696674,0.340664438348337,short-term,0.340664438348337
