low,high,recent_strength,all_strength,avg_strength,zone_type,strength
72543,74479,1.0,0.1368378868767467,0.5684189434383733,short-term,0.5684189434383733
86094,88030,0.0,1.0,0.5,short-term,0.5
89965,91901,0.0,0.959520825893205,0.4797604129466025,short-term,0.4797604129466025
88030,89965,0.0,0.8933384253776007,0.44666921268880033,short-term,0.44666921268880033
91901,93837,0.0,0.70266305661587,0.351331528307935,short-term,0.351331528307935
109323,111259,0.0,0.4714110928258282,0.2357055464129141,short-term,0.2357055464129141
93837,95773,0.0,0.4173498867420738,0.2086749433710369,short-term,0.2086749433710369
