low,high,recent_strength,all_strength,avg_strength,zone_type,strength
90745,91839,1.0,0.24970627793306552,0.6248531389665327,short-term,0.6248531389665327
91839,92932,0.9268076446878116,0.23142968731490451,0.5791186660013581,short-term,0.5791186660013581
110430,111524,0.0,1.0,0.5,short-term,0.5
112618,113711,0.0,0.8066834388063958,0.4033417194031979,short-term,0.4033417194031979
107150,108243,0.0,0.5977642669672887,0.29888213348364434,short-term,0.29888213348364434
111524,112618,0.0,0.5951101281691684,0.2975550640845842,short-term,0.2975550640845842
101681,102775,0.0,0.5881108115072853,0.29405540575364264,short-term,0.29405540575364264
108243,109337,0.0,0.5868304704640537,0.29341523523202684,short-term,0.29341523523202684
100588,101681,0.0,0.5741976026079549,0.28709880130397747,short-term,0.28709880130397747
