low,high,recent_strength,all_strength,avg_strength,zone_type,strength
69422,71355,1.0,0.11148059921666793,0.5557402996083339,short-term,0.5557402996083339
86819,88752,0.0,1.0,0.5,short-term,0.5
71355,73288,0.8787272203710148,0.09796103707495775,0.48834412872298627,short-term,0.48834412872298627
88752,90684,0.0,0.9374415824910253,0.46872079124551264,short-term,0.46872079124551264
90684,92617,0.0,0.8803735713549533,0.44018678567747666,short-term,0.44018678567747666
110014,111947,0.0,0.5136794646463847,0.25683973232319235,short-term,0.25683973232319235
92617,94550,0.0,0.47947466991162363,0.23973733495581181,short-term,0.23973733495581181
84886,86819,0.0,0.4276353237926704,0.2138176618963352,short-term,0.2138176618963352
111947,113880,0.0,0.4257438636511403,0.21287193182557015,short-term,0.21287193182557015
