low,high,recent_strength,all_strength,avg_strength,zone_type,strength
66757,68681,1.0,0.19441600040848944,0.5972080002042447,short-term,0.5972080002042447
89842,91766,0.0,1.0,0.5,short-term,0.5
85994,87918,0.0,0.9203483320187092,0.4601741660093546,short-term,0.4601741660093546
87918,89842,0.0,0.8815480204370584,0.4407740102185292,short-term,0.4407740102185292
91766,93689,0.0,0.7094619632734352,0.3547309816367176,short-term,0.3547309816367176
111003,112926,0.0,0.4483093109079899,0.22415465545399496,short-term,0.22415465545399496
109079,111003,0.0,0.4056023446317225,0.20280117231586126,short-term,0.20280117231586126
93689,95613,0.0,0.3913593802719618,0.1956796901359809,short-term,0.1956796901359809
