low,high,recent_strength,all_strength,avg_strength,zone_type,strength
101878,102997,1.0,0.5120661033499547,0.7560330516749774,short-term,0.7560330516749774
105237,106356,0.7862738233587339,0.30536111948186634,0.5458174714203001,short-term,0.5458174714203001
109715,110835,0.0,1.0,0.5,short-term,0.5
110835,111955,0.0,0.999768413518466,0.499884206759233,short-term,0.499884206759233
107476,108596,0.0,0.9608519273898103,0.48042596369490514,short-term,0.48042596369490514
113074,114194,0.0,0.9195009377119423,0.45975046885597115,short-term,0.45975046885597115
111955,113074,0.0,0.778223374639208,0.389111687319604,short-term,0.389111687319604
