low,high,recent_strength,all_strength,avg_strength,zone_type,strength
90659,91715,1.0,0.7601399302685975,0.8800699651342987,persistent,0.8800699651342987
110731,111787,0.0,1.0,0.5,short-term,0.5
112843,113900,0.0,0.8359726080580187,0.4179863040290093,short-term,0.4179863040290093
101223,102279,0.0,0.8188996170993378,0.4094498085496689,short-term,0.4094498085496689
107561,108618,0.0,0.7597380932982589,0.37986904664912946,short-term,0.37986904664912946
109674,110731,0.0,0.7362273409097275,0.36811367045486376,short-term,0.36811367045486376
86433,87490,0.0,0.6641438672372697,0.33207193361863485,short-term,0.33207193361863485
111787,112843,0.0,0.6479133245101248,0.3239566622550624,short-term,0.3239566622550624
106505,107561,0.0,0.6100775141479841,0.30503875707399203,short-term,0.30503875707399203
