low,high,recent_strength,all_strength,avg_strength,zone_type,strength
94032,95128,1.0,0.30666690607788233,0.6533334530389412,short-term,0.6533334530389412
90747,91842,0.9497018358597298,0.23628242068189445,0.5929921282708122,short-term,0.5929921282708122
110461,111556,0.0,1.0,0.5,short-term,0.5
112652,113747,0.0,0.8137840457197799,0.40689202285988996,short-term,0.40689202285988996
101699,102794,0.0,0.5848983884155811,0.29244919420779053,short-term,0.29244919420779053
108271,109366,0.0,0.5836250409474577,0.29181252047372885,short-term,0.29181252047372885
107175,108271,0.0,0.5834311740519373,0.29171558702596867,short-term,0.29171558702596867
111556,112652,0.0,0.5768980310187992,0.2884490155093996,short-term,0.2884490155093996
109366,110461,0.0,0.5746294098317167,0.28731470491585837,short-term,0.28731470491585837
