low,high,recent_strength,all_strength,avg_strength,zone_type,strength
86209,88210,1.0,1.0,1.0,persistent,1.0
88210,90210,0.6526028383249523,0.6887863333685649,0.6706945858467586,short-term,0.6706945858467586
90210,92211,0.0,0.793302409706384,0.396651204853192,short-term,0.396651204853192
110216,112216,0.0,0.6761902316417185,0.33809511582085927,short-term,0.33809511582085927
92211,94211,0.0,0.5542603180514216,0.2771301590257108,short-term,0.2771301590257108
