low,high,recent_strength,all_strength,avg_strength,zone_type,strength
90113,92089,1.0,0.9483300284221342,0.9741650142110672,persistent,0.9741650142110672
86160,88136,0.0,1.0,0.5,short-term,0.5
88136,90113,0.06224411633977164,0.7396899819873131,0.40096704916354237,short-term,0.40096704916354237
92089,94065,0.0,0.6286318140607603,0.31431590703038015,short-term,0.31431590703038015
109875,111851,0.0,0.6158390120232163,0.30791950601160817,short-term,0.30791950601160817
