low,high,recent_strength,all_strength,avg_strength,zone_type,strength
66649,68518,1.0,0.6248835364029861,0.812441768201493,persistent,0.812441768201493
89081,90950,0.0,1.0,0.5,short-term,0.5
87212,89081,0.0,0.9525368128647975,0.47626840643239876,short-term,0.47626840643239876
90950,92820,0.0,0.8332572709647686,0.4166286354823843,short-term,0.4166286354823843
85342,87212,0.0,0.573447961057769,0.2867239805288845,short-term,0.2867239805288845
68518,70387,0.0,0.5446659749847318,0.2723329874923659,short-term,0.2723329874923659
109644,111514,0.0,0.5072579731329393,0.25362898656646965,short-term,0.25362898656646965
