low,high,recent_strength,all_strength,avg_strength,zone_type,strength
95484,96591,1.0,0.21466734897784132,0.6073336744889206,short-term,0.6073336744889206
94377,95484,0.9127274202139505,0.19593277563671294,0.5543300979253317,short-term,0.5543300979253317
109874,110980,0.0,1.0,0.5,short-term,0.5
110980,112087,0.0,0.9837442867675567,0.4918721433837783,short-term,0.4918721433837783
101019,102126,0.18852058288040455,0.7859731452419172,0.48724686406116086,short-term,0.48724686406116086
113194,114301,0.0,0.9104920395834365,0.45524601979171825,short-term,0.45524601979171825
107660,108767,0.0,0.7519664589005607,0.37598322945028034,short-term,0.37598322945028034
106553,107660,0.0,0.6865433417518458,0.3432716708759229,short-term,0.3432716708759229
