low,high,recent_strength,all_strength,avg_strength,zone_type,strength
95481,96585,1.0,0.30590250804564695,0.6529512540228235,short-term,0.6529512540228235
110931,112034,0.0,1.0,0.5,short-term,0.5
109827,110931,0.0,0.9595589165694649,0.47977945828473245,short-term,0.47977945828473245
113138,114241,0.0,0.8349905181340623,0.41749525906703117,short-term,0.41749525906703117
107620,108724,0.0,0.7842550321841498,0.3921275160920749,short-term,0.3921275160920749
100999,102102,0.0,0.7464352523838853,0.37321762619194265,short-term,0.37321762619194265
106516,107620,0.0,0.6497226758712754,0.3248613379356377,short-term,0.3248613379356377
