low,high,recent_strength,all_strength,avg_strength,zone_type,strength
86128,88088,1.0,1.0,1.0,persistent,1.0
88088,90049,0.43359060085440754,0.8132413224276266,0.6234159616410171,short-term,0.6234159616410171
90049,92009,0.0,0.9846428605967448,0.4923214302983724,short-term,0.4923214302983724
92009,93969,0.0,0.6756305293902402,0.3378152646951201,short-term,0.3378152646951201
109650,111611,0.0,0.5320921370532641,0.26604606852663204,short-term,0.26604606852663204
