low,high,recent_strength,all_strength,avg_strength,zone_type,strength
86239,88254,1.0,1.0,1.0,persistent,1.0
88254,90269,0.8333059987865818,0.7149631655356214,0.7741345821611016,short-term,0.7741345821611016
90269,92285,0.0,0.9294875332227935,0.46474376661139677,short-term,0.46474376661139677
110423,112438,0.0,0.7476743297622154,0.3738371648811077,short-term,0.3738371648811077
92285,94300,0.0,0.6134117520604969,0.30670587603024846,short-term,0.30670587603024846
