low,high,recent_strength,all_strength,avg_strength,zone_type,strength
92118,94100,1.0,0.6334088048561458,0.816704402428073,persistent,0.816704402428073
86172,88154,0.0,1.0,0.5,short-term,0.5
90136,92118,0.14624273312665784,0.8103659306977512,0.4783043319122045,short-term,0.4783043319122045
88154,90136,0.0,0.7514232875293344,0.3757116437646672,short-term,0.3757116437646672
109956,111937,0.0,0.6088858690979839,0.30444293454899196,short-term,0.30444293454899196
