low,high,recent_strength,all_strength,avg_strength,zone_type,strength
94032,96002,1.0,0.44222785300757955,0.7211139265037898,short-term,0.7211139265037898
90090,92061,0.0,1.0,0.5,short-term,0.5
86149,88120,0.0,0.992995135339038,0.496497567669519,short-term,0.496497567669519
88120,90090,0.0,0.7231152923436477,0.36155764617182384,short-term,0.36155764617182384
92061,94032,0.0,0.6694969718480441,0.33474848592402207,short-term,0.33474848592402207
109797,111767,0.0,0.5924610041510868,0.2962305020755434,short-term,0.2962305020755434
