low,high,recent_strength,all_strength,avg_strength,zone_type,strength
90540,92623,0.8487530600666752,1.0,0.9243765300333375,short-term,0.9243765300333375
92623,94707,1.0,0.44589201111765536,0.7229460055588277,short-term,0.7229460055588277
109288,111371,0.0,0.9298107927580476,0.4649053963790238,short-term,0.4649053963790238
111371,113455,0.0,0.8480198886538982,0.4240099443269491,short-term,0.4240099443269491
107205,109288,0.0,0.728173761284821,0.3640868806424105,short-term,0.3640868806424105
100956,103039,0.0,0.6838439607607518,0.3419219803803759,short-term,0.3419219803803759
