low,high,recent_strength,all_strength,avg_strength,zone_type,strength
86222,88230,1.0,1.0,1.0,persistent,1.0
88230,90237,0.5346114303058137,0.6837902366371543,0.609200833471484,short-term,0.609200833471484
90237,92244,0.0,0.8120799209636866,0.4060399604818433,short-term,0.4060399604818433
110309,112317,0.0,0.6665552267074482,0.3332776133537241,short-term,0.3332776133537241
92244,94251,0.0,0.5713319600302579,0.28566598001512894,short-term,0.28566598001512894
