low,high,recent_strength,all_strength,avg_strength,zone_type,strength
95373,96476,1.0,0.26395486814742103,0.6319774340737105,short-term,0.6319774340737105
110805,111907,0.0,1.0,0.5,short-term,0.5
109703,110805,0.0,0.8493120942013415,0.42465604710067073,short-term,0.42465604710067073
113010,114112,0.0,0.8414855577976295,0.42074277889881473,short-term,0.42074277889881473
107498,108601,0.0,0.8382622513073335,0.4191311256536667,short-term,0.4191311256536667
111907,113010,0.0,0.6853577351202431,0.34267886756012156,short-term,0.34267886756012156
106396,107498,0.0,0.6509467511575587,0.32547337557877937,short-term,0.32547337557877937
