low,high,recent_strength,all_strength,avg_strength,zone_type,strength
88175,90163,1.0,0.738251372590669,0.8691256862953345,persistent,0.8691256862953345
86186,88175,0.5260380910709979,1.0,0.7630190455354989,short-term,0.7630190455354989
90163,92152,0.2111523245222379,0.7414663979549835,0.4763093612386107,short-term,0.4763093612386107
110052,112041,0.0,0.6364450870448086,0.3182225435224043,short-term,0.3182225435224043
92152,94141,0.0,0.4836435266311763,0.24182176331558816,short-term,0.24182176331558816
