low,high,recent_strength,all_strength,avg_strength,zone_type,strength
68658,70573,1.0,0.2679130446079571,0.6339565223039786,short-term,0.6339565223039786
89732,91648,0.0,1.0,0.5,short-term,0.5
87817,89732,0.0,0.902356173931209,0.4511780869656045,short-term,0.4511780869656045
85901,87817,0.0,0.8517463277206395,0.42587316386031976,short-term,0.42587316386031976
91648,93564,0.0,0.7178396568641962,0.3589198284320981,short-term,0.3589198284320981
110807,112723,0.0,0.4340402523105991,0.21702012615529956,short-term,0.21702012615529956
108891,110807,0.0,0.3927581818868866,0.1963790909434433,short-term,0.1963790909434433
93564,95480,0.0,0.3848475704780733,0.19242378523903664,short-term,0.19242378523903664
