low,high,recent_strength,all_strength,avg_strength,zone_type,strength
66654,68527,1.0,0.5157329116801351,0.7578664558400676,persistent,0.7578664558400676
89122,90994,0.0,1.0,0.5,short-term,0.5
87249,89122,0.0,0.9161218683029907,0.45806093415149535,short-term,0.45806093415149535
90994,92866,0.0,0.8327543362134968,0.4163771681067484,short-term,0.4163771681067484
85377,87249,0.0,0.6319626179196584,0.3159813089598292,short-term,0.3159813089598292
68527,70399,0.0,0.5464429104874438,0.2732214552437219,short-term,0.2732214552437219
109717,111589,0.0,0.5127908415580238,0.2563954207790119,short-term,0.2563954207790119
