low,high,recent_strength,all_strength,avg_strength,zone_type,strength
86205,88204,1.0,1.0,1.0,persistent,1.0
88204,90203,0.5411177069295583,0.6696087911132553,0.6053632490214068,short-term,0.6053632490214068
90203,92202,0.0,0.7657432734392468,0.3828716367196234,short-term,0.3828716367196234
110190,112189,0.0,0.6595039695578185,0.32975198477890927,short-term,0.32975198477890927
92202,94200,0.0,0.5316638975911346,0.2658319487955673,short-term,0.2658319487955673
