low,high,recent_strength,all_strength,avg_strength,zone_type,strength
92113,94094,1.0,0.6261383409526923,0.8130691704763462,persistent,0.8130691704763462
90132,92113,0.5285790910142987,0.8441337911543808,0.6863564410843397,short-term,0.6863564410843397
86170,88151,0.0,1.0,0.5,short-term,0.5
88151,90132,0.0,0.7471378987032551,0.37356894935162754,short-term,0.37356894935162754
109943,111924,0.0,0.6080191628161914,0.3040095814080957,short-term,0.3040095814080957
