low,high,recent_strength,all_strength,avg_strength,zone_type,strength
100764,101890,1.0,0.49874638984649616,0.749373194923248,short-term,0.749373194923248
110899,112025,0.0,1.0,0.5,short-term,0.5
109773,110899,0.0,0.9679274078454383,0.48396370392271915,short-term,0.48396370392271915
113151,114277,0.0,0.8927881746825507,0.44639408734127534,short-term,0.44639408734127534
107521,108647,0.0,0.8471382844578096,0.4235691422289048,short-term,0.4235691422289048
106395,107521,0.0,0.6037169482022873,0.30185847410114364,short-term,0.30185847410114364
