low,high,recent_strength,all_strength,avg_strength,zone_type,strength
90111,92087,1.0,0.9562064048924402,0.9781032024462202,persistent,0.9781032024462202
86159,88135,0.0,1.0,0.5,short-term,0.5
88135,90111,0.0,0.7373184475131093,0.36865922375655463,short-term,0.36865922375655463
92087,94063,0.05361490335347258,0.6330019374883639,0.34330842042091825,short-term,0.34330842042091825
109869,111845,0.0,0.6058409465632649,0.30292047328163246,short-term,0.30292047328163246
