low,high,recent_strength,all_strength,avg_strength,zone_type,strength
66661,68537,1.0,0.4822521024727558,0.7411260512363779,persistent,0.7411260512363779
89171,91046,0.0,1.0,0.5,short-term,0.5
87295,89171,0.0,0.9100438495546453,0.4550219247773227,short-term,0.4550219247773227
91046,92922,0.0,0.8397156463971619,0.41985782319858095,short-term,0.41985782319858095
85419,87295,0.0,0.6606234124406647,0.33031170622033235,short-term,0.33031170622033235
68537,70413,0.02132188027438677,0.5481021064670016,0.2847119933706942,short-term,0.2847119933706942
109804,111680,0.0,0.5268302450901395,0.26341512254506977,short-term,0.26341512254506977
