low,high,recent_strength,all_strength,avg_strength,zone_type,strength
66653,68525,1.0,0.5799421990393882,0.789971099519694,persistent,0.789971099519694
89113,90984,0.0,1.0,0.5,short-term,0.5
87241,89113,0.0,0.9192399528163107,0.45961997640815533,short-term,0.45961997640815533
90984,92856,0.0,0.8362521384289191,0.41812606921445955,short-term,0.41812606921445955
85369,87241,0.0,0.6355809726558403,0.3177904863279202,short-term,0.3177904863279202
68525,70396,0.0,0.5495716149980441,0.27478580749902204,short-term,0.27478580749902204
109700,111572,0.0,0.5157268683381194,0.2578634341690597,short-term,0.2578634341690597
