low,high,recent_strength,all_strength,avg_strength,zone_type,strength
62910,64840,1.0,0.18695881399597425,0.5934794069979872,short-term,0.5934794069979872
89934,91864,0.0,1.0,0.5,short-term,0.5
86073,88003,0.0,0.9795592447652003,0.48977962238260014,short-term,0.48977962238260014
88003,89934,0.0,0.8636264453392674,0.4318132226696337,short-term,0.4318132226696337
72561,74491,0.6858629817459333,0.12822812963096222,0.40704555568844775,short-term,0.40704555568844775
91864,93794,0.0,0.6996095047294661,0.3498047523647331,short-term,0.3498047523647331
109236,111166,0.0,0.45527226239964447,0.22763613119982223,short-term,0.22763613119982223
93794,95724,0.0,0.41025136048013433,0.20512568024006717,short-term,0.20512568024006717
111166,113097,0.0,0.40539435786209954,0.20269717893104977,short-term,0.20269717893104977
