low,high,recent_strength,all_strength,avg_strength,zone_type,strength
77446,79389,1.0,0.20202866642364695,0.6010143332118235,short-term,0.6010143332118235
89106,91050,0.0,1.0,0.5,short-term,0.5
87163,89106,0.0,0.9643143175753537,0.48215715878767684,short-term,0.48215715878767684
91050,92993,0.0,0.8690612340255075,0.43453061701275375,short-term,0.43453061701275375
85219,87163,0.0,0.5637798832648417,0.28188994163242087,short-term,0.28188994163242087
110484,112427,0.0,0.508849731955609,0.2544248659778045,short-term,0.2544248659778045
94937,96880,0.0,0.3988042482218528,0.1994021241109264,short-term,0.1994021241109264
