low,high,recent_strength,all_strength,avg_strength,zone_type,strength
86221,88227,1.0,1.0,1.0,persistent,1.0
88227,90234,0.5855207871437262,0.677770802160671,0.6316457946521986,short-term,0.6316457946521986
90234,92240,0.0,0.8045352719075114,0.4022676359537557,short-term,0.4022676359537557
110298,112305,0.0,0.6632321237683779,0.33161606188418896,short-term,0.33161606188418896
92240,94247,0.0,0.5729785353470647,0.28648926767353233,short-term,0.28648926767353233
