low,high,recent_strength,all_strength,avg_strength,zone_type,strength
66644,68511,1.0,0.6422530842479147,0.8211265421239573,persistent,0.8211265421239573
89048,90915,0.0,1.0,0.5,short-term,0.5
87181,89048,0.0,0.9501310745750113,0.47506553728750567,short-term,0.47506553728750567
90915,92782,0.0,0.8394163191903647,0.4197081595951824,short-term,0.4197081595951824
85314,87181,0.0,0.5762325899185777,0.28811629495928887,short-term,0.28811629495928887
68511,70378,0.021449087726639057,0.5508863682220891,0.2861677279743641,short-term,0.2861677279743641
109586,111453,0.0,0.5028191181760957,0.25140955908804785,short-term,0.25140955908804785
