low,high,recent_strength,all_strength,avg_strength,zone_type,strength
64835,66760,1.0,0.18582235604084646,0.5929111780204233,short-term,0.5929111780204233
66760,68684,0.9477428681605282,0.17611181268249868,0.5619273404215135,short-term,0.5619273404215135
89858,91783,0.0,1.0,0.5,short-term,0.5
86008,87933,0.0,0.9133909464803123,0.45669547324015614,short-term,0.45669547324015614
87933,89858,0.0,0.8651267414770132,0.4325633707385066,short-term,0.4325633707385066
91783,93707,0.0,0.7032290989239729,0.35161454946198645,short-term,0.35161454946198645
111031,112956,0.0,0.43398095879315607,0.21699047939657803,short-term,0.21699047939657803
109106,111031,0.0,0.41858044132413585,0.20929022066206793,short-term,0.20929022066206793
93707,95632,0.0,0.38965099261623815,0.19482549630811907,short-term,0.19482549630811907
