low,high,recent_strength,all_strength,avg_strength,zone_type,strength
107121,108256,0.6736352895575276,0.591282046878499,0.6324586682180133,short-term,0.6324586682180133
100311,101446,1.0,0.19524406973833944,0.5976220348691698,short-term,0.5976220348691698
103716,104851,0.9343088047167732,0.24051232686326932,0.5874105657900213,short-term,0.5874105657900213
110526,111661,0.11379136609032599,1.0,0.556895683045163,short-term,0.556895683045163
109391,110526,0.2356774396295017,0.5873242112922599,0.4115008254608808,short-term,0.4115008254608808
112796,113931,0.0,0.7529736957465653,0.3764868478732826,short-term,0.3764868478732826
111661,112796,0.0,0.5965083602695556,0.2982541801347778,short-term,0.2982541801347778
