low,high,recent_strength,all_strength,avg_strength,zone_type,strength
105222,106339,1.0,0.4298360146119041,0.714918007305952,short-term,0.714918007305952
110806,111923,0.0,1.0,0.5,short-term,0.5
109690,110806,0.0,0.9522290746136156,0.4761145373068078,short-term,0.4761145373068078
107456,108573,0.0,0.8971667984607068,0.4485833992303534,short-term,0.4485833992303534
113040,114157,0.0,0.8866459194601295,0.44332295973006475,short-term,0.44332295973006475
111923,113040,0.0,0.7381206629394665,0.36906033146973327,short-term,0.36906033146973327
