low,high,recent_strength,all_strength,avg_strength,zone_type,strength
66671,68551,1.0,0.44078685729071226,0.7203934286453562,persistent,0.7203934286453562
89236,91116,0.0,1.0,0.5,short-term,0.5
87355,89236,0.0,0.917485214969068,0.458742607484534,short-term,0.458742607484534
91116,92997,0.0,0.8692874011885902,0.4346437005942951,short-term,0.4346437005942951
68551,70432,0.29282634627917103,0.5647036907502108,0.4287650185146909,short-term,0.4287650185146909
85475,87355,0.0,0.6633271029390757,0.33166355146953785,short-term,0.33166355146953785
109920,111801,0.0,0.5321211030117114,0.2660605515058557,short-term,0.2660605515058557
