low,high,recent_strength,all_strength,avg_strength,zone_type,strength
86199,88195,1.0,1.0,1.0,persistent,1.0
88195,90190,0.8328170941080186,0.6761398629331091,0.7544784785205638,short-term,0.7544784785205638
90190,92186,0.0,0.7535138138993167,0.37675690694965835,short-term,0.37675690694965835
110146,112142,0.0,0.6374802004582855,0.31874010022914273,short-term,0.31874010022914273
92186,94181,0.0,0.49246652926664475,0.24623326463332237,short-term,0.24623326463332237
