low,high,recent_strength,all_strength,avg_strength,zone_type,strength
88075,90031,1.0,0.868599650930003,0.9342998254650015,persistent,0.9342998254650015
86119,88075,0.38765978532110235,1.0,0.6938298926605512,short-term,0.6938298926605512
90031,91986,0.16003488423447015,0.9769595703138766,0.5684972272741734,short-term,0.5684972272741734
91986,93942,0.0,0.6309680572471933,0.31548402862359665,short-term,0.31548402862359665
109587,111543,0.0,0.5234353015349217,0.26171765076746084,short-term,0.26171765076746084
