low,high,recent_strength,all_strength,avg_strength,zone_type,strength
66637,68501,1.0,0.6780218900123353,0.8390109450061676,persistent,0.8390109450061676
89002,90866,0.0,1.0,0.5,short-term,0.5
87138,89002,0.0,0.9679505534641146,0.4839752767320573,short-term,0.4839752767320573
90866,92729,0.0,0.871057842252378,0.435528921126189,short-term,0.435528921126189
68501,70365,0.021532887370975667,0.5531027361259334,0.28731781174845455,short-term,0.28731781174845455
85275,87138,0.0,0.5635467038126604,0.2817733519063302,short-term,0.2817733519063302
109503,111367,0.0,0.4994994754849798,0.2497497377424899,short-term,0.2497497377424899
