low,high,recent_strength,all_strength,avg_strength,zone_type,strength
90082,92050,0.9151352664393698,1.0,0.957567633219685,short-term,0.957567633219685
92050,94018,1.0,0.6733109789864152,0.8366554894932077,persistent,0.8366554894932077
86145,88113,0.0,0.9273994514627173,0.46369972573135865,short-term,0.46369972573135865
88113,90082,0.12785349112978736,0.663489009621097,0.3956712503754422,short-term,0.3956712503754422
109766,111734,0.0,0.5532224246081562,0.2766112123040781,short-term,0.2766112123040781
