low,high,recent_strength,all_strength,avg_strength,zone_type,strength
86290,88331,1.0,0.6764251400413627,0.8382125700206813,persistent,0.8382125700206813
88331,90372,0.5960106642953846,0.6176131644367754,0.60681191436608,short-term,0.60681191436608
90372,92414,0.0,1.0,0.5,short-term,0.5
110784,112825,0.0,0.7535910554302764,0.3767955277151382,short-term,0.3767955277151382
92414,94455,0.0,0.6003671047576744,0.3001835523788372,short-term,0.3001835523788372
