low,high,recent_strength,all_strength,avg_strength,zone_type,strength
90144,92128,1.0,0.7968436034540947,0.8984218017270473,persistent,0.8984218017270473
92128,94113,0.9994083750085959,0.5338873064800117,0.7666478407443038,short-term,0.7666478407443038
88160,90144,0.39391133923323784,0.7576583072090382,0.575784823221138,short-term,0.575784823221138
86176,88160,0.0,1.0,0.5,short-term,0.5
109986,111970,0.0,0.6044176601522528,0.3022088300761264,short-term,0.3022088300761264
