low,high,recent_strength,all_strength,avg_strength,zone_type,strength
68644,70556,1.0,0.3470542078756309,0.6735271039378155,short-term,0.6735271039378155
89671,91582,0.0,1.0,0.5,short-term,0.5
87759,89671,0.0,0.9014435798375111,0.45072178991875556,short-term,0.45072178991875556
85848,87759,0.0,0.8435809620354626,0.4217904810177313,short-term,0.4217904810177313
91582,93494,0.0,0.7232598869455468,0.3616299434727734,short-term,0.3616299434727734
110697,112608,0.0,0.47887424229203107,0.23943712114601554,short-term,0.23943712114601554
93494,95405,0.0,0.3884683058236982,0.1942341529118491,short-term,0.1942341529118491
112608,114520,0.0,0.38044012569643276,0.19022006284821638,short-term,0.19022006284821638
