low,high,recent_strength,all_strength,avg_strength,zone_type,strength
90102,92075,1.0,1.0,1.0,persistent,1.0
92075,94049,0.7177871747968988,0.6650656905369632,0.691426432666931,short-term,0.691426432666931
86155,88128,0.0,0.9844734995418538,0.4922367497709269,short-term,0.4922367497709269
88128,90102,0.0,0.7222684316412308,0.3611342158206154,short-term,0.3611342158206154
109836,111810,0.0,0.6004556351446808,0.3002278175723404,short-term,0.3002278175723404
