low,high,recent_strength,all_strength,avg_strength,zone_type,strength
83597,85547,0.927390787705833,0.36186100331707155,0.6446258955114523,short-term,0.6446258955114523
81648,83597,1.0,0.21053254563371815,0.6052662728168591,short-term,0.6052662728168591
89445,91394,0.0,1.0,0.5,short-term,0.5
87496,89445,0.024509909282705317,0.905167033170437,0.4648384712265712,short-term,0.4648384712265712
91394,93343,0.0,0.7799079985007032,0.3899539992503516,short-term,0.3899539992503516
85547,87496,0.03265972383182647,0.7152059627562789,0.3739328432940527,short-term,0.3739328432940527
110886,112835,0.0,0.4429407330743354,0.2214703665371677,short-term,0.2214703665371677
