low,high,recent_strength,all_strength,avg_strength,zone_type,strength
86449,87509,1.0,0.7369178322267852,0.8684589161133927,persistent,0.8684589161133927
90690,91750,0.8812331705789312,0.6493424931757396,0.7652878318773354,short-term,0.7652878318773354
110834,111894,0.0,1.0,0.5,short-term,0.5
109774,110834,0.0,0.9950751779296929,0.49753758896484646,short-term,0.49753758896484646
101292,102352,0.0,0.9324601558157455,0.46623007790787274,short-term,0.46623007790787274
112954,114014,0.0,0.8646984493622527,0.43234922468112635,short-term,0.43234922468112635
107653,108713,0.0,0.8080947939168538,0.4040473969584269,short-term,0.4040473969584269
111894,112954,0.0,0.7240200060507063,0.36201000302535313,short-term,0.36201000302535313
106593,107653,0.0,0.7202487602249578,0.3601243801124789,short-term,0.3601243801124789
