low,high,recent_strength,all_strength,avg_strength,zone_type,strength
86124,88082,1.0,1.0,1.0,persistent,1.0
88082,90039,0.446582431508548,0.8246317927763182,0.635607112142433,short-term,0.635607112142433
90039,91997,0.0,0.9621199448652419,0.48105997243262094,short-term,0.48105997243262094
91997,93955,0.0,0.6361214628274641,0.31806073141373203,short-term,0.31806073141373203
109619,111577,0.0,0.5235367640359747,0.26176838201798736,short-term,0.26176838201798736
