low,high,recent_strength,all_strength,avg_strength,zone_type,strength
88426,90499,1.0,0.4749609589807206,0.7374804794903603,short-term,0.7374804794903603
90499,92572,0.12341077081222769,1.0,0.5617053854061138,short-term,0.5617053854061138
109154,111226,0.0,0.8645793324010574,0.4322896662005287,short-term,0.4322896662005287
111226,113299,0.0,0.7463325279408793,0.37316626397043967,short-term,0.37316626397043967
113299,115372,0.0,0.7054967662382297,0.35274838311911483,short-term,0.35274838311911483
107081,109154,0.0,0.6940293077401446,0.3470146538700723,short-term,0.3470146538700723
