low,high,recent_strength,all_strength,avg_strength,zone_type,strength
86217,88222,1.0,1.0,1.0,persistent,1.0
88222,90227,0.6369865057128963,0.6673588065792612,0.6521726561460788,short-term,0.6521726561460788
90227,92232,0.0,0.8028711807221934,0.4014355903610967,short-term,0.4014355903610967
110275,112280,0.0,0.6499936621585445,0.32499683107927224,short-term,0.32499683107927224
92232,94237,0.0,0.5680007330593532,0.2840003665296766,short-term,0.2840003665296766
