low,high,recent_strength,all_strength,avg_strength,zone_type,strength
100760,101882,1.0,0.6105123482620274,0.8052561741310137,short-term,0.8052561741310137
110857,111979,0.0,1.0,0.5,short-term,0.5
109735,110857,0.0,0.9426680114851812,0.4713340057425906,short-term,0.4713340057425906
107491,108613,0.0,0.8660927080663693,0.43304635403318464,short-term,0.43304635403318464
113101,114223,0.0,0.8646799542899337,0.43233997714496686,short-term,0.43233997714496686
111979,113101,0.0,0.6604170983752894,0.3302085491876447,short-term,0.3302085491876447
