low,high,recent_strength,all_strength,avg_strength,zone_type,strength
90448,92507,0.7872261506635491,1.0,0.8936130753317746,short-term,0.8936130753317746
92507,94567,1.0,0.5086152968902632,0.7543076484451317,short-term,0.7543076484451317
111047,113107,0.0,0.6720809488215316,0.3360404744107658,short-term,0.3360404744107658
108987,111047,0.0,0.6623021346983503,0.33115106734917515,short-term,0.33115106734917515
100747,102807,0.0,0.5985213363180395,0.29926066815901975,short-term,0.29926066815901975
106927,108987,0.0,0.5975988223999148,0.2987994111999574,short-term,0.2987994111999574
