low,high,recent_strength,all_strength,avg_strength,zone_type,strength
88072,90026,1.0,0.862566897027643,0.9312834485138215,persistent,0.9312834485138215
86117,88072,0.5325431308114477,1.0,0.7662715654057238,short-term,0.7662715654057238
90026,91981,0.18920945249594356,0.9659526967721846,0.5775810746340642,short-term,0.5775810746340642
91981,93935,0.0,0.6294156451584989,0.31470782257924945,short-term,0.31470782257924945
109572,111527,0.0,0.520153718638915,0.2600768593194575,short-term,0.2600768593194575
