low,high,recent_strength,all_strength,avg_strength,zone_type,strength
77444,79386,1.0,0.23506840639803162,0.6175342031990159,short-term,0.6175342031990159
89097,91039,0.0,1.0,0.5,short-term,0.5
87155,89097,0.0,0.9695473143530543,0.48477365717652715,short-term,0.48477365717652715
91039,92981,0.0,0.8752805915574924,0.4376402957787462,short-term,0.4376402957787462
85213,87155,0.0,0.5635271719804958,0.2817635859902479,short-term,0.2817635859902479
110460,112402,0.0,0.5153394041510404,0.2576697020755202,short-term,0.2576697020755202
112402,114344,0.0,0.3969618508171924,0.1984809254085962,short-term,0.1984809254085962
