low,high,recent_strength,all_strength,avg_strength,zone_type,strength
94035,96007,1.0,0.4219269404757952,0.7109634702378976,short-term,0.7109634702378976
90093,92064,0.0,1.0,0.5,short-term,0.5
86150,88122,0.0,0.9854800290042884,0.4927400145021442,short-term,0.4927400145021442
88122,90093,0.0,0.7226648616836692,0.3613324308418346,short-term,0.3613324308418346
92064,94035,0.0,0.6657456562366906,0.3328728281183453,short-term,0.3328728281183453
109806,111777,0.0,0.5918103410561444,0.2959051705280722,short-term,0.2959051705280722
