low,high,recent_strength,all_strength,avg_strength,zone_type,strength
90547,92632,1.0,1.0,1.0,persistent,1.0
109310,111395,0.0,0.9403889238420744,0.4701944619210372,short-term,0.4701944619210372
111395,113479,0.0,0.8494107646042606,0.4247053823021303,short-term,0.4247053823021303
107225,109310,0.0,0.7295439177079824,0.3647719588539912,short-term,0.3647719588539912
100971,103055,0.0,0.6910709179088103,0.34553545895440513,short-term,0.34553545895440513
