low,high,recent_strength,all_strength,avg_strength,zone_type,strength
90451,92512,0.9166516270725964,1.0,0.9583258135362982,short-term,0.9583258135362982
92512,94573,1.0,0.5037306861982288,0.7518653430991145,short-term,0.7518653430991145
111061,113122,0.0,0.6657512282610184,0.3328756141305092,short-term,0.3328756141305092
109000,111061,0.0,0.6643113754848108,0.3321556877424054,short-term,0.3321556877424054
106939,109000,0.0,0.5956639105615825,0.29783195528079126,short-term,0.29783195528079126
113122,115182,0.0,0.5909196533826305,0.29545982669131526,short-term,0.29545982669131526
