low,high,recent_strength,all_strength,avg_strength,zone_type,strength
90105,92080,1.0,1.0,1.0,persistent,1.0
86157,88131,0.0,0.9939857247625908,0.4969928623812954,short-term,0.4969928623812954
92080,94054,0.1787612673451093,0.6399153917716783,0.40933832955839383,short-term,0.40933832955839383
88131,90105,0.0,0.7315827231829575,0.36579136159147874,short-term,0.36579136159147874
109849,111823,0.0,0.603653856886942,0.301826928443471,short-term,0.301826928443471
