low,high,recent_strength,all_strength,avg_strength,zone_type,strength
88023,89976,0.46479510040174804,0.9005082577915244,0.6826516790966363,short-term,0.6826516790966363
82165,84118,1.0,0.29327299390711936,0.6466364969535596,short-term,0.6466364969535596
89976,91928,0.15561366213201303,0.9821823916994775,0.5688980269157453,short-term,0.5688980269157453
86070,88023,0.1272985506191115,1.0,0.5636492753095558,short-term,0.5636492753095558
91928,93881,0.0,0.6864331369399743,0.34321656846998716,short-term,0.34321656846998716
109502,111455,0.0,0.5216789537505347,0.2608394768752674,short-term,0.2608394768752674
