low,high,recent_strength,all_strength,avg_strength,zone_type,strength
88097,90060,1.0,0.8107820904149503,0.9053910452074752,persistent,0.9053910452074752
90060,92024,0.16745626634574723,1.0,0.5837281331728736,short-term,0.5837281331728736
86134,88097,0.0,0.939806793825943,0.4699033969129715,short-term,0.4699033969129715
92024,93987,0.0,0.6859480969778776,0.3429740484889388,short-term,0.3429740484889388
109692,111655,0.0,0.5483643223090535,0.27418216115452676,short-term,0.27418216115452676
