low,high,recent_strength,all_strength,avg_strength,zone_type,strength
90441,92499,0.8961462000839662,1.0,0.9480731000419831,short-term,0.9480731000419831
92499,94557,1.0,0.5209054372876963,0.7604527186438481,short-term,0.7604527186438481
111024,113082,0.0,0.6680173033174795,0.3340086516587398,short-term,0.3340086516587398
108965,111024,0.0,0.6356103675540212,0.3178051837770106,short-term,0.3178051837770106
100732,102791,0.0,0.5833677997337569,0.2916838998668784,short-term,0.2916838998668784
106907,108965,0.0,0.5814189646518534,0.2907094823259267,short-term,0.2907094823259267
