low,high,recent_strength,all_strength,avg_strength,zone_type,strength
100311,101444,1.0,0.27474440961402696,0.6373722048070135,short-term,0.6373722048070135
107107,108240,0.4916063624968428,0.6072092376838264,0.5494078000903346,short-term,0.5494078000903346
110505,111638,0.0,1.0,0.5,short-term,0.5
101444,102577,0.7250563305116291,0.19920517346333033,0.4621307519874797,short-term,0.4621307519874797
112771,113903,0.0,0.8423742383483672,0.4211871191741836,short-term,0.4211871191741836
108240,109373,0.04177907136412174,0.5883948349180984,0.31508695314111007,short-term,0.31508695314111007
109373,110505,0.0,0.6072615357059066,0.3036307678529533,short-term,0.3036307678529533
