low,high,recent_strength,all_strength,avg_strength,zone_type,strength
66658,68532,1.0,0.4924044463994717,0.7462022231997358,persistent,0.7462022231997358
89147,91021,0.0,1.0,0.5,short-term,0.5
87273,89147,0.0,0.9154930718728127,0.45774653593640635,short-term,0.45774653593640635
91021,92895,0.0,0.8366258078717044,0.4183129039358522,short-term,0.4183129039358522
85399,87273,0.0,0.643216370745839,0.3216081853729195,short-term,0.3216081853729195
68532,70406,0.0,0.5518483113260041,0.27592415566300205,short-term,0.27592415566300205
109762,111636,0.0,0.5153472779724841,0.25767363898624207,short-term,0.25767363898624207
