low,high,recent_strength,all_strength,avg_strength,zone_type,strength
68660,70577,1.0,0.2436972816848669,0.6218486408424334,short-term,0.6218486408424334
89745,91662,0.0,1.0,0.5,short-term,0.5
87828,89745,0.0,0.9047274535952123,0.45236372679760617,short-term,0.45236372679760617
85912,87828,0.0,0.866115767427714,0.433057883713857,short-term,0.433057883713857
91662,93579,0.0,0.7222030210606221,0.36110151053031103,short-term,0.36110151053031103
110830,112747,0.0,0.4297020588541785,0.21485102942708925,short-term,0.21485102942708925
108913,110830,0.0,0.40045173495131525,0.20022586747565763,short-term,0.20022586747565763
93579,95496,0.0,0.38718685348375703,0.19359342674187852,short-term,0.19359342674187852
