low,high,recent_strength,all_strength,avg_strength,zone_type,strength
68651,70564,1.0,0.3060880565293345,0.6530440282646672,short-term,0.6530440282646672
89701,91615,0.0,1.0,0.5,short-term,0.5
87787,89701,0.0,0.899091125866295,0.4495455629331475,short-term,0.4495455629331475
85874,87787,0.0,0.8516106458145418,0.4258053229072709,short-term,0.4258053229072709
91615,93528,0.0,0.7173653778624087,0.35868268893120436,short-term,0.35868268893120436
110751,112665,0.0,0.47266766598754545,0.23633383299377272,short-term,0.23633383299377272
93528,95442,0.0,0.3821309787911065,0.19106548939555326,short-term,0.19106548939555326
112665,114578,0.0,0.37657201907674354,0.18828600953837177,short-term,0.18828600953837177
