low,high,recent_strength,all_strength,avg_strength,zone_type,strength
86459,87522,1.0,0.7409606370876441,0.8704803185438221,persistent,0.8704803185438221
109843,110906,0.0,1.0,0.5,short-term,0.5
110906,111968,0.0,0.9129412504549198,0.4564706252274599,short-term,0.4564706252274599
101340,102403,0.0,0.8981672370192275,0.44908361850961376,short-term,0.44908361850961376
113031,114094,0.0,0.8664037085749331,0.43320185428746655,short-term,0.43320185428746655
107717,108780,0.0,0.7483499767473198,0.3741749883736599,short-term,0.3741749883736599
111968,113031,0.0,0.720956288052329,0.3604781440261645,short-term,0.3604781440261645
106654,107717,0.0,0.7152696294358132,0.3576348147179066,short-term,0.3576348147179066
121534,122597,0.0,0.5805295168053367,0.29026475840266835,short-term,0.29026475840266835
