low,high,recent_strength,all_strength,avg_strength,zone_type,strength
84305,86402,1.0,0.4382100524281198,0.7191050262140599,short-term,0.7191050262140599
90596,92693,0.5240675950965863,0.7495098718261185,0.6367887334613525,short-term,0.6367887334613525
109469,111566,0.0,1.0,0.5,short-term,0.5
111566,113663,0.0,0.8130478462073759,0.40652392310368796,short-term,0.40652392310368796
107372,109469,0.0,0.7443063328839229,0.37215316644196145,short-term,0.37215316644196145
101081,103178,0.0,0.7190861612147708,0.3595430806073854,short-term,0.3595430806073854
