low,high,recent_strength,all_strength,avg_strength,zone_type,strength
100759,101880,1.0,0.6670760639232783,0.8335380319616392,short-term,0.8335380319616392
109724,110845,0.0,1.0,0.5,short-term,0.5
110845,111966,0.0,0.9996876396711329,0.49984381983556647,short-term,0.49984381983556647
107483,108604,0.0,0.942011206313789,0.4710056031568945,short-term,0.4710056031568945
113087,114207,0.0,0.9210147136474359,0.46050735682371796,short-term,0.46050735682371796
111966,113087,0.0,0.7756807571328299,0.38784037856641496,short-term,0.38784037856641496
