low,high,recent_strength,all_strength,avg_strength,zone_type,strength
88076,90031,1.0,0.8734134354978093,0.9367067177489046,persistent,0.9367067177489046
86120,88076,0.3652465823395204,1.0,0.6826232911697602,short-term,0.6826232911697602
90031,91987,0.15894189459571167,0.9840203033254526,0.5714810989605822,short-term,0.5714810989605822
91987,93943,0.0,0.6367062937150494,0.3183531468575247,short-term,0.3183531468575247
109591,111546,0.0,0.5267323143427489,0.26336615717137446,short-term,0.26336615717137446
