low,high,recent_strength,all_strength,avg_strength,zone_type,strength
90125,92105,1.0,0.8976717455407532,0.9488358727703766,persistent,0.9488358727703766
92105,94084,0.5405930757840797,0.6225282259761931,0.5815606508801363,short-term,0.5815606508801363
86167,88146,0.0,1.0,0.5,short-term,0.5
88146,90125,0.19359178429493562,0.7614160750298498,0.4775039296623927,short-term,0.4775039296623927
109919,111898,0.0,0.6082938035519776,0.3041469017759888,short-term,0.3041469017759888
