low,high,recent_strength,all_strength,avg_strength,zone_type,strength
69564,71497,1.0,0.12639171321656256,0.5631958566082813,short-term,0.5631958566082813
86964,88897,0.0,1.0,0.5,short-term,0.5
88897,90831,0.0,0.9226496615395609,0.4613248307697804,short-term,0.4613248307697804
90831,92764,0.0,0.8718672706015776,0.4359336353007888,short-term,0.4359336353007888
110164,112098,0.0,0.5180243848783461,0.25901219243917306,short-term,0.25901219243917306
92764,94697,0.0,0.44958463737802984,0.22479231868901492,short-term,0.22479231868901492
85030,86964,0.0,0.4469098830542834,0.2234549415271417,short-term,0.2234549415271417
