low,high,recent_strength,all_strength,avg_strength,zone_type,strength
68625,70530,0.8959407645295564,0.38088456930379244,0.6384126669166744,short-term,0.6384126669166744
66720,68625,1.0,0.2527644415813858,0.6263822207906928,short-term,0.6263822207906928
89579,91484,0.0,1.0,0.5,short-term,0.5
87674,89579,0.0,0.8635783257226287,0.43178916286131436,short-term,0.43178916286131436
85769,87674,0.0,0.8126500832049589,0.40632504160247945,short-term,0.40632504160247945
91484,93389,0.0,0.727168631053165,0.3635843155265825,short-term,0.3635843155265825
110534,112439,0.0,0.4891164823053564,0.2445582411526782,short-term,0.2445582411526782
112439,114344,0.0,0.39270784344820037,0.19635392172410018,short-term,0.19635392172410018
