low,high,recent_strength,all_strength,avg_strength,zone_type,strength
92115,94097,1.0,0.6278227928590935,0.8139113964295468,persistent,0.8139113964295468
90134,92115,0.34981765627357553,0.8302491438310091,0.5900334000522923,short-term,0.5900334000522923
86171,88152,0.0,1.0,0.5,short-term,0.5
88152,90134,0.0,0.7463551136034292,0.3731775568017146,short-term,0.3731775568017146
109949,111930,0.0,0.6047790766458161,0.30238953832290805,short-term,0.30238953832290805
