low,high,recent_strength,all_strength,avg_strength,zone_type,strength
101877,102997,1.0,0.5120661033499536,0.7560330516749768,short-term,0.7560330516749768
105236,106355,0.9520177428934979,0.32825476956994076,0.6401362562317193,short-term,0.6401362562317193
109714,110834,0.0,1.0,0.5,short-term,0.5
110834,111953,0.0,0.9997684135184651,0.49988420675923256,short-term,0.49988420675923256
107475,108594,0.0,0.9608519273898101,0.48042596369490503,short-term,0.48042596369490503
113073,114192,0.0,0.9195009377119445,0.45975046885597226,short-term,0.45975046885597226
111953,113073,0.0,0.7782233746392064,0.3891116873196032,short-term,0.3891116873196032
