low,high,recent_strength,all_strength,avg_strength,zone_type,strength
95485,96592,1.0,0.2014298560845478,0.6007149280422739,short-term,0.6007149280422739
94377,95485,0.9727097037415966,0.19593277563671296,0.5843212396891548,short-term,0.5843212396891548
101020,102128,0.3120289229384397,0.7859731452419181,0.5490010340901789,short-term,0.5490010340901789
109878,110985,0.0,1.0,0.5,short-term,0.5
110985,112092,0.0,0.9837442867675518,0.4918721433837759,short-term,0.4918721433837759
113199,114306,0.0,0.8312513021672905,0.41562565108364524,short-term,0.41562565108364524
107663,108770,0.0,0.759381032692443,0.3796905163462215,short-term,0.3796905163462215
106556,107663,0.0,0.6865433417518462,0.3432716708759231,short-term,0.3432716708759231
