low,high,recent_strength,all_strength,avg_strength,zone_type,strength
90434,92490,1.0,1.0,1.0,persistent,1.0
110999,113055,0.0,0.6672980700093558,0.3336490350046779,short-term,0.3336490350046779
108942,110999,0.0,0.6238484258329237,0.31192421291646183,short-term,0.31192421291646183
100716,102773,0.0,0.5741039870634709,0.28705199353173544,short-term,0.28705199353173544
113055,115112,0.0,0.5653521092495689,0.28267605462478446,short-term,0.28267605462478446
