low,high,recent_strength,all_strength,avg_strength,zone_type,strength
2961,3031,1.0,1.0,1.0,persistent,1.0
3031,3101,0.3487517251916874,0.94611640219777,0.6474340636947287,short-term,0.6474340636947287
3800,3869,0.0,0.8726942745521004,0.4363471372760502,short-term,0.4363471372760502
3101,3171,0.0,0.8535616144225551,0.42678080721127754,short-term,0.42678080721127754
3171,3240,0.0,0.7750319480542953,0.38751597402714766,short-term,0.38751597402714766
3939,4009,0.0,0.7652752574883214,0.3826376287441607,short-term,0.3826376287441607
