low,high,recent_strength,all_strength,avg_strength,zone_type,strength
3160,3229,1.0,0.6905991328529129,0.8452995664264564,persistent,0.8452995664264564
3092,3160,0.5937325824779436,0.7377028825136803,0.6657177324958119,short-term,0.6657177324958119
2955,3024,0.0,1.0,0.5,short-term,0.5
3024,3092,0.0,0.8749410063722545,0.43747050318612724,short-term,0.43747050318612724
2887,2955,0.0,0.7544668576909587,0.37723342884547933,short-term,0.37723342884547933
3845,3913,0.0,0.6678352351158777,0.33391761755793886,short-term,0.33391761755793886
3913,3981,0.0,0.5480508718709637,0.27402543593548184,short-term,0.27402543593548184
