low,high,recent_strength,all_strength,avg_strength,zone_type,strength
3114,3186,1.0,0.5913022883282597,0.7956511441641299,persistent,0.7956511441641299
2970,3042,0.6795486180025514,0.8886855073821783,0.7841170626923648,short-term,0.7841170626923648
3834,3906,0.0,1.0,0.5,short-term,0.5
3186,3258,0.28244499734170725,0.687620650049298,0.4850328236955026,short-term,0.4850328236955026
3906,3978,0.0,0.7465001643902319,0.37325008219511596,short-term,0.37325008219511596
3978,4050,0.0,0.5885103945049128,0.2942551972524564,short-term,0.2942551972524564
