low,high,recent_strength,all_strength,avg_strength,zone_type,strength
2962,3032,1.0,1.0,1.0,persistent,1.0
2892,2962,0.8273847715802927,0.7832269605028493,0.8053058660415711,short-term,0.8053058660415711
3032,3102,0.0,0.9823897673415781,0.49119488367078906,short-term,0.49119488367078906
3803,3873,0.0,0.977205728237578,0.488602864118789,short-term,0.488602864118789
3102,3172,0.0,0.8974433254506223,0.44872166272531117,short-term,0.44872166272531117
3172,3242,0.0,0.8137735235352663,0.40688676176763316,short-term,0.40688676176763316
