low,high,recent_strength,all_strength,avg_strength,zone_type,strength
2956,3025,1.0,1.0,1.0,persistent,1.0
2888,2956,0.15144570878900762,0.7717185932421089,0.4615821510155583,short-term,0.4615821510155583
3025,3094,0.0,0.7876570560442686,0.3938285280221343,short-term,0.3938285280221343
3850,3919,0.0,0.6800439656497207,0.34002198282486035,short-term,0.34002198282486035
3163,3231,0.0,0.6280108383716143,0.31400541918580716,short-term,0.31400541918580716
3094,3163,0.0,0.6274904412475866,0.3137452206237933,short-term,0.3137452206237933
3919,3988,0.0,0.5365720254389246,0.2682860127194623,short-term,0.2682860127194623
