low,high,recent_strength,all_strength,avg_strength,zone_type,strength
2957,3026,1.0,1.0,1.0,persistent,1.0
2888,2957,0.5963953188282111,0.8221601905174495,0.7092777546728303,short-term,0.7092777546728303
3026,3095,0.25471322022828524,0.8148330598617657,0.5347731400450255,short-term,0.5347731400450255
3852,3921,0.0,0.6798745942495538,0.3399372971247769,short-term,0.3399372971247769
3095,3163,0.0,0.6736023118048622,0.3368011559024311,short-term,0.3368011559024311
3163,3232,0.0,0.6545081846218567,0.32725409231092834,short-term,0.32725409231092834
3921,3990,0.0,0.5846080119864895,0.29230400599324474,short-term,0.29230400599324474
