low,high,recent_strength,all_strength,avg_strength,zone_type,strength
3294,3362,1.0,0.5509422338533888,0.7754711169266943,persistent,0.7754711169266943
3090,3158,0.24747781077412392,0.9690891769323315,0.6082834938532278,short-term,0.6082834938532278
3158,3226,0.23192548006381888,0.8118767959007276,0.5219011379822732,short-term,0.5219011379822732
2954,3022,0.0,1.0,0.5,short-term,0.5
3022,3090,0.0,0.9164937088125844,0.4582468544062922,short-term,0.4582468544062922
2886,2954,0.0,0.7665765717836094,0.3832882858918047,short-term,0.3832882858918047
3838,3906,0.0,0.6914967294315947,0.34574836471579734,short-term,0.34574836471579734
