low,high,recent_strength,all_strength,avg_strength,zone_type,strength
3181,3252,1.0,0.7983075508268983,0.8991537754134491,persistent,0.8991537754134491
3823,3895,0.0,1.0,0.5,short-term,0.5
3110,3181,0.21774510521383095,0.7277252746469338,0.4727351899303824,short-term,0.4727351899303824
2967,3038,0.0,0.8278856933687997,0.41394284668439985,short-term,0.41394284668439985
3895,3966,0.0,0.6810094520551223,0.34050472602756116,short-term,0.34050472602756116
3038,3110,0.0,0.6740067774053993,0.33700338870269964,short-term,0.33700338870269964
