low,high,recent_strength,all_strength,avg_strength,zone_type,strength
2957,3026,1.0,1.0,1.0,persistent,1.0
2888,2957,0.9682065868172368,0.8529541000171809,0.9105803434172088,short-term,0.9105803434172088
3026,3095,0.3080976736006095,0.8381260913413247,0.5731118824709671,short-term,0.5731118824709671
3853,3922,0.0,0.6961029346399025,0.34805146731995124,short-term,0.34805146731995124
3095,3164,0.0,0.6939508465554842,0.3469754232777421,short-term,0.3469754232777421
3164,3233,0.0,0.6696108231568726,0.3348054115784363,short-term,0.3348054115784363
