low,high,recent_strength,all_strength,avg_strength,zone_type,strength
3037,3108,1.0,0.8661325677682827,0.9330662838841414,persistent,0.9330662838841414
3108,3179,0.41004810537875525,0.7759596911807347,0.593003898279745,short-term,0.593003898279745
3818,3889,0.0,1.0,0.5,short-term,0.5
3179,3250,0.0,0.8413276942163358,0.4206638471081679,short-term,0.4206638471081679
2965,3037,0.0,0.8030698289379485,0.40153491446897427,short-term,0.40153491446897427
3889,3960,0.0,0.7116960587091761,0.35584802935458804,short-term,0.35584802935458804
