low,high,recent_strength,all_strength,avg_strength,zone_type,strength
3036,3107,1.0,0.861148861270092,0.9305744306350461,persistent,0.9305744306350461
3107,3178,0.7725331362027654,0.7828890849789547,0.7777111105908601,short-term,0.7777111105908601
3817,3888,0.0,1.0,0.5,short-term,0.5
3178,3249,0.0,0.8264217654220697,0.41321088271103484,short-term,0.41321088271103484
2965,3036,0.0,0.798448983961188,0.399224491980594,short-term,0.399224491980594
3888,3959,0.0,0.7037047830148219,0.35185239150741093,short-term,0.35185239150741093
