low,high,recent_strength,all_strength,avg_strength,zone_type,strength
3411,3450,0.9942661759774791,0.4950905953804838,0.7446783856789815,persistent,0.7446783856789815
3529,3568,1.0,0.3822040082946658,0.6911020041473329,short-term,0.6911020041473329
3844,3883,0.0,1.0,0.5,short-term,0.5
3804,3844,0.0,0.6608645611993618,0.3304322805996809,short-term,0.3304322805996809
3923,3962,0.0,0.6551427262293932,0.3275713631146966,short-term,0.3275713631146966
3962,4001,0.0,0.6230280945799951,0.31151404728999754,short-term,0.31151404728999754
4080,4120,0.0,0.6050416786443631,0.30252083932218155,short-term,0.30252083932218155
3883,3923,0.0,0.5731681237507819,0.2865840618753909,short-term,0.2865840618753909
4001,4041,0.0,0.47555093271409066,0.23777546635704533,short-term,0.23777546635704533
