low,high,recent_strength,all_strength,avg_strength,zone_type,strength
3115,3187,1.0,0.6064469328564471,0.8032234664282236,persistent,0.8032234664282236
3187,3259,0.4202592797981657,0.6766977928248554,0.5484785363115106,short-term,0.5484785363115106
3837,3909,0.0,1.0,0.5,short-term,0.5
3909,3982,0.0,0.7797208121041646,0.3898604060520823,short-term,0.3898604060520823
2970,3043,0.0,0.7775116623624367,0.38875583118121837,short-term,0.38875583118121837
3765,3837,0.0,0.5936464960805568,0.2968232480402784,short-term,0.2968232480402784
