low,high,recent_strength,all_strength,avg_strength,zone_type,strength
2962,3033,0.9510733845082063,0.9707352057465841,0.9609042951273952,short-term,0.9609042951273952
2892,2962,1.0,0.7695239811953352,0.8847619905976676,short-term,0.8847619905976676
3805,3875,0.0,1.0,0.5,short-term,0.5
3033,3103,0.0,0.9678076513579377,0.48390382567896884,short-term,0.48390382567896884
3103,3173,0.0,0.8998205482839465,0.44991027414197327,short-term,0.44991027414197327
3945,4016,0.0,0.827040874301303,0.4135204371506515,short-term,0.4135204371506515
3173,3243,0.0,0.8101079223676885,0.40505396118384424,short-term,0.40505396118384424
