low,high,recent_strength,all_strength,avg_strength,zone_type,strength
2956,3025,1.0,1.0,1.0,persistent,1.0
3025,3093,0.0,0.7796863394651838,0.3898431697325919,short-term,0.3898431697325919
2887,2956,0.0,0.7492012444699514,0.3746006222349757,short-term,0.3746006222349757
3849,3917,0.0,0.6291556110076757,0.31457780550383785,short-term,0.31457780550383785
3093,3162,0.0,0.6156553518502508,0.3078276759251254,short-term,0.3078276759251254
3162,3231,0.0,0.5871323451632544,0.2935661725816272,short-term,0.2935661725816272
3917,3986,0.0,0.5589072567540005,0.2794536283770003,short-term,0.2794536283770003
