low,high,recent_strength,all_strength,avg_strength,zone_type,strength
3037,3108,1.0,0.7901500419254515,0.8950750209627257,persistent,0.8950750209627257
3179,3250,0.7628437731908974,0.8127398773282895,0.7877918252595935,short-term,0.7877918252595935
3108,3179,0.33665467227498913,0.7384205648930835,0.5375376185840364,short-term,0.5375376185840364
3820,3891,0.0,1.0,0.5,short-term,0.5
2966,3037,0.0,0.7953555131212121,0.39767775656060605,short-term,0.39767775656060605
3891,3962,0.0,0.6737884078069358,0.3368942039034679,short-term,0.3368942039034679
