low,high,recent_strength,all_strength,avg_strength,zone_type,strength
3157,3225,1.0,0.9124504893909352,0.9562252446954675,persistent,0.9562252446954675
3089,3157,0.32612767105241364,0.9857536256984841,0.6559406483754489,short-term,0.6559406483754489
3293,3361,0.3548357237250278,0.6741405648572016,0.5144881442911147,short-term,0.5144881442911147
2953,3021,0.0,1.0,0.5,short-term,0.5
3021,3089,0.0,0.9142459071403733,0.4571229535701867,short-term,0.4571229535701867
2885,2953,0.0,0.7621999676048792,0.3810999838024396,short-term,0.3810999838024396
3836,3904,0.0,0.6998383808654561,0.34991919043272807,short-term,0.34991919043272807
