low,high,recent_strength,all_strength,avg_strength,zone_type,strength
3324,3396,1.0,0.5572049569826033,0.7786024784913017,short-term,0.7786024784913017
3182,3253,0.4300232130464395,0.7174639559392553,0.5737435844928473,short-term,0.5737435844928473
3825,3896,0.0,1.0,0.5,short-term,0.5
3110,3182,0.15167718026749888,0.6904791327010364,0.42107815648426766,short-term,0.42107815648426766
2967,3039,0.0,0.8345036213576054,0.4172518106788027,short-term,0.4172518106788027
3039,3110,0.07085873657165415,0.6608479863949775,0.3658533614833158,short-term,0.3658533614833158
3896,3968,0.0,0.6633149620227735,0.33165748101138676,short-term,0.33165748101138676
