low,high,recent_strength,all_strength,avg_strength,zone_type,strength
2889,2958,1.0,0.8675484039505853,0.9337742019752926,persistent,0.9337742019752926
2958,3027,0.409627839545587,1.0,0.7048139197727935,short-term,0.7048139197727935
3027,3097,0.0,0.8645235134543041,0.43226175672715206,short-term,0.43226175672715206
3097,3166,0.0,0.7523422159790972,0.3761711079895486,short-term,0.3761711079895486
3166,3235,0.0,0.7332740292622921,0.36663701463114606,short-term,0.36663701463114606
3858,3927,0.0,0.6833182173966535,0.3416591086983268,short-term,0.3416591086983268
