low,high,recent_strength,all_strength,avg_strength,zone_type,strength
2889,2958,1.0,0.8950042663926713,0.9475021331963356,persistent,0.9475021331963356
2958,3027,0.6312319335572284,1.0,0.8156159667786143,short-term,0.8156159667786143
3027,3096,0.40378160202529617,0.9099682614233886,0.6568749317243424,short-term,0.6568749317243424
3096,3165,0.0,0.7360578551874866,0.3680289275937433,short-term,0.3680289275937433
3165,3234,0.0,0.713573975984043,0.3567869879920215,short-term,0.3567869879920215
3855,3924,0.0,0.6718765053764414,0.3359382526882207,short-term,0.3359382526882207
