low,high,recent_strength,all_strength,avg_strength,zone_type,strength
2892,2963,1.0,0.7775233217481838,0.8887616608740919,short-term,0.8887616608740919
2963,3033,0.706535413169085,0.991196173115925,0.848865793142505,short-term,0.848865793142505
3806,3876,0.0,1.0,0.5,short-term,0.5
3033,3103,0.0,0.9457243487955563,0.47286217439777817,short-term,0.47286217439777817
3103,3173,0.0,0.907323701016853,0.4536618505084265,short-term,0.4536618505084265
3946,4017,0.0,0.8239399734863595,0.41196998674317975,short-term,0.41196998674317975
3173,3244,0.0,0.8168630064600226,0.4084315032300113,short-term,0.4084315032300113
