low,high,recent_strength,all_strength,avg_strength,zone_type,strength
2971,3044,0.9720657455559548,0.784818242827364,0.8784419941916595,persistent,0.8784419941916595
3044,3116,1.0,0.5385851209775732,0.7692925604887866,persistent,0.7692925604887866
3188,3261,0.3996355655535812,0.6594193342673523,0.5295274499104667,short-term,0.5295274499104667
3840,3913,0.0,1.0,0.5,short-term,0.5
3913,3985,0.0,0.8108219178202789,0.40541095891013945,short-term,0.40541095891013945
3768,3840,0.0,0.6008658994776636,0.3004329497388318,short-term,0.3004329497388318
