low,high,recent_strength,all_strength,avg_strength,zone_type,strength
2893,2963,1.0,0.6230905709036184,0.8115452854518093,short-term,0.8115452854518093
2963,3034,0.27250929277808844,0.888320405467193,0.5804148491226407,short-term,0.5804148491226407
3809,3879,0.0,1.0,0.5,short-term,0.5
3034,3104,0.0,0.886676603331722,0.443338301665861,short-term,0.443338301665861
3104,3175,0.0,0.864846033874072,0.432423016937036,short-term,0.432423016937036
3175,3245,0.0,0.8091669604973973,0.40458348024869867,short-term,0.40458348024869867
3950,4020,0.0,0.7341096888506918,0.3670548444253459,short-term,0.3670548444253459
