low,high,recent_strength,all_strength,avg_strength,zone_type,strength
2956,3024,0.7781640317082538,1.0,0.8890820158541268,short-term,0.8890820158541268
3024,3093,0.9106398826879647,0.8466377283009672,0.8786388054944659,short-term,0.8786388054944659
3093,3161,1.0,0.677229878968058,0.838614939484029,persistent,0.838614939484029
2887,2956,0.0,0.7580530993877139,0.37902654969385696,short-term,0.37902654969385696
3847,3916,0.0,0.6513145189123227,0.32565725945616136,short-term,0.32565725945616136
3161,3230,0.0,0.5940693469038044,0.2970346734519022,short-term,0.2970346734519022
3916,3984,0.0,0.5613374230196639,0.28066871150983197,short-term,0.28066871150983197
