low,high,recent_strength,all_strength,avg_strength,zone_type,strength
3090,3158,0.5880422745101977,0.9685539509360662,0.778298112723132,short-term,0.778298112723132
3294,3362,1.0,0.5353122254973188,0.7676561127486594,persistent,0.7676561127486594
3158,3226,0.25929781418829684,0.8118767959007244,0.5355873050445106,short-term,0.5355873050445106
2954,3022,0.0,1.0,0.5,short-term,0.5
3022,3090,0.0,0.9170289348088427,0.45851446740442137,short-term,0.45851446740442137
2886,2954,0.0,0.7665765717836097,0.38328828589180486,short-term,0.38328828589180486
3838,3906,0.0,0.6946871065030636,0.3473435532515318,short-term,0.3473435532515318
