low,high,recent_strength,all_strength,avg_strength,zone_type,strength
2893,2964,1.0,0.5623066133970012,0.7811533066985006,short-term,0.7811533066985006
3106,3176,0.2618290884207065,0.8435877063188408,0.5527083973697737,short-term,0.5527083973697737
2964,3035,0.24444342527576707,0.8486175546882265,0.5465304899819968,short-term,0.5465304899819968
3035,3106,0.19023271156398186,0.8560261980166641,0.523129454790323,short-term,0.523129454790323
3812,3883,0.0,1.0,0.5,short-term,0.5
3176,3247,0.0,0.8122745181153223,0.4061372590576611,short-term,0.4061372590576611
3883,3954,0.0,0.7065123683760197,0.35325618418800986,short-term,0.35325618418800986
