low,high,recent_strength,all_strength,avg_strength,zone_type,strength
2892,2962,1.0,0.7724552314454525,0.8862276157227262,short-term,0.8862276157227262
2962,3033,0.7938296037641558,0.963629387314852,0.878729495539504,short-term,0.878729495539504
3805,3876,0.0,1.0,0.5,short-term,0.5
3033,3103,0.0,0.9695167009358676,0.4847583504679338,short-term,0.4847583504679338
3103,3173,0.0,0.9014095395737968,0.4507047697868984,short-term,0.4507047697868984
3946,4016,0.0,0.8185693279084626,0.4092846639542313,short-term,0.4092846639542313
3173,3243,0.0,0.8115384903125274,0.4057692451562637,short-term,0.4057692451562637
