low,high,recent_strength,all_strength,avg_strength,zone_type,strength
2969,3041,1.0,0.927792704800999,0.9638963524004995,persistent,0.9638963524004995
3041,3112,0.5076308003817868,0.6206567885037947,0.5641437944427907,short-term,0.5641437944427907
3831,3903,0.0,1.0,0.5,short-term,0.5
3903,3975,0.0,0.7589757542218732,0.3794878771109366,short-term,0.3794878771109366
3184,3256,0.0,0.7017001997611273,0.35085009988056365,short-term,0.35085009988056365
3975,4046,0.0,0.6179649483949345,0.30898247419746727,short-term,0.30898247419746727
