low,high,recent_strength,all_strength,avg_strength,zone_type,strength
2884,2951,1.0,0.8150530314314753,0.9075265157157377,persistent,0.9075265157157377
2951,3019,0.2059446891637586,1.0,0.6029723445818793,short-term,0.6029723445818793
3086,3154,0.0,0.8256870798912184,0.4128435399456092,short-term,0.4128435399456092
3019,3086,0.0,0.8200306455810374,0.4100153227905187,short-term,0.4100153227905187
3154,3221,0.0,0.7456839758198294,0.3728419879099147,short-term,0.3728419879099147
3829,3896,0.0,0.660497442453612,0.330248721226806,short-term,0.330248721226806
3289,3356,0.0,0.5837296662842958,0.2918648331421479,short-term,0.2918648331421479
