low,high,recent_strength,all_strength,avg_strength,zone_type,strength
3294,3362,1.0,0.5436415636443065,0.7718207818221532,persistent,0.7718207818221532
3090,3158,0.422528354228348,0.9690891769323217,0.6958087655803349,short-term,0.6958087655803349
3158,3226,0.24395435683899316,0.8118767959007245,0.5279155763698589,short-term,0.5279155763698589
2954,3022,0.0,1.0,0.5,short-term,0.5
3022,3090,0.0,0.9164937088125776,0.4582468544062888,short-term,0.4582468544062888
2886,2954,0.0,0.7665765717836068,0.3832882858918034,short-term,0.3832882858918034
3838,3906,0.0,0.691496729431603,0.3457483647158015,short-term,0.3457483647158015
