low,high,recent_strength,all_strength,avg_strength,zone_type,strength
3177,3216,1.0,0.49738921181330614,0.748694605906653,persistent,0.748694605906653
3836,3875,0.0,1.0,0.5,short-term,0.5
3913,3952,0.0,0.677977917246787,0.3389889586233935,short-term,0.3389889586233935
3797,3836,0.0,0.5725446605741694,0.2862723302870847,short-term,0.2862723302870847
3952,3991,0.0,0.5670231678677772,0.2835115839338886,short-term,0.2835115839338886
3875,3913,0.0,0.5492944373833133,0.27464721869165665,short-term,0.27464721869165665
4068,4107,0.0,0.5230817914175941,0.26154089570879707,short-term,0.26154089570879707
3409,3448,0.0,0.5010347671278672,0.2505173835639336,short-term,0.2505173835639336
3991,4030,0.0,0.4366148551306896,0.2183074275653448,short-term,0.2183074275653448
