low,high,recent_strength,all_strength,avg_strength,zone_type,strength
2961,3031,1.0,1.0,1.0,persistent,1.0
3031,3101,0.021886287146432117,0.9155460161648306,0.46871615165563135,short-term,0.46871615165563135
3801,3871,0.0,0.9019188142967434,0.4509594071483717,short-term,0.4509594071483717
3101,3171,0.0,0.8613329002938878,0.4306664501469439,short-term,0.4306664501469439
3171,3241,0.0,0.7907107212924493,0.3953553606462247,short-term,0.3953553606462247
3941,4011,0.0,0.7743099349167842,0.3871549674583921,short-term,0.3871549674583921
