low,high,recent_strength,all_strength,avg_strength,zone_type,strength
3294,3362,1.0,0.6051028213280183,0.8025514106640091,persistent,0.8025514106640091
2954,3022,0.0,1.0,0.5,short-term,0.5
3090,3158,0.0,0.9596521689455875,0.47982608447279373,short-term,0.47982608447279373
3022,3090,0.0,0.9164937088125783,0.45824685440628915,short-term,0.45824685440628915
3158,3226,0.03944653841465214,0.8213138038874732,0.4303801711510627,short-term,0.4303801711510627
2886,2954,0.0,0.7665765717836107,0.38328828589180536,short-term,0.38328828589180536
3838,3906,0.0,0.6914967294316164,0.3457483647158082,short-term,0.3457483647158082
