low,high,recent_strength,all_strength,avg_strength,zone_type,strength
2953,3021,1.0,1.0,1.0,persistent,1.0
3156,3224,0.6732446225975715,0.8571309399640419,0.7651877812808067,short-term,0.7651877812808067
2885,2953,0.7607487817726922,0.767890172514101,0.7643194771433965,persistent,0.7643194771433965
3088,3156,0.4675085780666897,0.9187707370995005,0.6931396575830951,short-term,0.6931396575830951
3021,3088,0.4170229258042958,0.8899327932916521,0.653477859547974,short-term,0.653477859547974
3834,3902,0.0,0.6436594200757453,0.32182971003787264,short-term,0.32182971003787264
3292,3360,0.0,0.6206346502524944,0.3103173251262472,short-term,0.3103173251262472
