low,high,recent_strength,all_strength,avg_strength,zone_type,strength
2951,3018,1.0,1.0,1.0,persistent,1.0
2883,2951,0.9180424423799516,0.8221599297646998,0.8701011860723257,short-term,0.8701011860723257
3018,3085,0.4595307838206738,0.7807090689494796,0.6201199263850767,short-term,0.6201199263850767
3085,3153,0.0,0.7642472777588367,0.38212363887941836,short-term,0.38212363887941836
3153,3220,0.0,0.6920940986893759,0.34604704934468794,short-term,0.34604704934468794
3826,3893,0.0,0.6064755974029887,0.30323779870149437,short-term,0.30323779870149437
3287,3355,0.0,0.5333664224360892,0.2666832112180446,short-term,0.2666832112180446
