low,high,recent_strength,all_strength,avg_strength,zone_type,strength
2961,3031,1.0,1.0,1.0,persistent,1.0
3031,3101,0.3135461664469648,0.9297526580693806,0.6216494122581727,short-term,0.6216494122581727
3799,3869,0.0,0.8740090759333997,0.43700453796669986,short-term,0.43700453796669986
3101,3170,0.0,0.8290521613407776,0.4145260806703888,short-term,0.4145260806703888
3170,3240,0.0,0.7666251751270903,0.38331258756354514,short-term,0.38331258756354514
3939,4009,0.0,0.7519536630304818,0.3759768315152409,short-term,0.3759768315152409
