low,high,recent_strength,all_strength,avg_strength,zone_type,strength
2952,3020,1.0,1.0,1.0,persistent,1.0
2884,2952,0.9265296589337222,0.7646715401759216,0.8456005995548219,short-term,0.8456005995548219
3020,3087,0.0,0.8319697531780448,0.4159848765890224,short-term,0.4159848765890224
3087,3155,0.0,0.8313668396979743,0.41568341984898716,short-term,0.41568341984898716
3155,3223,0.0,0.7709047781463108,0.3854523890731554,short-term,0.3854523890731554
3831,3899,0.0,0.618688468634124,0.309344234317062,short-term,0.309344234317062
3290,3358,0.0,0.5756889216514768,0.2878444608257384,short-term,0.2878444608257384
