low,high,recent_strength,all_strength,avg_strength,zone_type,strength
3090,3158,1.0,0.9603122418029733,0.9801561209014866,persistent,0.9801561209014866
2954,3022,0.0,1.0,0.5,short-term,0.5
3022,3090,0.0,0.9108610113470897,0.45543050567354487,short-term,0.45543050567354487
3158,3226,0.023371264764237707,0.774740398827538,0.3990558317958878,short-term,0.3990558317958878
2886,2954,0.0,0.7638191585021183,0.3819095792510592,short-term,0.3819095792510592
3839,3907,0.0,0.6994568928760563,0.34972844643802814,short-term,0.34972844643802814
3907,3975,0.0,0.5129845929903553,0.25649229649517763,short-term,0.25649229649517763
