low,high,recent_strength,all_strength,avg_strength,zone_type,strength
2893,2963,1.0,0.6527414282409297,0.8263707141204648,short-term,0.8263707141204648
2963,3034,0.3917503034621999,0.9014079905959359,0.6465791470290679,short-term,0.6465791470290679
3808,3879,0.0,1.0,0.5,short-term,0.5
3034,3104,0.0,0.9006707291432977,0.45033536457164886,short-term,0.45033536457164886
3104,3174,0.0,0.8684457689045654,0.4342228844522827,short-term,0.4342228844522827
3174,3245,0.0,0.8118889218640706,0.4059444609320353,short-term,0.4059444609320353
3949,4020,0.0,0.7675735165288817,0.38378675826444086,short-term,0.38378675826444086
