low,high,recent_strength,all_strength,avg_strength,zone_type,strength
2961,3030,1.0,1.0,1.0,persistent,1.0
3030,3100,0.3030259771297966,0.9263825787904864,0.6147042779601415,short-term,0.6147042779601415
3798,3868,0.0,0.8320014805168587,0.41600074025842937,short-term,0.41600074025842937
3100,3170,0.0,0.8231587790997092,0.4115793895498546,short-term,0.4115793895498546
3170,3240,0.0,0.7611755600083682,0.3805877800041841,short-term,0.3805877800041841
3938,4008,0.0,0.7523995574889577,0.37619977874447885,short-term,0.37619977874447885
