low,high,recent_strength,all_strength,avg_strength,zone_type,strength
3156,3224,1.0,0.8769425563129719,0.9384712781564859,persistent,0.9384712781564859
2953,3021,0.6414438850384685,1.0,0.8207219425192342,persistent,0.8207219425192342
3088,3156,0.4248485859593068,0.9392958985810885,0.6820722422701977,short-term,0.6820722422701977
3021,3088,0.37896973157847513,0.9112137768951589,0.6450917542368171,short-term,0.6450917542368171
2885,2953,0.24464209018674962,0.7470141176758406,0.4958281039312951,short-term,0.4958281039312951
3835,3903,0.0,0.6668282166719544,0.3334141083359772,short-term,0.3334141083359772
3292,3360,0.0,0.6349799212144369,0.31748996060721846,short-term,0.31748996060721846
