low,high,recent_strength,all_strength,avg_strength,zone_type,strength
2969,3041,1.0,0.9049399046604175,0.9524699523302087,persistent,0.9524699523302087
3041,3113,0.6318199616831215,0.6048590646475644,0.618339513165343,short-term,0.618339513165343
3833,3905,0.0,1.0,0.5,short-term,0.5
3905,3976,0.0,0.7827142773173306,0.3913571386586653,short-term,0.3913571386586653
3185,3257,0.0,0.7091381731277409,0.35456908656387043,short-term,0.35456908656387043
3976,4048,0.0,0.5916739655688849,0.2958369827844424,short-term,0.2958369827844424
