low,high,recent_strength,all_strength,avg_strength,zone_type,strength
2952,3020,1.0,1.0,1.0,persistent,1.0
2884,2952,0.89682411447348,0.7656285844839283,0.8312263494787042,short-term,0.8312263494787042
3020,3087,0.0,0.8330110262932059,0.41650551314660295,short-term,0.41650551314660295
3087,3155,0.0,0.8324073582212846,0.4162036791106423,short-term,0.4162036791106423
3155,3223,0.0,0.7718696238234116,0.3859348119117058,short-term,0.3859348119117058
3831,3899,0.0,0.6194628040791073,0.3097314020395536,short-term,0.3097314020395536
3290,3358,0.0,0.5806678601064637,0.2903339300532318,short-term,0.2903339300532318
