low,high,recent_strength,all_strength,avg_strength,zone_type,strength
3091,3159,1.0,0.8327593739375962,0.9163796869687981,persistent,0.9163796869687981
3159,3228,0.6745591568611923,0.7563123306187655,0.7154357437399789,short-term,0.7154357437399789
3023,3091,0.13315232846832722,0.8856278936967371,0.5093901110825322,short-term,0.5093901110825322
2955,3023,0.0,1.0,0.5,short-term,0.5
2886,2955,0.0,0.7567936134756793,0.37839680673783965,short-term,0.37839680673783965
3842,3911,0.0,0.6670527666236422,0.3335263833118211,short-term,0.3335263833118211
3911,3979,0.0,0.5194380053100802,0.2597190026550401,short-term,0.2597190026550401
