low,high,recent_strength,all_strength,avg_strength,zone_type,strength
3178,3217,1.0,0.5282949100671397,0.7641474550335698,persistent,0.7641474550335698
3838,3877,0.0,1.0,0.5,short-term,0.5
3916,3955,0.0,0.7135639195578399,0.35678195977891997,short-term,0.35678195977891997
3799,3838,0.0,0.6334889965358218,0.3167444982679109,short-term,0.3167444982679109
4071,4110,0.0,0.5568761928991234,0.2784380964495617,short-term,0.2784380964495617
3955,3994,0.0,0.5447594407085414,0.2723797203542707,short-term,0.2723797203542707
3411,3450,0.0,0.5252450460704741,0.26262252303523703,short-term,0.26262252303523703
3877,3916,0.0,0.507970798111945,0.2539853990559725,short-term,0.2539853990559725
3994,4032,0.0,0.48352728552084645,0.24176364276042323,short-term,0.24176364276042323
