low,high,recent_strength,all_strength,avg_strength,zone_type,strength
3156,3224,1.0,0.8739402113846009,0.9369701056923004,persistent,0.9369701056923004
2953,3021,0.7870151336616711,1.0,0.8935075668308355,persistent,0.8935075668308355
3088,3156,0.4908620359135766,0.9360800775936818,0.7134710567536292,short-term,0.7134710567536292
3021,3088,0.43785447366429414,0.9080940992811295,0.6729742864727118,short-term,0.6729742864727118
2885,2953,0.40785830558282127,0.753794839135104,0.5808265723589626,short-term,0.5808265723589626
3835,3903,0.0,0.6645452298331916,0.3322726149165958,short-term,0.3322726149165958
3292,3360,0.0,0.632805971812229,0.3164029859061145,short-term,0.3164029859061145
