low,high,recent_strength,all_strength,avg_strength,zone_type,strength
2889,2959,1.0,0.8432013510718555,0.9216006755359277,persistent,0.9216006755359277
2959,3028,0.49001199240443605,1.0,0.745005996202218,short-term,0.745005996202218
3028,3097,0.0,0.8522396082848133,0.42611980414240663,short-term,0.42611980414240663
3097,3166,0.0,0.7473856142685761,0.37369280713428804,short-term,0.37369280713428804
3166,3236,0.0,0.728443053104733,0.3642215265523665,short-term,0.3642215265523665
3929,3998,0.0,0.6830462203752349,0.34152311018761744,short-term,0.34152311018761744
