low,high,recent_strength,all_strength,avg_strength,zone_type,strength
2971,3044,0.972065745555955,0.7820126360238954,0.8770391907899252,persistent,0.8770391907899252
3044,3116,1.0,0.5366597604326668,0.7683298802163334,persistent,0.7683298802163334
3841,3913,0.0,1.0,0.5,short-term,0.5
3913,3986,0.0,0.8091334936513491,0.40456674682567456,short-term,0.40456674682567456
3189,3261,0.11172540710991008,0.6234304675277209,0.3675779373188155,short-term,0.3675779373188155
3769,3841,0.0,0.5987178945466443,0.29935894727332213,short-term,0.29935894727332213
