low,high,recent_strength,all_strength,avg_strength,zone_type,strength
3325,3397,1.0,0.5228692862238138,0.7614346431119069,short-term,0.7614346431119069
3111,3182,0.452998237267402,0.6957858704187975,0.5743920538430998,short-term,0.5743920538430998
3826,3897,0.0,1.0,0.5,short-term,0.5
3039,3111,0.23977592121241956,0.6590944656838447,0.4494351934481321,short-term,0.4494351934481321
2967,3039,0.0,0.8477497975341293,0.42387489876706463,short-term,0.42387489876706463
3182,3254,0.15867004095047346,0.6638491026367084,0.4112595717935909,short-term,0.4112595717935909
3897,3969,0.0,0.6633103769924299,0.33165518849621495,short-term,0.33165518849621495
