low,high,recent_strength,all_strength,avg_strength,zone_type,strength
3160,3229,1.0,0.6927289222676595,0.8463644611338297,persistent,0.8463644611338297
3092,3160,0.5250527462709519,0.7399779386434414,0.6325153424571966,short-term,0.6325153424571966
2955,3023,0.0,1.0,0.5,short-term,0.5
3023,3092,0.0,0.8807232747225643,0.44036163736128214,short-term,0.44036163736128214
2887,2955,0.0,0.7567936134756789,0.37839680673783943,short-term,0.37839680673783943
3844,3913,0.0,0.6720100184159002,0.3360050092079501,short-term,0.3360050092079501
3913,3981,0.0,0.5467317625251963,0.27336588126259814,short-term,0.27336588126259814
