low,high,recent_strength,all_strength,avg_strength,zone_type,strength
2961,3031,1.0,1.0,1.0,persistent,1.0
3801,3871,0.0,0.942754537261225,0.4713772686306125,short-term,0.4713772686306125
3031,3101,0.0,0.941001542331016,0.470500771165508,short-term,0.470500771165508
3101,3171,0.0,0.8877662379490432,0.4438831189745216,short-term,0.4438831189745216
3171,3241,0.0,0.8149767437285376,0.4074883718642688,short-term,0.4074883718642688
3941,4011,0.0,0.7900569628349454,0.3950284814174727,short-term,0.3950284814174727
