low,high,recent_strength,all_strength,avg_strength,zone_type,strength
2890,2959,1.0,0.8042121081669467,0.9021060540834733,persistent,0.9021060540834733
2959,3028,0.49285159126477307,1.0,0.7464257956323865,short-term,0.7464257956323865
3028,3098,0.0,0.8452500229508608,0.4226250114754304,short-term,0.4226250114754304
3098,3167,0.0,0.7427275865569521,0.3713637932784761,short-term,0.3713637932784761
3167,3237,0.0,0.7305644029139954,0.3652822014569977,short-term,0.3652822014569977
3792,3861,0.0,0.7048708484951586,0.3524354242475793,short-term,0.3524354242475793
