low,high,recent_strength,all_strength,avg_strength,zone_type,strength
2884,2951,1.0,0.8662708790984023,0.9331354395492011,persistent,0.9331354395492011
2951,3019,0.04604917489767581,1.0,0.523024587448838,short-term,0.523024587448838
3086,3154,0.0,0.8296114236535306,0.4148057118267653,short-term,0.4148057118267653
3019,3086,0.0,0.8151117988112752,0.4075558994056376,short-term,0.4075558994056376
3154,3221,0.0,0.755910981891811,0.3779554909459055,short-term,0.3779554909459055
3828,3895,0.0,0.66314048346516,0.33157024173258,short-term,0.33157024173258
3288,3356,0.0,0.5853187690823395,0.29265938454116974,short-term,0.29265938454116974
