low,high,recent_strength,all_strength,avg_strength,zone_type,strength
3840,3881,0.9865807615185263,1.0,0.9932903807592631,persistent,0.9932903807592631
3718,3759,1.0,0.37453045653687755,0.6872652282684388,short-term,0.6872652282684388
3881,3922,0.5732707709329713,0.5528096138797616,0.5630401924063664,short-term,0.5630401924063664
3800,3840,0.14296763415708869,0.5843459107939266,0.36365677247550765,short-term,0.36365677247550765
3922,3963,0.0,0.6426803064322246,0.3213401532161123,short-term,0.3213401532161123
3963,4004,0.0,0.6189815535077572,0.3094907767538786,short-term,0.3094907767538786
4086,4127,0.0,0.5081278189239233,0.25406390946196167,short-term,0.25406390946196167
