low,high,recent_strength,all_strength,avg_strength,zone_type,strength
3024,3093,0.8555518022939644,0.8389796966928967,0.8472657494934306,short-term,0.8472657494934306
3093,3161,1.0,0.6744998950768551,0.8372499475384276,persistent,0.8372499475384276
2956,3024,0.6279175724788152,1.0,0.8139587862394075,short-term,0.8139587862394075
2887,2956,0.0,0.7421511075986228,0.3710755537993114,short-term,0.3710755537993114
3847,3915,0.0,0.6497695914534958,0.3248847957267479,short-term,0.3248847957267479
3161,3230,0.0,0.5886958539871768,0.2943479269935884,short-term,0.2943479269935884
3915,3984,0.0,0.5562599978298869,0.27812999891494344,short-term,0.27812999891494344
