low,high,recent_strength,all_strength,avg_strength,zone_type,strength
2969,3041,0.8424840225567929,0.8986400038116171,0.870562013184205,short-term,0.870562013184205
3113,3185,1.0,0.584016036344791,0.7920080181723955,short-term,0.7920080181723955
3041,3113,0.5004168794419493,0.5964594530277547,0.5484381662348521,short-term,0.5484381662348521
3833,3905,0.0,1.0,0.5,short-term,0.5
3185,3257,0.11148723396623958,0.7042013810205573,0.40784430749339845,short-term,0.40784430749339845
3905,3977,0.0,0.7677244587840535,0.38386222939202674,short-term,0.38386222939202674
3977,4049,0.0,0.5845979286837015,0.29229896434185076,short-term,0.29229896434185076
