low,high,recent_strength,all_strength,avg_strength,zone_type,strength
2962,3032,1.0,0.9923154406493686,0.9961577203246843,persistent,0.9961577203246843
3804,3874,0.0,1.0,0.5,short-term,0.5
3032,3102,0.0,0.9805204075261813,0.49026020376309065,short-term,0.49026020376309065
3102,3172,0.0,0.9054586971204756,0.4527293485602378,short-term,0.4527293485602378
3172,3242,0.0,0.8069396525390675,0.40346982626953376,short-term,0.40346982626953376
3944,4014,0.0,0.7885766128170434,0.3942883064085217,short-term,0.3942883064085217
