low,high,recent_strength,all_strength,avg_strength,zone_type,strength
2970,3042,0.735506375226236,0.888377572400643,0.8119419738134395,short-term,0.8119419738134395
3114,3186,1.0,0.5888734139151656,0.7944367069575828,persistent,0.7944367069575828
3834,3906,0.0,1.0,0.5,short-term,0.5
3186,3258,0.16623127163636112,0.684796131633272,0.42551370163481655,short-term,0.42551370163481655
3906,3978,0.0,0.7477615018426587,0.37388075092132933,short-term,0.37388075092132933
3978,4050,0.0,0.586092988269097,0.2930464941345485,short-term,0.2930464941345485
