low,high,recent_strength,all_strength,avg_strength,zone_type,strength
2950,3017,1.0,1.0,1.0,persistent,1.0
2816,2883,0.8479420806674515,0.4901552166517964,0.6690486486596239,short-term,0.6690486486596239
3017,3085,0.5285541183316641,0.7749816736009747,0.6517678959663193,short-term,0.6517678959663193
2883,2950,0.12251696185404895,0.8039746964299281,0.46324582914198853,short-term,0.46324582914198853
3085,3152,0.0,0.7432941960717563,0.37164709803587814,short-term,0.37164709803587814
3152,3219,0.0,0.713717297967001,0.3568586489835005,short-term,0.3568586489835005
3824,3891,0.0,0.583642632004499,0.2918213160022495,short-term,0.2918213160022495
3286,3354,0.0,0.5465196204249271,0.27325981021246354,short-term,0.27325981021246354
