low,high,recent_strength,all_strength,avg_strength,zone_type,strength
3092,3161,1.0,0.744527546084923,0.8722637730424615,persistent,0.8722637730424615
3161,3229,0.4420760384853448,0.6331135810518896,0.5375948097686172,short-term,0.5375948097686172
2955,3024,0.0,1.0,0.5,short-term,0.5
3024,3092,0.06279117651708735,0.8703704667671611,0.4665808216421242,short-term,0.4665808216421242
2887,2955,0.0,0.7543278925806713,0.37716394629033567,short-term,0.37716394629033567
3845,3914,0.0,0.6658564814678898,0.3329282407339449,short-term,0.3329282407339449
3914,3982,0.0,0.5437505158526872,0.2718752579263436,short-term,0.2718752579263436
