low,high,recent_strength,all_strength,avg_strength,zone_type,strength
2254,2320,1.0,0.24330193229142583,0.6216509661457129,short-term,0.6216509661457129
2919,2985,0.0,1.0,0.5,short-term,0.5
2985,3052,0.0,0.823054961058272,0.411527480529136,short-term,0.411527480529136
3052,3118,0.0,0.6346858411578857,0.31734292057894287,short-term,0.31734292057894287
3185,3251,0.0,0.6142894609125438,0.3071447304562719,short-term,0.3071447304562719
3118,3185,0.0,0.5976595399744107,0.29882976998720534,short-term,0.29882976998720534
2786,2852,0.0,0.5114888583616606,0.2557444291808303,short-term,0.2557444291808303
3850,3916,0.0,0.467728928743098,0.233864464371549,short-term,0.233864464371549
3318,3384,0.0,0.4547392902400594,0.2273696451200297,short-term,0.2273696451200297
