low,high,recent_strength,all_strength,avg_strength,zone_type,strength
3115,3187,1.0,0.5977681585175645,0.7988840792587822,persistent,0.7988840792587822
3187,3260,0.4554568482800131,0.684467819080325,0.569962333680169,short-term,0.569962333680169
3838,3910,0.0,1.0,0.5,short-term,0.5
2971,3043,0.13570043866695314,0.7821242458747487,0.4589123422708509,short-term,0.4589123422708509
3910,3982,0.0,0.7886737764055436,0.3943368882027718,short-term,0.3943368882027718
3766,3838,0.0,0.6119451742316888,0.3059725871158444,short-term,0.3059725871158444
