low,high,recent_strength,all_strength,avg_strength,zone_type,strength
3294,3362,1.0,0.6140495544627775,0.8070247772313888,persistent,0.8070247772313888
2954,3022,0.0,1.0,0.5,short-term,0.5
3090,3158,0.0,0.9602740310718765,0.48013701553593824,short-term,0.48013701553593824
3022,3090,0.0,0.9158718466862829,0.4579359233431414,short-term,0.4579359233431414
3158,3226,0.0,0.8213138038874682,0.4106569019437341,short-term,0.4106569019437341
2885,2954,0.0,0.7665765717836087,0.38328828589180436,short-term,0.38328828589180436
3838,3906,0.0,0.6914967294315979,0.34574836471579895,short-term,0.34574836471579895
