low,high,recent_strength,all_strength,avg_strength,zone_type,strength
3157,3225,1.0,0.9141998562970676,0.9570999281485337,persistent,0.9570999281485337
3293,3361,0.6105298306540886,0.6716080168313169,0.6410689237427027,short-term,0.6410689237427027
2953,3021,0.0,1.0,0.5,short-term,0.5
3089,3157,0.0,0.9561416786180221,0.47807083930901106,short-term,0.47807083930901106
3021,3089,0.0,0.9142459071403745,0.45712295357018723,short-term,0.45712295357018723
2885,2953,0.0,0.7621999676048812,0.3810999838024406,short-term,0.3810999838024406
3837,3905,0.0,0.686075381758179,0.3430376908790895,short-term,0.3430376908790895
