low,high,recent_strength,all_strength,avg_strength,zone_type,strength
3294,3362,1.0,0.6047969358723744,0.8023984679361872,persistent,0.8023984679361872
2954,3022,0.0,1.0,0.5,short-term,0.5
3090,3158,0.0,0.9602740310718793,0.4801370155359396,short-term,0.4801370155359396
3022,3090,0.0,0.9158718466862804,0.4579359233431402,short-term,0.4579359233431402
3158,3226,0.01410625605434865,0.8213138038874709,0.4177100299709098,short-term,0.4177100299709098
2886,2954,0.0,0.7665765717836079,0.38328828589180397,short-term,0.38328828589180397
3838,3906,0.0,0.6914967294316111,0.34574836471580556,short-term,0.34574836471580556
