low,high,recent_strength,all_strength,avg_strength,zone_type,strength
2890,2959,1.0,0.8340947771675528,0.9170473885837764,persistent,0.9170473885837764
2959,3029,0.2424576056642836,1.0,0.6212288028321418,short-term,0.6212288028321418
3029,3098,0.0,0.8894160477387935,0.44470802386939673,short-term,0.44470802386939673
3098,3168,0.0,0.7660404366631144,0.3830202183315572,short-term,0.3830202183315572
3168,3237,0.0,0.7570231984104098,0.3785115992052049,short-term,0.3785115992052049
3793,3863,0.0,0.7289583998230836,0.3644791999115418,short-term,0.3644791999115418
