low,high,recent_strength,all_strength,avg_strength,zone_type,strength
2889,2959,1.0,0.8376365836420748,0.9188182918210375,persistent,0.9188182918210375
2959,3028,0.5084273327721627,1.0,0.7542136663860813,short-term,0.7542136663860813
3028,3097,0.0,0.8464929323745477,0.42324646618727385,short-term,0.42324646618727385
3097,3167,0.0,0.7450668090308612,0.3725334045154306,short-term,0.3725334045154306
3167,3236,0.0,0.7261830182115464,0.3630915091057732,short-term,0.3630915091057732
3929,3998,0.0,0.6774695247793813,0.33873476238969064,short-term,0.33873476238969064
