low,high,recent_strength,all_strength,avg_strength,zone_type,strength
2888,2957,1.0,0.8771100911974999,0.9385550455987499,persistent,0.9385550455987499
2957,3026,0.6765863906905139,1.0,0.8382931953452569,short-term,0.8382931953452569
3026,3095,0.3042256257752352,0.858691192467466,0.5814584091213506,short-term,0.5814584091213506
3853,3922,0.0,0.7176983693347176,0.3588491846673588,short-term,0.3588491846673588
3095,3164,0.0,0.7136038038818274,0.3568019019409137,short-term,0.3568019019409137
3164,3233,0.0,0.6885744615731755,0.34428723078658774,short-term,0.34428723078658774
