low,high,recent_strength,all_strength,avg_strength,zone_type,strength
3036,3107,1.0,0.8819487229486024,0.9409743614743011,persistent,0.9409743614743011
3107,3178,0.8725681851280828,0.7975247309608164,0.8350464580444497,short-term,0.8350464580444497
2965,3036,0.4038888350796569,0.8431322138181229,0.6235105244488899,short-term,0.6235105244488899
3816,3887,0.0,1.0,0.5,short-term,0.5
3178,3249,0.0,0.8327779580311581,0.41638897901557903,short-term,0.41638897901557903
3887,3958,0.0,0.7059309477168282,0.3529654738584141,short-term,0.3529654738584141
