low,high,recent_strength,all_strength,avg_strength,zone_type,strength
3157,3225,1.0,0.888993510366597,0.9444967551832986,persistent,0.9444967551832986
3293,3361,0.9490873198209901,0.6723798911906432,0.8107336055058167,short-term,0.8107336055058167
2953,3021,0.0,1.0,0.5,short-term,0.5
3089,3157,0.0,0.9561416786180256,0.4780708393090128,short-term,0.4780708393090128
3021,3089,0.0,0.9142459071403711,0.45712295357018556,short-term,0.45712295357018556
2885,2953,0.0,0.7621999676048804,0.3810999838024402,short-term,0.3810999838024402
3837,3905,0.0,0.6905424322634736,0.3452712161317368,short-term,0.3452712161317368
