low,high,recent_strength,all_strength,avg_strength,zone_type,strength
2889,2958,1.0,0.8850833140863926,0.9425416570431964,persistent,0.9425416570431964
2958,3027,0.20657397292182544,1.0,0.6032869864609127,short-term,0.6032869864609127
3027,3096,0.0,0.8645235134543059,0.43226175672715295,short-term,0.43226175672715295
3096,3166,0.0,0.7523422159790933,0.37617110798954667,short-term,0.37617110798954667
3166,3235,0.0,0.7293609090281378,0.3646804545140689,short-term,0.3646804545140689
3788,3857,0.0,0.6913211006157298,0.3456605503078649,short-term,0.3456605503078649
