low,high,recent_strength,all_strength,avg_strength,zone_type,strength
2884,2951,1.0,0.8584134700251149,0.9292067350125575,persistent,0.9292067350125575
2951,3018,0.31494414992305825,1.0,0.6574720749615292,short-term,0.6574720749615292
3018,3086,0.1673767361603986,0.8018094421552885,0.48459308915784355,short-term,0.48459308915784355
3086,3153,0.0,0.7968197090485132,0.3984098545242566,short-term,0.3984098545242566
3153,3220,0.0,0.7236679615914731,0.36183398079573653,short-term,0.36183398079573653
3827,3894,0.0,0.6352111452800104,0.3176055726400052,short-term,0.3176055726400052
3288,3355,0.0,0.5578977156678973,0.2789488578339486,short-term,0.2789488578339486
