low,high,recent_strength,all_strength,avg_strength,zone_type,strength
3090,3158,1.0,0.9664717057990699,0.983235852899535,persistent,0.983235852899535
3158,3226,0.3387170632387305,0.8101313830525676,0.5744242231456491,short-term,0.5744242231456491
2954,3022,0.0,1.0,0.5,short-term,0.5
3022,3090,0.0,0.9129076112903066,0.4564538056451533,short-term,0.4564538056451533
2886,2954,0.0,0.7649285475954057,0.38246427379770287,short-term,0.38246427379770287
3838,3906,0.0,0.693193633839175,0.3465968169195875,short-term,0.3465968169195875
3906,3974,0.0,0.5210088308475436,0.2605044154237718,short-term,0.2605044154237718
