low,high,recent_strength,all_strength,avg_strength,zone_type,strength
2893,2964,1.0,0.5765884585548072,0.7882942292774036,short-term,0.7882942292774036
3105,3176,0.2170698019428969,0.8526120535245213,0.5348409277337091,short-term,0.5348409277337091
2964,3035,0.2274173516313178,0.8361358050755274,0.5317765783534226,short-term,0.5317765783534226
3812,3883,0.0,1.0,0.5,short-term,0.5
3035,3105,0.08514545435672141,0.8541055790369879,0.46962551669685465,short-term,0.46962551669685465
3176,3247,0.0,0.8176525395020079,0.40882626975100395,short-term,0.40882626975100395
3883,3953,0.0,0.7048563865108392,0.3524281932554196,short-term,0.3524281932554196
