low,high,recent_strength,all_strength,avg_strength,zone_type,strength
3092,3161,1.0,0.7296806108253157,0.8648403054126579,persistent,0.8648403054126579
3024,3092,0.522756388555807,0.8703704667671587,0.6965634276614828,short-term,0.6965634276614828
2955,3024,0.041136325478451044,1.0,0.5205681627392256,short-term,0.5205681627392256
2887,2955,0.0,0.7543278925806699,0.37716394629033495,short-term,0.37716394629033495
3846,3915,0.0,0.6658564814678964,0.3329282407339482,short-term,0.3329282407339482
3161,3229,0.0,0.5999663825115175,0.29998319125575873,short-term,0.29998319125575873
3915,3983,0.0,0.5636024528869712,0.2818012264434856,short-term,0.2818012264434856
