low,high,recent_strength,all_strength,avg_strength,zone_type,strength
3111,3182,1.0,0.6957858704188066,0.8478929352094033,persistent,0.8478929352094033
3039,3111,0.4066074772949134,0.6590944656838486,0.532850971489381,short-term,0.532850971489381
3826,3898,0.0,1.0,0.5,short-term,0.5
3182,3254,0.2522008290963393,0.6638491026367154,0.4580249658665273,short-term,0.4580249658665273
2968,3039,0.0,0.8477497975341366,0.4238748987670683,short-term,0.4238748987670683
3898,3969,0.0,0.6633103769924371,0.33165518849621856,short-term,0.33165518849621856
