low,high,recent_strength,all_strength,avg_strength,zone_type,strength
2969,3041,1.0,0.9353120473548997,0.9676560236774499,persistent,0.9676560236774499
3831,3903,0.0,1.0,0.5,short-term,0.5
3112,3184,0.23127922288854724,0.62222877086241,0.42675399687547866,short-term,0.42675399687547866
3903,3974,0.0,0.7477416572243617,0.37387082861218085,short-term,0.37387082861218085
3184,3256,0.0,0.7017001997611252,0.3508500998805626,short-term,0.3508500998805626
3974,4046,0.0,0.6291990453924444,0.3145995226962222,short-term,0.3145995226962222
