low,high,recent_strength,all_strength,avg_strength,zone_type,strength
2956,3025,1.0,1.0,1.0,persistent,1.0
3025,3093,0.4715804649855839,0.8235114833803678,0.6475459741829759,short-term,0.6475459741829759
3093,3162,0.27497938701654273,0.6424586815432718,0.45871903427990723,short-term,0.45871903427990723
2887,2956,0.0,0.7497753293216614,0.3748876646608307,short-term,0.3748876646608307
3848,3917,0.0,0.6296377093868699,0.31481885469343496,short-term,0.31481885469343496
3162,3230,0.0,0.5875822426878422,0.2937911213439211,short-term,0.2937911213439211
3917,3985,0.0,0.5559938332204696,0.2779969166102348,short-term,0.2779969166102348
