low,high,recent_strength,all_strength,avg_strength,zone_type,strength
3160,3228,1.0,0.7267983979958956,0.8633991989979478,persistent,0.8633991989979478
2955,3023,0.0,1.0,0.5,short-term,0.5
3023,3092,0.0,0.8726459069293445,0.43632295346467226,short-term,0.43632295346467226
3092,3160,0.10395149852608983,0.7480553064366583,0.4260034024813741,short-term,0.4260034024813741
2887,2955,0.0,0.7567936134756766,0.3783968067378383,short-term,0.3783968067378383
3844,3912,0.0,0.6639958731878082,0.3319979365939041,short-term,0.3319979365939041
3912,3981,0.0,0.5386040999667,0.26930204998335,short-term,0.26930204998335
