low,high,recent_strength,all_strength,avg_strength,zone_type,strength
3529,3568,1.0,0.3622474622916412,0.6811237311458206,short-term,0.6811237311458206
3411,3450,0.802674056362392,0.4937840733540869,0.6482290648582394,persistent,0.6482290648582394
3844,3884,0.0,1.0,0.5,short-term,0.5
3923,3962,0.0,0.6747892129100497,0.33739460645502484,short-term,0.33739460645502484
3805,3844,0.0,0.6608645611993588,0.3304322805996794,short-term,0.3304322805996794
3962,4002,0.0,0.6023824309791889,0.30119121548959443,short-term,0.30119121548959443
3884,3923,0.0,0.5786558933339934,0.2893279466669967,short-term,0.2893279466669967
4081,4120,0.0,0.5715209777520065,0.28576048887600325,short-term,0.28576048887600325
4002,4041,0.0,0.4710623400510289,0.23553117002551446,short-term,0.23553117002551446
