low,high,recent_strength,all_strength,avg_strength,zone_type,strength
3157,3225,1.0,0.9171382376431221,0.958569118821561,persistent,0.958569118821561
3293,3361,0.5913103195935253,0.6716080168313094,0.6314591682124173,short-term,0.6314591682124173
2953,3021,0.0,1.0,0.5,short-term,0.5
3089,3157,0.0,0.9561416786180293,0.4780708393090147,short-term,0.4780708393090147
3021,3089,0.0,0.9142459071403762,0.4571229535701881,short-term,0.4571229535701881
2885,2953,0.0,0.7621999676048805,0.38109998380244026,short-term,0.38109998380244026
3837,3905,0.0,0.6860753817581813,0.34303769087909064,short-term,0.34303769087909064
