low,high,recent_strength,all_strength,avg_strength,zone_type,strength
3037,3108,1.0,0.7859391549936225,0.8929695774968113,persistent,0.8929695774968113
3179,3250,0.6232101541469374,0.812739877328297,0.7179750157376172,short-term,0.7179750157376172
3108,3179,0.35072798767229774,0.7440788990837875,0.5474034433780426,short-term,0.5474034433780426
3819,3890,0.0,1.0,0.5,short-term,0.5
2966,3037,0.0,0.7953555131212181,0.39767775656060905,short-term,0.39767775656060905
3890,3962,0.0,0.6737884078069323,0.33689420390346614,short-term,0.33689420390346614
