low,high,recent_strength,all_strength,avg_strength,zone_type,strength
3160,3228,0.8633607981708522,0.7465771626182137,0.804968980394533,short-term,0.804968980394533
3228,3296,1.0,0.3858542559425367,0.6929271279712683,short-term,0.6929271279712683
3091,3160,0.29871448087095004,0.7777372153106183,0.5382258480907842,short-term,0.5382258480907842
2955,3023,0.0,1.0,0.5,short-term,0.5
3023,3091,0.0,0.8726459069293462,0.4363229534646731,short-term,0.4363229534646731
2886,2955,0.0,0.7567936134756811,0.37839680673784054,short-term,0.37839680673784054
3843,3912,0.0,0.6670527666236528,0.3335263833118264,short-term,0.3335263833118264
3912,3980,0.0,0.5403406875842222,0.2701703437921111,short-term,0.2701703437921111
