low,high,recent_strength,all_strength,avg_strength,zone_type,strength
2890,2959,1.0,0.8243867027633615,0.9121933513816807,persistent,0.9121933513816807
2959,3028,0.43485163061659104,1.0,0.7174258153082955,short-term,0.7174258153082955
3028,3098,0.0,0.8346549372221066,0.4173274686110533,short-term,0.4173274686110533
3098,3167,0.0,0.7402901336811177,0.37014506684055887,short-term,0.37014506684055887
3167,3236,0.0,0.7245686579317558,0.3622843289658779,short-term,0.3622843289658779
3930,3999,0.0,0.6787372461365263,0.33936862306826315,short-term,0.33936862306826315
