low,high,recent_strength,all_strength,avg_strength,zone_type,strength
2265,2331,1.0,0.2247605881901575,0.6123802940950788,short-term,0.6123802940950788
2930,2997,0.0,1.0,0.5,short-term,0.5
2997,3063,0.0,0.7826428489747205,0.39132142448736024,short-term,0.39132142448736024
3063,3130,0.0,0.6653792776987801,0.33268963884939007,short-term,0.33268963884939007
3197,3263,0.0,0.5586641032410969,0.27933205162054847,short-term,0.27933205162054847
3130,3197,0.0,0.5522880771062798,0.2761440385531399,short-term,0.2761440385531399
2797,2864,0.0,0.5269320166968642,0.2634660083484321,short-term,0.2634660083484321
2864,2930,0.0,0.46603234615457206,0.23301617307728603,short-term,0.23301617307728603
3796,3862,0.0,0.43560163879544306,0.21780081939772153,short-term,0.21780081939772153
