low,high,recent_strength,all_strength,avg_strength,zone_type,strength
2952,3019,0.8450870310582481,1.0,0.9225435155291241,short-term,0.9225435155291241
2884,2952,0.7098745463356005,0.7703090668775564,0.7400918066065785,short-term,0.7400918066065785
2816,2884,1.0,0.476983309708019,0.7384916548540095,short-term,0.7384916548540095
3087,3154,0.0,0.825044702883001,0.4125223514415005,short-term,0.4125223514415005
3019,3087,0.0,0.8221397045451766,0.4110698522725883,short-term,0.4110698522725883
3154,3222,0.0,0.7489695094186544,0.3744847547093272,short-term,0.3744847547093272
3830,3897,0.0,0.6379919479318877,0.31899597396594387,short-term,0.31899597396594387
3289,3357,0.0,0.584249892660561,0.2921249463302805,short-term,0.2921249463302805
