low,high,recent_strength,all_strength,avg_strength,zone_type,strength
2953,3021,1.0,1.0,1.0,persistent,1.0
3156,3224,0.8169454136779872,0.8561723285250522,0.8365588711015197,persistent,0.8365588711015197
3088,3156,0.4607911707681019,0.9170488430204495,0.6889200068942757,short-term,0.6889200068942757
3021,3088,0.4110309227119448,0.8896318413700215,0.6503313820409832,short-term,0.6503313820409832
2885,2953,0.3828723600251941,0.7384696049515673,0.5606709824883807,short-term,0.5606709824883807
3835,3902,0.0,0.6510345094832846,0.3255172547416423,short-term,0.3255172547416423
3292,3360,0.0,0.6199405352142634,0.3099702676071317,short-term,0.3099702676071317
