low,high,recent_strength,all_strength,avg_strength,zone_type,strength
3093,3161,1.0,0.690281475751383,0.8451407378756914,persistent,0.8451407378756914
3024,3093,0.6678025189409589,0.838979696692894,0.7533911078169264,short-term,0.7533911078169264
2956,3024,0.3469533323214905,1.0,0.6734766661607452,short-term,0.6734766661607452
2887,2956,0.0,0.7421511075986206,0.3710755537993103,short-term,0.3710755537993103
3847,3915,0.0,0.6533481898598101,0.32667409492990507,short-term,0.32667409492990507
3161,3230,0.0,0.5886958539871788,0.2943479269935894,short-term,0.2943479269935894
3915,3984,0.0,0.5562599978298952,0.2781299989149476,short-term,0.2781299989149476
