low,high,recent_strength,all_strength,avg_strength,zone_type,strength
3834,3875,0.5958214427871934,1.0,0.7979107213935968,short-term,0.7979107213935968
3712,3752,1.0,0.37298783638959215,0.6864939181947961,short-term,0.6864939181947961
3875,3916,0.5480106548571354,0.5403533562682027,0.544182005562669,short-term,0.544182005562669
3916,3957,0.0,0.7414628871959296,0.3707314435979648,short-term,0.3707314435979648
3793,3834,0.18178365978437575,0.5496399052609463,0.365711782522661,short-term,0.365711782522661
3589,3630,0.6194998380472142,0.10127803415993245,0.3603889361035733,short-term,0.3603889361035733
3957,3998,0.0,0.5965783230319138,0.2982891615159569,short-term,0.2982891615159569
4079,4120,0.0,0.5813704561893186,0.2906852280946593,short-term,0.2906852280946593
