low,high,recent_strength,all_strength,avg_strength,zone_type,strength
3036,3107,1.0,0.8690445764774001,0.9345222882387001,persistent,0.9345222882387001
3107,3178,0.7624168961023348,0.8305034945303117,0.7964601953163233,short-term,0.7964601953163233
2965,3036,0.4219978174565788,0.8494307845231913,0.6357143009898851,short-term,0.6357143009898851
3816,3887,0.0,1.0,0.5,short-term,0.5
3178,3249,0.0,0.8408662987601415,0.42043314938007076,short-term,0.42043314938007076
3887,3958,0.0,0.7224997709333735,0.36124988546668674,short-term,0.36124988546668674
