low,high,recent_strength,all_strength,avg_strength,zone_type,strength
2754,2827,1.0,0.4899184652534967,0.7449592326267483,short-term,0.7449592326267483
2973,3045,0.49077659036163984,0.6813360167393643,0.5860563035505021,short-term,0.5860563035505021
3846,3919,0.0,1.0,0.5,short-term,0.5
3919,3992,0.0,0.7904175263416049,0.39520876317080245,short-term,0.39520876317080245
3773,3846,0.0,0.655126006105808,0.327563003052904,short-term,0.327563003052904
3191,3264,0.0,0.6100402072517674,0.3050201036258837,short-term,0.3050201036258837
4064,4137,0.0,0.5821469014004992,0.2910734507002496,short-term,0.2910734507002496
