low,high,recent_strength,all_strength,avg_strength,zone_type,strength
3111,3183,1.0,0.6765514567512521,0.838275728375626,persistent,0.838275728375626
3040,3111,0.7509259296857017,0.6527022020485809,0.7018140658671412,short-term,0.7018140658671412
2968,3040,0.337809013758926,0.8655606295115443,0.6016848216352352,short-term,0.6016848216352352
3828,3900,0.0,1.0,0.5,short-term,0.5
3900,3971,0.0,0.7000160917028975,0.35000804585144873,short-term,0.35000804585144873
3183,3255,0.0,0.6387347091678744,0.3193673545839372,short-term,0.3193673545839372
