low,high,recent_strength,all_strength,avg_strength,zone_type,strength
3177,3215,1.0,0.5554005771306487,0.7777002885653244,persistent,0.7777002885653244
3835,3874,0.0,1.0,0.5,short-term,0.5
3912,3951,0.0,0.676459238105551,0.3382296190527755,short-term,0.3382296190527755
3951,3990,0.0,0.598439092596476,0.299219546298238,short-term,0.299219546298238
3796,3835,0.0,0.5664512112466805,0.28322560562334026,short-term,0.28322560562334026
3874,3912,0.0,0.5548778905754825,0.27743894528774127,short-term,0.27743894528774127
3409,3448,0.0,0.5011916425635766,0.2505958212817883,short-term,0.2505958212817883
4067,4106,0.0,0.4871188846218985,0.24355944231094925,short-term,0.24355944231094925
3293,3332,0.0,0.4346215981380635,0.21731079906903175,short-term,0.21731079906903175
