low,high,recent_strength,all_strength,avg_strength,zone_type,strength
2952,3019,1.0,1.0,1.0,persistent,1.0
2884,2952,0.8660552322959371,0.7662828591070435,0.8161690457014903,short-term,0.8161690457014903
3019,3087,0.0,0.8322916313105188,0.4161458156552594,short-term,0.4161458156552594
3087,3155,0.0,0.8261297622872151,0.41306488114360757,short-term,0.41306488114360757
3155,3222,0.0,0.7548081939556821,0.37740409697784105,short-term,0.37740409697784105
3830,3898,0.0,0.6180340888117103,0.30901704440585515,short-term,0.30901704440585515
3290,3357,0.0,0.5726641670978053,0.28633208354890266,short-term,0.28633208354890266
