low,high,recent_strength,all_strength,avg_strength,zone_type,strength
2961,3031,1.0,1.0,1.0,persistent,1.0
3031,3101,0.36624690299421697,0.9431680921256843,0.6547074975599506,short-term,0.6547074975599506
3800,3870,0.0,0.8747567411965972,0.4373783705982986,short-term,0.4373783705982986
3101,3171,0.0,0.8555788642316859,0.42778943211584297,short-term,0.42778943211584297
3171,3241,0.0,0.7768636061594257,0.38843180307971287,short-term,0.38843180307971287
3940,4009,0.0,0.7670838572906272,0.3835419286453136,short-term,0.3835419286453136
