low,high,recent_strength,all_strength,avg_strength,zone_type,strength
3090,3158,1.0,0.9682528358631711,0.9841264179315856,persistent,0.9841264179315856
3158,3226,0.2751306569142137,0.8101313830525748,0.5426310199833942,short-term,0.5426310199833942
2954,3022,0.0,1.0,0.5,short-term,0.5
3022,3090,0.0,0.9129076112903082,0.4564538056451541,short-term,0.4564538056451541
2886,2954,0.0,0.7649285475954056,0.3824642737977028,short-term,0.3824642737977028
3838,3907,0.0,0.6931936338391661,0.34659681691958305,short-term,0.34659681691958305
3907,3975,0.0,0.5210088308475439,0.26050441542377195,short-term,0.26050441542377195
