low,high,recent_strength,all_strength,avg_strength,zone_type,strength
3293,3361,1.0,0.6399738431617344,0.8199869215808673,persistent,0.8199869215808673
2953,3021,0.0,1.0,0.5,short-term,0.5
3089,3157,0.0,0.9622586669407962,0.4811293334703981,short-term,0.4811293334703981
3021,3089,0.0,0.9198314539068927,0.45991572695344635,short-term,0.45991572695344635
3157,3225,0.0,0.8230112452241001,0.41150562261205004,short-term,0.41150562261205004
2885,2953,0.0,0.7681608855434415,0.38408044277172076,short-term,0.38408044277172076
3837,3905,0.0,0.6928783004098296,0.3464391502049148,short-term,0.3464391502049148
