low,high,recent_strength,all_strength,avg_strength,zone_type,strength
3037,3108,1.0,0.7987450145829968,0.8993725072914984,persistent,0.8993725072914984
3179,3250,0.3415581097994194,0.8239507222385806,0.582754416019,short-term,0.582754416019
3108,3179,0.3416649042560442,0.7363112244746663,0.5389880643653553,short-term,0.5389880643653553
3819,3890,0.0,1.0,0.5,short-term,0.5
2966,3037,0.0,0.7953555131212086,0.3976777565606043,short-term,0.3976777565606043
3890,3961,0.0,0.672526932491364,0.336263466245682,short-term,0.336263466245682
