low,high,recent_strength,all_strength,avg_strength,zone_type,strength
3036,3107,1.0,0.8611488612700802,0.9305744306350401,persistent,0.9305744306350401
3107,3178,0.5712678342761419,0.7712427666338824,0.6712553004550121,short-term,0.6712553004550121
3818,3889,0.0,1.0,0.5,short-term,0.5
3178,3249,0.0,0.8402226749133244,0.4201113374566622,short-term,0.4201113374566622
2965,3036,0.0,0.7984489839611769,0.39922449198058846,short-term,0.39922449198058846
3889,3960,0.0,0.7037047830148113,0.35185239150740566,short-term,0.35185239150740566
