low,high,recent_strength,all_strength,avg_strength,zone_type,strength
3833,3874,0.552742803592023,1.0,0.7763714017960115,short-term,0.7763714017960115
3711,3751,1.0,0.36697213992882244,0.6834860699644112,short-term,0.6834860699644112
3874,3915,0.5185935328063542,0.5548621206851786,0.5367278267457665,short-term,0.5367278267457665
3588,3629,0.8018219890232308,0.13127034169389198,0.46654616535856136,short-term,0.46654616535856136
3792,3833,0.18178365978437602,0.5608597315422489,0.37132169566331247,short-term,0.37132169566331247
3915,3956,0.0,0.689089823754965,0.3445449118774825,short-term,0.3445449118774825
3956,3996,0.0,0.5912878724282087,0.29564393621410434,short-term,0.29564393621410434
4078,4119,0.0,0.5699320703089183,0.2849660351544592,short-term,0.2849660351544592
