low,high,recent_strength,all_strength,avg_strength,zone_type,strength
2951,3018,1.0,1.0,1.0,persistent,1.0
2883,2951,0.5266951408908579,0.8259892245826196,0.6763421827367387,short-term,0.6763421827367387
3018,3085,0.41295457625819665,0.7752359417241838,0.5940952589911902,short-term,0.5940952589911902
3085,3152,0.0,0.7555986238198587,0.3777993119099293,short-term,0.3777993119099293
3152,3220,0.0,0.6934534992432855,0.34672674962164274,short-term,0.34672674962164274
3825,3892,0.0,0.6003382528438413,0.3001691264219207,short-term,0.3001691264219207
3287,3354,0.0,0.5431361669057619,0.27156808345288097,short-term,0.27156808345288097
