low,high,recent_strength,all_strength,avg_strength,zone_type,strength
3293,3361,1.0,0.6604713679570834,0.8302356839785416,persistent,0.8302356839785416
2953,3021,0.0,1.0,0.5,short-term,0.5
3089,3157,0.0,0.9590146493877617,0.47950732469388085,short-term,0.47950732469388085
3021,3089,0.0,0.9167304692290414,0.4583652346145207,short-term,0.4583652346145207
3157,3225,0.0,0.8202366659788562,0.4101183329894281,short-term,0.4101183329894281
2885,2953,0.0,0.7621999676048806,0.3810999838024403,short-term,0.3810999838024403
3837,3905,0.0,0.6905424322634887,0.34527121613174433,short-term,0.34527121613174433
