low,high,recent_strength,all_strength,avg_strength,zone_type,strength
2883,2951,1.0,0.8594687664131406,0.9297343832065703,persistent,0.9297343832065703
2951,3018,0.3052403310973251,1.0,0.6526201655486625,short-term,0.6526201655486625
3018,3086,0.2755606743120798,0.816500751443415,0.5460307128777474,short-term,0.5460307128777474
3086,3153,0.0,0.7939946793205731,0.39699733966028655,short-term,0.39699733966028655
3153,3220,0.0,0.728362213090615,0.3641811065453075,short-term,0.3641811065453075
3827,3894,0.0,0.6359920463849742,0.3179960231924871,short-term,0.3179960231924871
3288,3355,0.0,0.558583570986799,0.2792917854933995,short-term,0.2792917854933995
