low,high,recent_strength,all_strength,avg_strength,zone_type,strength
3847,3887,0.5467841187892214,1.0,0.7733920593946106,short-term,0.7733920593946106
3480,3520,1.0,0.13807134359008835,0.5690356717950442,short-term,0.5690356717950442
3602,3643,0.7968687909141465,0.1100247446265254,0.453446767770336,short-term,0.453446767770336
3887,3928,0.31844389816467567,0.5250378846821171,0.4217408914233964,short-term,0.4217408914233964
3806,3847,0.1187444000123561,0.625111241885534,0.37192782094894505,short-term,0.37192782094894505
3928,3969,0.0,0.6777846290036987,0.33889231450184937,short-term,0.33889231450184937
3969,4010,0.0,0.5830871987917842,0.2915435993958921,short-term,0.2915435993958921
4091,4132,0.0,0.5554360058614272,0.2777180029307136,short-term,0.2777180029307136
4010,4050,0.0,0.430122264367651,0.2150611321838255,short-term,0.2150611321838255
