low,high,recent_strength,all_strength,avg_strength,zone_type,strength
3091,3159,1.0,0.8102551184001764,0.9051275592000882,persistent,0.9051275592000882
3159,3227,0.6051834631701708,0.7497177603579774,0.6774506117640742,short-term,0.6774506117640742
3023,3091,0.4241619783135044,0.8966869291773014,0.6604244537454029,short-term,0.6604244537454029
2954,3023,0.0,1.0,0.5,short-term,0.5
2886,2954,0.0,0.7567936134756796,0.3783968067378398,short-term,0.3783968067378398
3842,3910,0.0,0.6670527666236433,0.33352638331182166,short-term,0.33352638331182166
3910,3978,0.0,0.5145919518574593,0.25729597592872966,short-term,0.25729597592872966
