low,high,recent_strength,all_strength,avg_strength,zone_type,strength
2889,2958,1.0,0.8881621588260009,0.9440810794130005,persistent,0.9440810794130005
2958,3027,0.15907759906266858,1.0,0.5795387995313342,short-term,0.5795387995313342
3027,3096,0.0,0.864523513454303,0.4322617567271515,short-term,0.4322617567271515
3096,3165,0.0,0.7523422159790957,0.37617110798954784,short-term,0.37617110798954784
3165,3235,0.0,0.7293609090281432,0.3646804545140716,short-term,0.3646804545140716
3788,3857,0.0,0.6913211006157322,0.3456605503078661,short-term,0.3456605503078661
