low,high,recent_strength,all_strength,avg_strength,zone_type,strength
3325,3397,1.0,0.49204182406405234,0.7460209120320261,short-term,0.7460209120320261
3111,3182,0.6050278628325694,0.695785870418798,0.6504068666256837,persistent,0.6504068666256837
3826,3897,0.0,1.0,0.5,short-term,0.5
3039,3111,0.28235181140068416,0.6590944656838429,0.47072313854226355,short-term,0.47072313854226355
3182,3254,0.18684433887628582,0.6638491026367146,0.4253467207565002,short-term,0.4253467207565002
2968,3039,0.0,0.8477497975341348,0.4238748987670674,short-term,0.4238748987670674
3897,3969,0.0,0.6633103769924419,0.33165518849622094,short-term,0.33165518849622094
