low,high,recent_strength,all_strength,avg_strength,zone_type,strength
3091,3159,1.0,0.8725093138451454,0.9362546569225727,persistent,0.9362546569225727
3023,3091,0.25721862235728093,0.9039056054863055,0.5805621139217932,short-term,0.5805621139217932
3159,3227,0.28372619026509605,0.757581998596696,0.5206540944308959,short-term,0.5206540944308959
2954,3023,0.0,1.0,0.5,short-term,0.5
2886,2954,0.0,0.7618569015438064,0.3809284507719032,short-term,0.3809284507719032
3841,3910,0.0,0.6893108930540774,0.3446554465270387,short-term,0.3446554465270387
3910,3978,0.0,0.5154558289840397,0.25772791449201987,short-term,0.25772791449201987
