low,high,recent_strength,all_strength,avg_strength,zone_type,strength
3091,3159,1.0,0.8608185401936621,0.930409270096831,persistent,0.930409270096831
3159,3227,0.40530668269215864,0.7563123306187636,0.580809506655461,short-term,0.580809506655461
3023,3091,0.21997424614526423,0.8936106803571148,0.5567924632511895,short-term,0.5567924632511895
2954,3023,0.0,1.0,0.5,short-term,0.5
2886,2954,0.0,0.7605800690511592,0.3802900345255796,short-term,0.3802900345255796
3842,3910,0.0,0.6881556438937658,0.3440778219468829,short-term,0.3440778219468829
3910,3978,0.0,0.5145919518574623,0.25729597592873116,short-term,0.25729597592873116
