low,high,recent_strength,all_strength,avg_strength,zone_type,strength
3090,3158,0.6975078926705429,0.9685539509360573,0.8330309218033001,short-term,0.8330309218033001
3294,3362,1.0,0.528936738106664,0.764468369053332,persistent,0.764468369053332
3158,3226,0.27241207776489956,0.8118767959007284,0.542144436832814,short-term,0.542144436832814
2954,3022,0.0,1.0,0.5,short-term,0.5
3022,3090,0.0,0.9170289348088404,0.4585144674044202,short-term,0.4585144674044202
2886,2954,0.0,0.7665765717836048,0.3832882858918024,short-term,0.3832882858918024
3838,3906,0.0,0.6946871065030665,0.34734355325153327,short-term,0.34734355325153327
