low,high,recent_strength,all_strength,avg_strength,zone_type,strength
2951,3018,1.0,1.0,1.0,persistent,1.0
2883,2951,0.6041804435236282,0.825989224582623,0.7150848340531256,short-term,0.7150848340531256
3018,3085,0.41295457625819687,0.7752359417241881,0.5940952589911925,short-term,0.5940952589911925
3085,3152,0.0,0.755598623819859,0.3777993119099295,short-term,0.3777993119099295
3152,3220,0.0,0.6934534992432903,0.3467267496216451,short-term,0.3467267496216451
3825,3893,0.0,0.599955000865787,0.2999775004328935,short-term,0.2999775004328935
3287,3354,0.0,0.5431361669057624,0.2715680834528812,short-term,0.2715680834528812
