low,high,recent_strength,all_strength,avg_strength,zone_type,strength
2264,2331,1.0,0.23441608820106605,0.617208044100533,short-term,0.617208044100533
2930,2996,0.0,1.0,0.5,short-term,0.5
2996,3063,0.0,0.7864099558453231,0.39320497792266157,short-term,0.39320497792266157
3063,3129,0.0,0.657366863369675,0.3286834316848375,short-term,0.3286834316848375
3196,3262,0.0,0.565188363741133,0.2825941818705665,short-term,0.2825941818705665
3129,3196,0.0,0.5495407315515476,0.2747703657757738,short-term,0.2747703657757738
2797,2863,0.0,0.5256755956489106,0.2628377978244553,short-term,0.2628377978244553
2863,2930,0.0,0.45690347959649347,0.22845173979824673,short-term,0.22845173979824673
3795,3861,0.0,0.4291943521663237,0.21459717608316184,short-term,0.21459717608316184
