low,high,recent_strength,all_strength,avg_strength,zone_type,strength
3157,3225,1.0,0.9315104179666525,0.9657552089833262,persistent,0.9657552089833262
3293,3361,0.4673416872542282,0.6716080168313185,0.5694748520427734,short-term,0.5694748520427734
2953,3021,0.0,1.0,0.5,short-term,0.5
3089,3157,0.0,0.9561416786180315,0.4780708393090157,short-term,0.4780708393090157
3021,3089,0.0,0.9142459071403779,0.45712295357018895,short-term,0.45712295357018895
2885,2953,0.0,0.7621999676048831,0.38109998380244153,short-term,0.38109998380244153
3837,3904,0.0,0.6860753817581765,0.34303769087908825,short-term,0.34303769087908825
