low,high,recent_strength,all_strength,avg_strength,zone_type,strength
3090,3158,1.0,0.8858818638477671,0.9429409319238835,persistent,0.9429409319238835
3022,3090,0.16674492555351283,0.9164943220970613,0.541619623825287,short-term,0.541619623825287
2954,3022,0.0,1.0,0.5,short-term,0.5
3158,3227,0.042117254893220046,0.7708842514599237,0.40650075317657186,short-term,0.40650075317657186
2886,2954,0.0,0.7638191585021141,0.38190957925105706,short-term,0.38190957925105706
3840,3908,0.0,0.7153246877688569,0.35766234388442847,short-term,0.35766234388442847
3908,3976,0.0,0.5208017972027609,0.26040089860138044,short-term,0.26040089860138044
