low,high,recent_strength,all_strength,avg_strength,zone_type,strength
3036,3107,1.0,0.869044576477397,0.9345222882386985,persistent,0.9345222882386985
3107,3178,0.7248562068231098,0.8305034945303211,0.7776798506767155,short-term,0.7776798506767155
2965,3036,0.40388883507965667,0.8475583582597708,0.6257235966697137,short-term,0.6257235966697137
3816,3887,0.0,1.0,0.5,short-term,0.5
3178,3249,0.0,0.8408662987601391,0.42043314938006954,short-term,0.42043314938006954
3887,3957,0.0,0.7224997709333802,0.3612498854666901,short-term,0.3612498854666901
