low,high,recent_strength,all_strength,avg_strength,zone_type,strength
2889,2958,1.0,0.8697009291721355,0.9348504645860678,persistent,0.9348504645860678
2958,3027,0.43707974934442645,1.0,0.7185398746722133,short-term,0.7185398746722133
3027,3097,0.0,0.8645235134543068,0.4322617567271534,short-term,0.4322617567271534
3097,3166,0.0,0.7523422159790988,0.3761711079895494,short-term,0.3761711079895494
3166,3235,0.0,0.7332740292622927,0.36663701463114634,short-term,0.36663701463114634
3858,3927,0.0,0.6833182173966544,0.3416591086983272,short-term,0.3416591086983272
