low,high,recent_strength,all_strength,avg_strength,zone_type,strength
2265,2331,1.0,0.23377379943043444,0.6168868997152173,short-term,0.6168868997152173
2930,2997,0.0,1.0,0.5,short-term,0.5
2997,3063,0.0,0.7804235704588708,0.3902117852294354,short-term,0.3902117852294354
3063,3130,0.0,0.6603353803135956,0.3301676901567978,short-term,0.3301676901567978
3196,3263,0.0,0.5623397018964801,0.28116985094824004,short-term,0.28116985094824004
3130,3196,0.0,0.5445654190326706,0.2722827095163353,short-term,0.2722827095163353
2797,2864,0.0,0.5242352698817203,0.26211763494086016,short-term,0.26211763494086016
2864,2930,0.0,0.456743294414134,0.228371647207067,short-term,0.228371647207067
3795,3862,0.0,0.4288031908772148,0.2144015954386074,short-term,0.2144015954386074
