low,high,recent_strength,all_strength,avg_strength,zone_type,strength
3036,3107,1.0,0.8638010072122491,0.9319005036061245,persistent,0.9319005036061245
3107,3177,0.7196627028994493,0.8246075759955946,0.772135139447522,short-term,0.772135139447522
2965,3036,0.4794389156748384,0.8452479388076951,0.6623434272412667,short-term,0.6623434272412667
3815,3886,0.0,1.0,0.5,short-term,0.5
3177,3248,0.0,0.8301851116824522,0.4150925558412261,short-term,0.4150925558412261
3886,3957,0.0,0.7212742305972182,0.3606371152986091,short-term,0.3606371152986091
