low,high,recent_strength,all_strength,avg_strength,zone_type,strength
3293,3361,1.0,0.6507721126558288,0.8253860563279144,persistent,0.8253860563279144
2953,3021,0.0,1.0,0.5,short-term,0.5
3089,3157,0.0,0.9622586669408056,0.4811293334704028,short-term,0.4811293334704028
3021,3089,0.0,0.9198314539068906,0.4599157269534453,short-term,0.4599157269534453
3157,3225,0.0,0.8230112452241082,0.4115056226120541,short-term,0.4115056226120541
2885,2953,0.0,0.7681608855434442,0.3840804427717221,short-term,0.3840804427717221
3837,3905,0.0,0.6928783004098332,0.3464391502049166,short-term,0.3464391502049166
