low,high,recent_strength,all_strength,avg_strength,zone_type,strength
2894,2964,1.0,0.5321160521485149,0.7660580260742574,short-term,0.7660580260742574
3035,3106,0.5438243665265995,0.8443365583719978,0.6940804624492987,short-term,0.6940804624492987
3106,3177,0.3130996605739084,0.838698109531205,0.5758988850525567,short-term,0.5758988850525567
2964,3035,0.2776641772620702,0.8370290852775604,0.5573466312698153,short-term,0.5573466312698153
3814,3884,0.0,1.0,0.5,short-term,0.5
3177,3247,0.0,0.8234329450227463,0.41171647251137317,short-term,0.41171647251137317
3884,3955,0.0,0.6918359057763657,0.34591795288818283,short-term,0.34591795288818283
