low,high,recent_strength,all_strength,avg_strength,zone_type,strength
2960,3030,1.0,1.0,1.0,persistent,1.0
2890,2960,0.7981922027368404,0.7875922533920289,0.7928922280644346,short-term,0.7928922280644346
3030,3099,0.3446839949188535,0.9149666700390645,0.629825332478959,short-term,0.629825332478959
3099,3169,0.0,0.8066144144365123,0.40330720721825614,short-term,0.40330720721825614
3796,3866,0.0,0.7946405732494077,0.39732028662470387,short-term,0.39732028662470387
3169,3239,0.0,0.7458769732019866,0.3729384866009933,short-term,0.3729384866009933
