low,high,recent_strength,all_strength,avg_strength,zone_type,strength
2893,2963,1.0,0.6527414282409292,0.8263707141204646,short-term,0.8263707141204646
2963,3033,0.4097456395201756,0.8875106839665091,0.6486281617433424,short-term,0.6486281617433424
3808,3878,0.0,1.0,0.5,short-term,0.5
3033,3104,0.0,0.9145680357727223,0.45728401788636114,short-term,0.45728401788636114
3104,3174,0.0,0.8684457689045689,0.43422288445228446,short-term,0.43422288445228446
3174,3245,0.0,0.8094163033095563,0.40470815165477814,short-term,0.40470815165477814
3949,4019,0.0,0.7675735165288823,0.38378675826444114,short-term,0.38378675826444114
