low,high,recent_strength,all_strength,avg_strength,zone_type,strength
3491,3531,1.0,0.4102700688794215,0.7051350344397107,persistent,0.7051350344397107
3372,3412,0.8999012081750019,0.3099659312769826,0.6049335697259922,short-term,0.6049335697259922
3848,3888,0.0,1.0,0.5,short-term,0.5
3928,3967,0.0,0.7227260852773539,0.36136304263867697,short-term,0.36136304263867697
3809,3848,0.0,0.7129295255876619,0.35646476279383094,short-term,0.35646476279383094
3967,4007,0.0,0.6157437841861592,0.3078718920930796,short-term,0.3078718920930796
3888,3928,0.0,0.555528961799365,0.2777644808996825,short-term,0.2777644808996825
4086,4126,0.0,0.5518968481578572,0.2759484240789286,short-term,0.2759484240789286
4007,4047,0.0,0.45204149442276526,0.22602074721138263,short-term,0.22602074721138263
