low,high,recent_strength,all_strength,avg_strength,zone_type,strength
3090,3158,1.0,0.9682528358631742,0.9841264179315872,persistent,0.9841264179315872
3158,3226,0.31146358005898067,0.8101313830525707,0.5607974815557757,short-term,0.5607974815557757
2954,3022,0.0,1.0,0.5,short-term,0.5
3022,3090,0.0,0.9129076112903024,0.4564538056451512,short-term,0.4564538056451512
2886,2954,0.0,0.7649285475954029,0.3824642737977014,short-term,0.3824642737977014
3838,3906,0.0,0.693193633839162,0.346596816919581,short-term,0.346596816919581
3906,3975,0.0,0.5210088308475385,0.26050441542376923,short-term,0.26050441542376923
