low,high,recent_strength,all_strength,avg_strength,zone_type,strength
2952,3019,1.0,1.0,1.0,persistent,1.0
2884,2952,0.7347363071906408,0.7587887285859067,0.7467625178882737,short-term,0.7467625178882737
3019,3087,0.0,0.8322916313105251,0.41614581565526254,short-term,0.41614581565526254
3087,3155,0.0,0.8261297622872181,0.41306488114360906,short-term,0.41306488114360906
3155,3222,0.0,0.7548081939556834,0.3774040969778417,short-term,0.3774040969778417
3831,3898,0.0,0.6180340888117122,0.3090170444058561,short-term,0.3090170444058561
3290,3358,0.0,0.572664167097808,0.286332083548904,short-term,0.286332083548904
