low,high,recent_strength,all_strength,avg_strength,zone_type,strength
2889,2958,1.0,0.8709304480809331,0.9354652240404666,persistent,0.9354652240404666
2958,3027,0.41250372346832836,1.0,0.7062518617341642,short-term,0.7062518617341642
3027,3097,0.0,0.8645235134543053,0.43226175672715267,short-term,0.43226175672715267
3097,3166,0.0,0.7523422159790979,0.37617110798954895,short-term,0.37617110798954895
3166,3235,0.0,0.7332740292622968,0.3666370146311484,short-term,0.3666370146311484
3858,3927,0.0,0.6833182173966622,0.3416591086983311,short-term,0.3416591086983311
