low,high,recent_strength,all_strength,avg_strength,zone_type,strength
2969,3041,0.9272143934115002,0.9049399046604215,0.9160771490359609,short-term,0.9160771490359609
3113,3185,1.0,0.5881102710855908,0.7940551355427954,short-term,0.7940551355427954
3041,3113,0.5692101002033798,0.6028607609087421,0.5860354305560609,short-term,0.5860354305560609
3833,3905,0.0,1.0,0.5,short-term,0.5
3905,3977,0.0,0.7827142773173252,0.3913571386586626,short-term,0.3913571386586626
3185,3257,0.0,0.7091381731277427,0.35456908656387137,short-term,0.35456908656387137
3977,4049,0.0,0.5916739655688905,0.29583698278444526,short-term,0.29583698278444526
