low,high,recent_strength,all_strength,avg_strength,zone_type,strength
3160,3229,1.0,0.6907967459085921,0.845398372954296,persistent,0.845398372954296
3092,3160,0.6182270317483458,0.7377028825136828,0.6779649571310142,short-term,0.6779649571310142
2955,3024,0.0,1.0,0.5,short-term,0.5
3024,3092,0.0,0.8749410063722508,0.4374705031861254,short-term,0.4374705031861254
2887,2955,0.0,0.7544668576909581,0.37723342884547906,short-term,0.37723342884547906
3845,3913,0.0,0.6678352351158787,0.33391761755793936,short-term,0.33391761755793936
3913,3981,0.0,0.548050871870965,0.2740254359354825,short-term,0.2740254359354825
