low,high,recent_strength,all_strength,avg_strength,zone_type,strength
3411,3450,0.8813460140396543,0.49744241406758366,0.689394214053619,persistent,0.689394214053619
3529,3568,1.0,0.3622474622916411,0.6811237311458206,short-term,0.6811237311458206
3844,3883,0.0,1.0,0.5,short-term,0.5
3805,3844,0.0,0.6608645611993587,0.33043228059967933,short-term,0.33043228059967933
3923,3962,0.0,0.6496549566461769,0.32482747832308845,short-term,0.32482747832308845
3962,4002,0.0,0.627516687243059,0.3137583436215295,short-term,0.3137583436215295
3883,3923,0.0,0.5786558933339989,0.28932794666699946,short-term,0.28932794666699946
4080,4120,0.0,0.5766708423474873,0.28833542117374367,short-term,0.28833542117374367
4002,4041,0.0,0.47106234005102504,0.23553117002551252,short-term,0.23553117002551252
