low,high,recent_strength,all_strength,avg_strength,zone_type,strength
3177,3216,1.0,0.5452517818755185,0.7726258909377592,persistent,0.7726258909377592
3837,3876,0.0,1.0,0.5,short-term,0.5
3914,3953,0.0,0.7130534714100699,0.35652673570503496,short-term,0.35652673570503496
3798,3837,0.0,0.6209360606369059,0.31046803031845294,short-term,0.31046803031845294
3953,3992,0.0,0.5742034510760761,0.28710172553803803,short-term,0.28710172553803803
3876,3914,0.0,0.569763907217569,0.2848819536087845,short-term,0.2848819536087845
4070,4108,0.0,0.5355362683024381,0.26776813415121903,short-term,0.26776813415121903
3410,3449,0.0,0.5173399045580009,0.25866995227900047,short-term,0.25866995227900047
3992,4031,0.0,0.4741648212550891,0.23708241062754454,short-term,0.23708241062754454
