low,high,recent_strength,all_strength,avg_strength,zone_type,strength
2884,2951,1.0,0.8391951021965596,0.9195975510982798,persistent,0.9195975510982798
2951,3019,0.11320760392813513,1.0,0.5566038019640676,short-term,0.5566038019640676
3019,3086,0.0,0.8191616270611178,0.4095808135305589,short-term,0.4095808135305589
3086,3154,0.0,0.818381342018893,0.4091906710094465,short-term,0.4091906710094465
3154,3221,0.0,0.753858732212063,0.3769293661060315,short-term,0.3769293661060315
3828,3896,0.0,0.660497442453593,0.3302487212267965,short-term,0.3302487212267965
3289,3356,0.0,0.5837296662842906,0.2918648331421453,short-term,0.2918648331421453
