low,high,recent_strength,all_strength,avg_strength,zone_type,strength
3090,3158,1.0,0.9307374463032224,0.9653687231516113,persistent,0.9653687231516113
2954,3022,0.0,1.0,0.5,short-term,0.5
3022,3090,0.024736434154039772,0.9108610113470884,0.4677987227505641,short-term,0.4677987227505641
3158,3226,0.028524778367096916,0.7708842514599328,0.39970451491351483,short-term,0.39970451491351483
2886,2954,0.0,0.7638191585021166,0.3819095792510583,short-term,0.3819095792510583
3839,3907,0.0,0.7153246877688464,0.3576623438844232,short-term,0.3576623438844232
3907,3976,0.0,0.5208017972027758,0.2604008986013879,short-term,0.2604008986013879
