low,high,recent_strength,all_strength,avg_strength,zone_type,strength
2890,2959,1.0,0.8201835186424775,0.9100917593212388,persistent,0.9100917593212388
2959,3028,0.4157744424283916,1.0,0.7078872212141958,short-term,0.7078872212141958
3028,3098,0.0,0.8383130526254053,0.41915652631270267,short-term,0.41915652631270267
3098,3167,0.0,0.7366320182778142,0.3683160091389071,short-term,0.3683160091389071
3167,3237,0.0,0.7245686579317585,0.36228432896587925,short-term,0.36228432896587925
3792,3861,0.0,0.6921362693338634,0.3460681346669317,short-term,0.3460681346669317
