low,high,recent_strength,all_strength,avg_strength,zone_type,strength
2961,3031,1.0,1.0,1.0,persistent,1.0
3031,3101,0.17020576297361037,0.9271465353028131,0.5486761491382117,short-term,0.5486761491382117
3800,3870,0.0,0.8926396412557585,0.4463198206278792,short-term,0.4463198206278792
3101,3171,0.0,0.8538568092582528,0.4269284046291264,short-term,0.4269284046291264
3171,3241,0.0,0.7814459483133026,0.3907229741566513,short-term,0.3907229741566513
3940,4010,0.0,0.770316130674653,0.3851580653373265,short-term,0.3851580653373265
