low,high,recent_strength,all_strength,avg_strength,zone_type,strength
2962,3032,1.0,1.0,1.0,persistent,1.0
3802,3872,0.0,0.9609202729716377,0.48046013648581887,short-term,0.48046013648581887
3032,3102,0.0,0.9493992960071189,0.47469964800355946,short-term,0.47469964800355946
3102,3172,0.0,0.8711570429726423,0.43557852148632115,short-term,0.43557852148632115
3172,3242,0.0,0.8119172727780419,0.40595863638902097,short-term,0.40595863638902097
3942,4012,0.0,0.7889009631882259,0.39445048159411294,short-term,0.39445048159411294
