low,high,recent_strength,all_strength,avg_strength,zone_type,strength
3293,3361,1.0,0.6723798911906366,0.8361899455953183,persistent,0.8361899455953183
3157,3225,0.40105878500873704,0.8522977354378639,0.6266782602233005,short-term,0.6266782602233005
2953,3021,0.0,1.0,0.5,short-term,0.5
3089,3157,0.0,0.95614167861802,0.47807083930901,short-term,0.47807083930901
3021,3089,0.0,0.9142459071403731,0.45712295357018656,short-term,0.45712295357018656
2885,2953,0.0,0.7621999676048827,0.38109998380244137,short-term,0.38109998380244137
3837,3905,0.0,0.6905424322634879,0.34527121613174394,short-term,0.34527121613174394
