low,high,recent_strength,all_strength,avg_strength,zone_type,strength
3410,3450,0.9615592521981035,0.49164059041354763,0.7265999213058255,persistent,0.7265999213058255
3529,3568,1.0,0.4081644742092196,0.7040822371046098,short-term,0.7040822371046098
3844,3883,0.0,1.0,0.5,short-term,0.5
3923,3962,0.0,0.6505774089306342,0.3252887044653171,short-term,0.3252887044653171
3804,3844,0.0,0.6462121260008507,0.3231060630004253,short-term,0.3231060630004253
3962,4001,0.0,0.6186865658963603,0.30934328294818014,short-term,0.30934328294818014
4080,4119,0.0,0.6008254870705302,0.3004127435352651,short-term,0.3004127435352651
3883,3923,0.0,0.5722528549143332,0.2861264274571666,short-term,0.2861264274571666
4001,4041,0.0,0.47223708855061536,0.23611854427530768,short-term,0.23611854427530768
