low,high,recent_strength,all_strength,avg_strength,zone_type,strength
3037,3108,1.0,0.8666447426363034,0.9333223713181518,persistent,0.9333223713181518
3108,3179,0.2904955613879753,0.7691767846551224,0.5298361730215488,short-term,0.5298361730215488
3818,3889,0.0,1.0,0.5,short-term,0.5
3179,3250,0.03281277448801889,0.8413276942163401,0.4370702343521795,short-term,0.4370702343521795
2966,3037,0.0,0.8051595773005558,0.4025797886502779,short-term,0.4025797886502779
3889,3960,0.0,0.711696058709186,0.355848029354593,short-term,0.355848029354593
