low,high,recent_strength,all_strength,avg_strength,zone_type,strength
3324,3396,1.0,0.5605768777624219,0.780288438881211,short-term,0.780288438881211
3181,3253,0.6257716068321497,0.7634199569470131,0.6945957818895814,short-term,0.6945957818895814
3824,3895,0.0,1.0,0.5,short-term,0.5
3110,3181,0.22670780707299482,0.7240810742882764,0.47539444068063563,short-term,0.47539444068063563
2967,3038,0.0,0.8375558525151732,0.4187779262575866,short-term,0.4187779262575866
3038,3110,0.012031624161317237,0.666844862026796,0.3394382430940566,short-term,0.3394382430940566
3895,3967,0.0,0.6733804975381062,0.3366902487690531,short-term,0.3366902487690531
