low,high,recent_strength,all_strength,avg_strength,zone_type,strength
2883,2951,1.0,0.8353646948055401,0.91768234740277,persistent,0.91768234740277
2951,3018,0.5922207741997783,1.0,0.7961103870998891,short-term,0.7961103870998891
3018,3085,0.3342059981486006,0.7964308454637101,0.5653184218061553,short-term,0.5653184218061553
3085,3153,0.0,0.7726214666412489,0.38631073332062443,short-term,0.38631073332062443
3153,3220,0.0,0.7047992076002867,0.35239960380014335,short-term,0.35239960380014335
3826,3894,0.0,0.6182604001866766,0.3091302000933383,short-term,0.3091302000933383
3287,3355,0.0,0.5419328558439533,0.27096642792197667,short-term,0.27096642792197667
