low,high,recent_strength,all_strength,avg_strength,zone_type,strength
2961,3031,1.0,1.0,1.0,persistent,1.0
3031,3101,0.0,0.9289137502970092,0.4644568751485046,short-term,0.4644568751485046
3801,3871,0.0,0.9176563860670855,0.4588281930335428,short-term,0.4588281930335428
3101,3171,0.0,0.8763622888837054,0.4381811444418527,short-term,0.4381811444418527
3171,3241,0.0,0.8045078242341599,0.40225391211707995,short-term,0.40225391211707995
3941,4011,0.0,0.77990815453638,0.38995407726819,short-term,0.38995407726819
