low,high,recent_strength,all_strength,avg_strength,zone_type,strength
3037,3108,1.0,0.8360183157251834,0.9180091578625917,persistent,0.9180091578625917
3818,3889,0.0,1.0,0.5,short-term,0.5
3108,3179,0.25128774972016027,0.7460263013879685,0.49865702555406444,short-term,0.49865702555406444
3179,3250,0.12981189961344086,0.8329139458540704,0.48136292273375564,short-term,0.48136292273375564
2966,3037,0.0,0.7984781606557804,0.3992390803278902,short-term,0.3992390803278902
3889,3961,0.0,0.6816734847113096,0.3408367423556548,short-term,0.3408367423556548
