low,high,recent_strength,all_strength,avg_strength,zone_type,strength
3410,3450,1.0,0.5364226684130813,0.7682113342065406,persistent,0.7682113342065406
3528,3568,0.8251942107835407,0.401863703745018,0.6135289572642794,short-term,0.6135289572642794
3843,3883,0.0,1.0,0.5,short-term,0.5
3922,3961,0.0,0.6736442267066699,0.33682211335333495,short-term,0.33682211335333495
3804,3843,0.0,0.6594475605326465,0.32972378026632326,short-term,0.32972378026632326
3961,4001,0.0,0.6160693887955814,0.3080346943977907,short-term,0.3080346943977907
4079,4119,0.0,0.5704962595416213,0.28524812977081065,short-term,0.28524812977081065
3883,3922,0.0,0.5471095346997998,0.2735547673498999,short-term,0.2735547673498999
4001,4040,0.0,0.47693076808989665,0.23846538404494833,short-term,0.23846538404494833
