low,high,recent_strength,all_strength,avg_strength,zone_type,strength
2951,3018,1.0,1.0,1.0,persistent,1.0
2883,2951,0.8349967672350892,0.8216493153226085,0.8283230412788489,short-term,0.8283230412788489
3018,3085,0.4481296591904466,0.7791553135916084,0.6136424863910275,short-term,0.6136424863910275
3085,3153,0.0,0.7627262844083263,0.3813631422041632,short-term,0.3813631422041632
3153,3220,0.0,0.690716703502412,0.345358351751206,short-term,0.345358351751206
3826,3893,0.0,0.605268598859782,0.302634299429891,short-term,0.302634299429891
3287,3355,0.0,0.5323049246649888,0.2661524623324944,short-term,0.2661524623324944
