low,high,recent_strength,all_strength,avg_strength,zone_type,strength
3091,3159,1.0,0.876105782216808,0.9380528911084041,persistent,0.9380528911084041
3023,3091,0.2834645908135461,0.9172215728250275,0.6003430818192868,short-term,0.6003430818192868
2954,3023,0.0,1.0,0.5,short-term,0.5
3159,3227,0.15598542025770937,0.760704738553344,0.45834507940552666,short-term,0.45834507940552666
2886,2954,0.0,0.7629696741214231,0.38148483706071157,short-term,0.38148483706071157
3841,3909,0.0,0.6921522206889638,0.3460761103444819,short-term,0.3460761103444819
3909,3978,0.0,0.5175805290376904,0.2587902645188452,short-term,0.2587902645188452
