low,high,recent_strength,all_strength,avg_strength,zone_type,strength
2889,2959,1.0,0.8466939695907164,0.9233469847953581,persistent,0.9233469847953581
2959,3028,0.4904064212210381,1.0,0.7452032106105191,short-term,0.7452032106105191
3028,3097,0.0,0.8566304841059886,0.4283152420529943,short-term,0.4283152420529943
3097,3166,0.0,0.7491573490960304,0.3745786745480152,short-term,0.3745786745480152
3166,3236,0.0,0.7301698831404793,0.36508494157023963,short-term,0.36508494157023963
3929,3998,0.0,0.6866623446911994,0.3433311723455997,short-term,0.3433311723455997
