low,high,recent_strength,all_strength,avg_strength,zone_type,strength
3696,3737,0.9532117356205336,0.406987299803503,0.6800995177120184,short-term,0.6800995177120184
3859,3900,0.3620600435414942,0.8858236648106596,0.6239418541760768,short-term,0.6239418541760768
3818,3859,0.20956907736382488,1.0,0.6047845386819124,short-term,0.6047845386819124
3492,3533,1.0,0.192246520631882,0.596123260315941,short-term,0.596123260315941
3940,3981,0.0,0.9090827971458255,0.45454139857291276,short-term,0.45454139857291276
3900,3940,0.1447107376385798,0.49145638922591073,0.31808356343224525,short-term,0.31808356343224525
3981,4022,0.0,0.5352019911138842,0.2676009955569421,short-term,0.2676009955569421
4063,4104,0.0,0.5270608407631939,0.26353042038159696,short-term,0.26353042038159696
