low,high,recent_strength,all_strength,avg_strength,zone_type,strength
2957,3026,1.0,1.0,1.0,persistent,1.0
2888,2957,0.46346034706302786,0.7806575521468745,0.6220589496049511,short-term,0.6220589496049511
3026,3094,0.03600209770924065,0.790641083117,0.41332159041312033,short-term,0.41332159041312033
3851,3920,0.0,0.6640375097144406,0.3320187548572203,short-term,0.3320187548572203
3094,3163,0.0,0.6477322460687097,0.32386612303435486,short-term,0.32386612303435486
3163,3232,0.0,0.6293714392985735,0.31468571964928677,short-term,0.31468571964928677
3920,3989,0.0,0.5562971867946656,0.2781485933973328,short-term,0.2781485933973328
