low,high,recent_strength,all_strength,avg_strength,zone_type,strength
2952,3020,1.0,1.0,1.0,persistent,1.0
2884,2952,0.8803305740161886,0.771625959465705,0.8259782667409468,short-term,0.8259782667409468
3020,3087,0.031365501406541554,0.8373124317138765,0.43433896656020904,short-term,0.43433896656020904
3087,3155,0.0,0.836705646490989,0.4183528232454945,short-term,0.4183528232454945
3155,3223,0.0,0.7758553143835242,0.3879276571917621,short-term,0.3879276571917621
3832,3899,0.0,0.6176384539954171,0.30881922699770853,short-term,0.30881922699770853
3290,3358,0.0,0.5836662452445173,0.29183312262225863,short-term,0.29183312262225863
