low,high,recent_strength,all_strength,avg_strength,zone_type,strength
2889,2958,1.0,0.8818136258193767,0.9409068129096884,persistent,0.9409068129096884
2958,3027,0.6722431097459615,1.0,0.8361215548729808,short-term,0.8361215548729808
3027,3096,0.5100416683854099,0.9172203154154555,0.7136309919004327,short-term,0.7136309919004327
3096,3165,0.0,0.7419239183606727,0.37096195918033636,short-term,0.37096195918033636
3165,3234,0.0,0.719260852351651,0.3596304261758255,short-term,0.3596304261758255
3787,3856,0.0,0.6775475524593892,0.3387737762296946,short-term,0.3387737762296946
