low,high,recent_strength,all_strength,avg_strength,zone_type,strength
2953,3020,1.0,1.0,1.0,persistent,1.0
3020,3088,0.7837644666089679,0.9131640336155338,0.8484642501122508,short-term,0.8484642501122508
2885,2953,0.7929943793008569,0.769095780801918,0.7810450800513875,persistent,0.7810450800513875
3156,3224,0.5411679911542779,0.8565155879622728,0.6988417895582754,short-term,0.6988417895582754
3088,3156,0.46750857806668955,0.9223879897413992,0.6949482839040444,short-term,0.6949482839040444
3834,3902,0.0,0.6431973236863449,0.32159866184317243,short-term,0.32159866184317243
3292,3360,0.0,0.6201890838208168,0.3100945419104084,short-term,0.3100945419104084
