low,high,recent_strength,all_strength,avg_strength,zone_type,strength
3091,3159,1.0,0.8429247486049085,0.9214623743024543,persistent,0.9214623743024543
3159,3228,0.4762646044620787,0.756312330618767,0.6162884675404229,short-term,0.6162884675404229
3023,3091,0.12701526253624557,0.8801733473304504,0.503594304933348,short-term,0.503594304933348
2955,3023,0.0,1.0,0.5,short-term,0.5
2886,2955,0.0,0.7567936134756775,0.37839680673783876,short-term,0.37839680673783876
3842,3910,0.0,0.6670527666236494,0.3335263833118247,short-term,0.3335263833118247
3910,3979,0.0,0.5145919518574734,0.2572959759287367,short-term,0.2572959759287367
