low,high,recent_strength,all_strength,avg_strength,zone_type,strength
2957,3025,1.0,1.0,1.0,persistent,1.0
2888,2957,0.2673146058863027,0.7763114426294467,0.5218130242578747,short-term,0.5218130242578747
3025,3094,0.0,0.7932053090446284,0.3966026545223142,short-term,0.3966026545223142
3851,3919,0.0,0.6818457356598543,0.34092286782992715,short-term,0.34092286782992715
3163,3232,0.0,0.6396293635238278,0.3198146817619139,short-term,0.3198146817619139
3094,3163,0.0,0.6303643765589302,0.3151821882794651,short-term,0.3151821882794651
3919,3988,0.0,0.5467624934054283,0.27338124670271413,short-term,0.27338124670271413
