low,high,recent_strength,all_strength,avg_strength,zone_type,strength
2889,2958,1.0,0.8752987979597742,0.9376493989798871,persistent,0.9376493989798871
2958,3027,0.41659086984131505,1.0,0.7082954349206575,short-term,0.7082954349206575
3027,3096,0.0,0.864523513454303,0.4322617567271515,short-term,0.4322617567271515
3096,3166,0.0,0.7523422159791,0.37617110798955,short-term,0.37617110798955
3166,3235,0.0,0.7332740292622991,0.36663701463114956,short-term,0.36663701463114956
3857,3927,0.0,0.683318217396654,0.341659108698327,short-term,0.341659108698327
