low,high,recent_strength,all_strength,avg_strength,zone_type,strength
3037,3108,1.0,0.809467826645665,0.9047339133228325,persistent,0.9047339133228325
3179,3250,0.24484956957726708,0.8303430197668543,0.5375962946720607,short-term,0.5375962946720607
3108,3179,0.3206171385556425,0.733609192559519,0.5271131655575807,short-term,0.5271131655575807
3819,3890,0.0,1.0,0.5,short-term,0.5
2966,3037,0.0,0.7960135262916631,0.39800676314583155,short-term,0.39800676314583155
3890,3961,0.0,0.6764827225040501,0.33824136125202503,short-term,0.33824136125202503
