low,high,recent_strength,all_strength,avg_strength,zone_type,strength
2956,3025,1.0,1.0,1.0,persistent,1.0
2888,2956,0.1289480283548539,0.7711873233186851,0.4500676758367695,short-term,0.4500676758367695
3025,3094,0.0,0.7871148136938663,0.39355740684693313,short-term,0.39355740684693313
3850,3919,0.0,0.6795758067784536,0.3397879033892268,short-term,0.3397879033892268
3163,3231,0.0,0.6275785003756996,0.3137892501878498,short-term,0.3137892501878498
3094,3163,0.0,0.6270584615057612,0.3135292307528806,short-term,0.3135292307528806
3919,3988,0.0,0.5362026361545819,0.26810131807729093,short-term,0.26810131807729093
