low,high,recent_strength,all_strength,avg_strength,zone_type,strength
2894,2965,1.0,0.5169080233958085,0.7584540116979043,short-term,0.7584540116979043
3035,3106,0.5988005601155652,0.8468441653296559,0.7228223627226105,short-term,0.7228223627226105
3106,3177,0.3781499533579332,0.8389179988479594,0.6085339761029462,short-term,0.6085339761029462
2965,3035,0.305733753583884,0.8370290852775552,0.5713814194307196,short-term,0.5713814194307196
3814,3885,0.0,1.0,0.5,short-term,0.5
3177,3248,0.0,0.8253925080893549,0.41269625404467747,short-term,0.41269625404467747
3885,3956,0.0,0.6918359057763617,0.34591795288818084,short-term,0.34591795288818084
