low,high,recent_strength,all_strength,avg_strength,zone_type,strength
3092,3161,0.9421720851437164,0.7369460082605671,0.8395590467021418,short-term,0.8395590467021418
3161,3229,1.0,0.6710167517324908,0.8355083758662454,persistent,0.8355083758662454
2955,3024,0.0,1.0,0.5,short-term,0.5
3024,3092,0.0,0.868397675387175,0.4341988376935875,short-term,0.4341988376935875
2887,2955,0.0,0.7503515134682214,0.3751757567341107,short-term,0.3751757567341107
3845,3913,0.0,0.6641924351060998,0.3320962175530499,short-term,0.3320962175530499
3913,3982,0.0,0.5450614523009377,0.27253072615046886,short-term,0.27253072615046886
