low,high,recent_strength,all_strength,avg_strength,zone_type,strength
2957,3025,1.0,1.0,1.0,persistent,1.0
2888,2957,0.5079610136860292,0.7809169988465787,0.6444390062663039,short-term,0.6444390062663039
3025,3094,0.0,0.7979110900520044,0.3989555450260022,short-term,0.3989555450260022
3851,3920,0.0,0.6668697940136115,0.33343489700680573,short-term,0.33343489700680573
3163,3232,0.0,0.6434240377100802,0.3217120188550401,short-term,0.3217120188550401
3094,3163,0.0,0.6341040851527999,0.31705204257639996,short-term,0.31705204257639996
3920,3989,0.0,0.5549173577980926,0.2774586788990463,short-term,0.2774586788990463
