low,high,recent_strength,all_strength,avg_strength,zone_type,strength
3181,3252,1.0,0.8159441049786863,0.9079720524893431,persistent,0.9079720524893431
3038,3109,0.4587500202275707,0.7438168614873063,0.6012834408574386,short-term,0.6012834408574386
3823,3894,0.0,1.0,0.5,short-term,0.5
3109,3181,0.19178011856908736,0.7271302549095751,0.4594551867393312,short-term,0.4594551867393312
2967,3038,0.0,0.8272087781303277,0.41360438906516384,short-term,0.41360438906516384
3894,3965,0.0,0.6840692696876811,0.34203463484384056,short-term,0.34203463484384056
