low,high,recent_strength,all_strength,avg_strength,zone_type,strength
2950,3018,1.0,1.0,1.0,persistent,1.0
3018,3085,0.4129545762581967,0.7572502390882767,0.5851024076732367,short-term,0.5851024076732367
2816,2883,0.6624895170976558,0.4850940806329582,0.573791798865307,short-term,0.573791798865307
2883,2950,0.18718133946372212,0.795673192832493,0.4914272661481076,short-term,0.4914272661481076
3085,3152,0.0,0.7350229761672709,0.36751148808363543,short-term,0.36751148808363543
3152,3219,0.0,0.7088069616157511,0.35440348080787554,short-term,0.35440348080787554
3824,3892,0.0,0.5892063870422249,0.29460319352111247,short-term,0.29460319352111247
3287,3354,0.0,0.540876489347328,0.270438244673664,short-term,0.270438244673664
