low,high,recent_strength,all_strength,avg_strength,zone_type,strength
2960,3030,0.9017735446597229,1.0,0.9508867723298615,short-term,0.9508867723298615
2890,2960,1.0,0.798082130359339,0.8990410651796694,persistent,0.8990410651796694
3030,3099,0.3227123224200203,0.9093796062582318,0.6160459643391261,short-term,0.6160459643391261
3795,3865,0.0,0.7782603404303474,0.3891301702151737,short-term,0.3891301702151737
3169,3238,0.0,0.7720054486735896,0.3860027243367948,short-term,0.3860027243367948
3099,3169,0.0,0.7683250832526242,0.3841625416263121,short-term,0.3841625416263121
