low,high,recent_strength,all_strength,avg_strength,zone_type,strength
2892,2963,1.0,0.7375976794884058,0.8687988397442029,short-term,0.8687988397442029
2963,3033,0.3654279596749355,0.9005473563003801,0.6329876579876578,short-term,0.6329876579876578
3807,3877,0.0,1.0,0.5,short-term,0.5
3033,3103,0.0,0.9186229076565088,0.4593114538282544,short-term,0.4593114538282544
3103,3174,0.0,0.8857750365064783,0.44288751825323913,short-term,0.44288751825323913
3174,3244,0.0,0.8215962869667446,0.4107981434833723,short-term,0.4107981434833723
3947,4018,0.0,0.7829130227613597,0.39145651138067983,short-term,0.39145651138067983
