low,high,recent_strength,all_strength,avg_strength,zone_type,strength
3190,3229,1.0,0.58569368291226,0.79284684145613,persistent,0.79284684145613
3851,3890,0.0,1.0,0.5,short-term,0.5
3812,3851,0.0,0.7405222136766008,0.3702611068383004,short-term,0.3702611068383004
3929,3968,0.0,0.7160856856995758,0.3580428428497879,short-term,0.3580428428497879
3968,4007,0.0,0.6131659994233382,0.3065829997116691,short-term,0.3065829997116691
4084,4123,0.0,0.5703285687420112,0.2851642843710056,short-term,0.2851642843710056
3423,3462,0.0,0.5695113649153897,0.28475568245769484,short-term,0.28475568245769484
3890,3929,0.0,0.5075953885968242,0.2537976942984121,short-term,0.2537976942984121
4007,4045,0.0,0.4394957431440851,0.21974787157204256,short-term,0.21974787157204256
