low,high,recent_strength,all_strength,avg_strength,zone_type,strength
3090,3159,1.0,0.8467831876148183,0.9233915938074091,persistent,0.9233915938074091
3022,3090,0.480051634403613,0.9199938069100941,0.7000227206568536,short-term,0.7000227206568536
2954,3022,0.0,1.0,0.5,short-term,0.5
3159,3227,0.0,0.7689807535139995,0.38449037675699976,short-term,0.38449037675699976
2886,2954,0.0,0.7668401517009334,0.3834200758504667,short-term,0.3834200758504667
3840,3909,0.0,0.7126366083119274,0.3563183041559637,short-term,0.3563183041559637
3909,3977,0.0,0.5186942038926315,0.2593471019463158,short-term,0.2593471019463158
