low,high,recent_strength,all_strength,avg_strength,zone_type,strength
2884,2951,0.9227363496144446,0.7880414981062973,0.8553889238603709,short-term,0.8553889238603709
2816,2884,1.0,0.481609285704237,0.7408046428521184,short-term,0.7408046428521184
2951,3019,0.3910944099122885,1.0,0.6955472049561442,short-term,0.6955472049561442
3087,3154,0.0,0.8260898875680494,0.4130449437840247,short-term,0.4130449437840247
3019,3087,0.0,0.8217458415265047,0.4108729207632523,short-term,0.4108729207632523
3154,3222,0.0,0.7466436551970519,0.37332182759852595,short-term,0.37332182759852595
3829,3897,0.0,0.6488424637411974,0.3244212318705987,short-term,0.3244212318705987
3289,3357,0.0,0.5844809139183765,0.29224045695918827,short-term,0.29224045695918827
