low,high,recent_strength,all_strength,avg_strength,zone_type,strength
2681,2748,1.0,0.3486108944375007,0.6743054472187504,short-term,0.6743054472187504
2949,3016,0.23725331951802747,1.0,0.6186266597590138,short-term,0.6186266597590138
2815,2882,0.36278800853381593,0.4870512166838107,0.4249196126088133,short-term,0.4249196126088133
2882,2949,0.052418302636492824,0.7909808263300335,0.4216995644832632,short-term,0.4216995644832632
3016,3083,0.05177616658622571,0.7753155081585263,0.41354583737237605,short-term,0.41354583737237605
3083,3151,0.0,0.7443803695440668,0.3721901847720334,short-term,0.3721901847720334
3151,3218,0.0,0.6969795189627672,0.3484897594813836,short-term,0.3484897594813836
3822,3889,0.0,0.5805532220889409,0.29027661104447045,short-term,0.29027661104447045
3285,3352,0.0,0.5477927536659914,0.2738963768329957,short-term,0.2738963768329957
