low,high,recent_strength,all_strength,avg_strength,zone_type,strength
2893,2963,1.0,0.6527414282409284,0.8263707141204641,short-term,0.8263707141204641
2963,3034,0.37723333552705063,0.913109894420384,0.6451716149737173,short-term,0.6451716149737173
3809,3879,0.0,1.0,0.5,short-term,0.5
3034,3104,0.0,0.8889688253188438,0.4444844126594219,short-term,0.4444844126594219
3104,3175,0.0,0.8684457689045675,0.43422288445228374,short-term,0.43422288445228374
3175,3245,0.0,0.8118889218640742,0.4059444609320371,short-term,0.4059444609320371
3949,4020,0.0,0.7365791646319666,0.3682895823159833,short-term,0.3682895823159833
