low,high,recent_strength,all_strength,avg_strength,zone_type,strength
2952,3020,0.8180346958102552,1.0,0.9090173479051276,short-term,0.9090173479051276
2885,2952,1.0,0.7825225919065594,0.8912612959532797,persistent,0.8912612959532797
3020,3088,0.32225202846880757,0.8455565686302114,0.5839042985495095,short-term,0.5839042985495095
3088,3155,0.0,0.8481012320630169,0.42405061603150845,short-term,0.42405061603150845
3155,3223,0.0,0.7834779511173067,0.39173897555865334,short-term,0.39173897555865334
3832,3900,0.0,0.6197060042266026,0.3098530021133013,short-term,0.3098530021133013
3291,3358,0.0,0.5888517583110201,0.29442587915551005,short-term,0.29442587915551005
