low,high,recent_strength,all_strength,avg_strength,zone_type,strength
3112,3183,1.0,0.669492439188551,0.8347462195942754,persistent,0.8347462195942754
3040,3112,0.8756042306260879,0.6487714992892866,0.7621878649576872,short-term,0.7621878649576872
2968,3040,0.42342313204045695,0.8683944400844976,0.6459087860624773,short-term,0.6459087860624773
3829,3900,0.0,1.0,0.5,short-term,0.5
3900,3972,0.0,0.7092256172585345,0.35461280862926725,short-term,0.35461280862926725
3183,3255,0.0,0.6367836086157722,0.3183918043078861,short-term,0.3183918043078861
