low,high,recent_strength,all_strength,avg_strength,zone_type,strength
2956,3025,1.0,1.0,1.0,persistent,1.0
3025,3094,0.0,0.7921760064590003,0.39608800322950016,short-term,0.39608800322950016
2888,2956,0.0,0.7675238418489104,0.3837619209244552,short-term,0.3837619209244552
3849,3918,0.0,0.6705658145536909,0.33528290727684545,short-term,0.33528290727684545
3094,3162,0.0,0.629287886431392,0.314643943215696,short-term,0.314643943215696
3162,3231,0.0,0.6128409630407823,0.30642048152039114,short-term,0.30642048152039114
3918,3987,0.0,0.5406925989636818,0.2703462994818409,short-term,0.2703462994818409
