low,high,recent_strength,all_strength,avg_strength,zone_type,strength
3092,3161,1.0,0.7430066698580667,0.8715033349290333,persistent,0.8715033349290333
2955,3024,0.0,1.0,0.5,short-term,0.5
3024,3092,0.05321727915428108,0.8703704667671645,0.4617938729607228,short-term,0.4617938729607228
3161,3229,0.2607398896408911,0.6230340288860746,0.44188695926348287,short-term,0.44188695926348287
2887,2955,0.0,0.7543278925806738,0.3771639462903369,short-term,0.3771639462903369
3845,3914,0.0,0.6658564814678962,0.3329282407339481,short-term,0.3329282407339481
3914,3982,0.0,0.5437505158527011,0.27187525792635053,short-term,0.27187525792635053
