low,high,recent_strength,all_strength,avg_strength,zone_type,strength
3180,3251,1.0,0.8153428086640473,0.9076714043320236,persistent,0.9076714043320236
3038,3109,0.6684966966291591,0.7888224540235941,0.7286595753263766,short-term,0.7286595753263766
3109,3180,0.3064426475615003,0.7491354087839548,0.5277890281727275,short-term,0.5277890281727275
3821,3892,0.0,1.0,0.5,short-term,0.5
2966,3038,0.0,0.8238135374787302,0.4119067687393651,short-term,0.4119067687393651
3892,3963,0.0,0.6765469080125188,0.3382734540062594,short-term,0.3382734540062594
