low,high,recent_strength,all_strength,avg_strength,zone_type,strength
2681,2748,1.0,0.352576092023698,0.676288046011849,short-term,0.676288046011849
2949,3016,0.16131325465266622,1.0,0.5806566273263332,short-term,0.5806566273263332
2882,2949,0.05107262575957664,0.7909808263300384,0.4210267260448075,short-term,0.4210267260448075
2815,2882,0.3534745548401298,0.48705121668381135,0.4202628857619706,short-term,0.4202628857619706
3016,3083,0.05044697455508295,0.7753155081585251,0.41288124135680404,short-term,0.41288124135680404
3083,3151,0.0,0.7418288505020195,0.37091442525100976,short-term,0.37091442525100976
3151,3218,0.0,0.6995310380048119,0.34976551900240593,short-term,0.34976551900240593
3822,3889,0.0,0.5704046015810155,0.28520230079050773,short-term,0.28520230079050773
3285,3352,0.0,0.5452735496974435,0.27263677484872173,short-term,0.27263677484872173
