low,high,recent_strength,all_strength,avg_strength,zone_type,strength
2082,2149,1.0,0.1976961540433219,0.598848077021661,short-term,0.598848077021661
2944,3010,0.0,1.0,0.5,short-term,0.5
3010,3076,0.0,0.7806085061373932,0.3903042530686966,short-term,0.3903042530686966
3076,3143,0.0,0.7591826693466264,0.3795913346733132,short-term,0.3795913346733132
2878,2944,0.0,0.7098748269062559,0.35493741345312796,short-term,0.35493741345312796
3143,3209,0.0,0.6096103062834164,0.3048051531417082,short-term,0.3048051531417082
3805,3871,0.0,0.5303356204522646,0.2651678102261323,short-term,0.2651678102261323
2811,2878,0.0,0.5214672618402131,0.26073363092010654,short-term,0.26073363092010654
3275,3341,0.0,0.5211561022990837,0.26057805114954186,short-term,0.26057805114954186
