low,high,recent_strength,all_strength,avg_strength,zone_type,strength
3410,3450,0.9587928980036015,0.4819308672621559,0.7203618826328787,persistent,0.7203618826328787
3529,3568,1.0,0.4063717241280686,0.7031858620640343,short-term,0.7031858620640343
3844,3883,0.0,1.0,0.5,short-term,0.5
3922,3962,0.0,0.6581967173698693,0.32909835868493464,short-term,0.32909835868493464
3804,3844,0.0,0.6462121260008543,0.32310606300042716,short-term,0.32310606300042716
3962,4001,0.0,0.6139928863570859,0.30699644317854297,short-term,0.30699644317854297
4080,4119,0.0,0.5942485763692494,0.2971242881846247,short-term,0.2971242881846247
3883,3922,0.0,0.5646335464750971,0.28231677323754856,short-term,0.28231677323754856
4001,4040,0.0,0.4769307680898967,0.23846538404494835,short-term,0.23846538404494835
