low,high,recent_strength,all_strength,avg_strength,zone_type,strength
3570,3610,1.0,0.2990369190255436,0.6495184595127718,short-term,0.6495184595127718
3491,3531,0.7573111599613207,0.4111654366737737,0.5842382983175471,persistent,0.5842382983175471
3848,3887,0.0,1.0,0.5,short-term,0.5
3927,3967,0.0,0.729425840648654,0.364712920324327,short-term,0.364712920324327
3808,3848,0.0,0.7123360736927853,0.35616803684639264,short-term,0.35616803684639264
3967,4006,0.0,0.6170875750101825,0.30854378750509126,short-term,0.30854378750509126
3887,3927,0.0,0.5559505786770681,0.27797528933853405,short-term,0.27797528933853405
4086,4125,0.0,0.5531013003007937,0.27655065015039687,short-term,0.27655065015039687
4006,4046,0.0,0.4530280236056576,0.2265140118028288,short-term,0.2265140118028288
