low,high,recent_strength,all_strength,avg_strength,zone_type,strength
3091,3159,1.0,0.8280300738200825,0.9140150369100413,persistent,0.9140150369100413
3022,3091,0.449450097808306,0.9231565704201818,0.6863033341142439,short-term,0.6863033341142439
2954,3022,0.0,1.0,0.5,short-term,0.5
3159,3227,0.06775963986160513,0.7582704353672336,0.4130150376144194,short-term,0.4130150376144194
2886,2954,0.0,0.7672177819710077,0.3836088909855038,short-term,0.3836088909855038
3841,3909,0.0,0.7121125029825337,0.35605625149126685,short-term,0.35605625149126685
3909,3977,0.0,0.5204623446363632,0.2602311723181816,short-term,0.2602311723181816
