low,high,recent_strength,all_strength,avg_strength,zone_type,strength
3037,3108,1.0,0.8163063746802394,0.9081531873401196,persistent,0.9081531873401196
3108,3179,0.2819291973709293,0.7437235683270758,0.5128263828490025,short-term,0.5128263828490025
3819,3890,0.0,1.0,0.5,short-term,0.5
3179,3250,0.16164011762538413,0.8303430197668418,0.49599156869611294,short-term,0.49599156869611294
2966,3037,0.0,0.796013526291652,0.398006763145826,short-term,0.398006763145826
3890,3961,0.0,0.6764827225040421,0.33824136125202103,short-term,0.33824136125202103
