low,high,recent_strength,all_strength,avg_strength,zone_type,strength
2254,2320,1.0,0.2502789993953815,0.6251394996976908,short-term,0.6251394996976908
2918,2985,0.0,1.0,0.5,short-term,0.5
2985,3051,0.0,0.8251657273514865,0.41258286367574326,short-term,0.41258286367574326
3051,3118,0.0,0.6280835934031772,0.3140417967015886,short-term,0.3140417967015886
3184,3251,0.0,0.6173521556534399,0.30867607782671996,short-term,0.30867607782671996
3118,3184,0.0,0.5947527681402605,0.29737638407013023,short-term,0.29737638407013023
2785,2852,0.0,0.5098922593583706,0.2549461296791853,short-term,0.2549461296791853
3849,3915,0.0,0.46626892520787194,0.23313446260393597,short-term,0.23313446260393597
3317,3383,0.0,0.45071634761561485,0.22535817380780743,short-term,0.22535817380780743
