low,high,recent_strength,all_strength,avg_strength,zone_type,strength
2254,2320,1.0,0.24566774108478012,0.62283387054239,short-term,0.62283387054239
2918,2985,0.0,1.0,0.5,short-term,0.5
2985,3051,0.0,0.8273171285192972,0.4136585642596486,short-term,0.4136585642596486
3051,3118,0.0,0.6297211550850843,0.31486057754254215,short-term,0.31486057754254215
3184,3251,0.0,0.6189617379526139,0.30948086897630694,short-term,0.30948086897630694
3118,3184,0.0,0.5963034285197797,0.29815171425988984,short-term,0.29815171425988984
2785,2852,0.0,0.511221668428426,0.255610834214213,short-term,0.255610834214213
3849,3915,0.0,0.46748459798358644,0.23374229899179322,short-term,0.23374229899179322
3317,3384,0.0,0.451891471162885,0.2259457355814425,short-term,0.2259457355814425
