low,high,recent_strength,all_strength,avg_strength,zone_type,strength
3111,3183,1.0,0.6723025419808296,0.8361512709904149,persistent,0.8361512709904149
3040,3111,0.7722226108788124,0.657118347878414,0.7146704793786132,short-term,0.7146704793786132
2968,3040,0.3393519737998174,0.8608927534283648,0.6001223636140911,short-term,0.6001223636140911
3828,3900,0.0,1.0,0.5,short-term,0.5
3900,3971,0.0,0.6962409796415491,0.34812048982077454,short-term,0.34812048982077454
3183,3255,0.0,0.6352900810612268,0.3176450405306134,short-term,0.3176450405306134
