low,high,recent_strength,all_strength,avg_strength,zone_type,strength
2960,3030,1.0,1.0,1.0,persistent,1.0
2890,2960,0.7482507161118036,0.784276338191925,0.7662635271518643,short-term,0.7662635271518643
3030,3100,0.33594012531106393,0.9149666700390725,0.6254533976750682,short-term,0.6254533976750682
3100,3169,0.0,0.806614414436513,0.4033072072182565,short-term,0.4033072072182565
3796,3866,0.0,0.8055034983423618,0.4027517491711809,short-term,0.4027517491711809
3169,3239,0.0,0.7458769732019929,0.37293848660099643,short-term,0.37293848660099643
