low,high,recent_strength,all_strength,avg_strength,zone_type,strength
2950,3017,0.36756804196095455,1.0,0.6837840209804773,short-term,0.6837840209804773
2681,2749,1.0,0.32224298662415296,0.6611214933120765,short-term,0.6611214933120765
2816,2883,0.4352943926233259,0.4857804910221485,0.4605374418227372,short-term,0.4605374418227372
3017,3084,0.14390335659109865,0.7689751309325191,0.4564392437618089,short-term,0.4564392437618089
2883,2950,0.06289456286251814,0.7824898638485184,0.42269221335551826,short-term,0.42269221335551826
3084,3152,0.0,0.7396923023374355,0.3698461511687178,short-term,0.3698461511687178
3152,3219,0.0,0.700867801254486,0.350433900627243,short-term,0.350433900627243
3823,3890,0.0,0.5815268305378758,0.2907634152689379,short-term,0.2907634152689379
3286,3353,0.0,0.5455904805009438,0.2727952402504719,short-term,0.2727952402504719
