low,high,recent_strength,all_strength,avg_strength,zone_type,strength
3181,3252,1.0,0.8159441049786887,0.9079720524893444,persistent,0.9079720524893444
3823,3894,0.0,1.0,0.5,short-term,0.5
3038,3109,0.25787780014193434,0.713007910944092,0.48544285554301314,short-term,0.48544285554301314
3109,3181,0.1917801185690874,0.7271302549095795,0.45945518673933344,short-term,0.45945518673933344
2967,3038,0.0,0.8272087781303278,0.4136043890651639,short-term,0.4136043890651639
3894,3966,0.0,0.6840692696876813,0.34203463484384067,short-term,0.34203463484384067
