low,high,recent_strength,all_strength,avg_strength,zone_type,strength
2961,3030,1.0,1.0,1.0,persistent,1.0
3030,3100,0.3212736489162324,0.9380596550812734,0.6296666519987529,short-term,0.6296666519987529
2891,2961,0.4152203450070845,0.7650546857710873,0.5901375153890859,short-term,0.5901375153890859
3798,3868,0.0,0.8317218747724496,0.4158609373862248,short-term,0.4158609373862248
3100,3170,0.0,0.8283823855113571,0.41419119275567856,short-term,0.41419119275567856
3170,3240,0.0,0.7660058328993454,0.3830029164496727,short-term,0.3830029164496727
