low,high,recent_strength,all_strength,avg_strength,zone_type,strength
2884,2951,1.0,0.8810079724773056,0.9405039862386528,persistent,0.9405039862386528
2951,3018,0.17837755579307685,1.0,0.5891887778965385,short-term,0.5891887778965385
3018,3086,0.13830330662588033,0.8114217805465103,0.4748625435861953,short-term,0.4748625435861953
3086,3153,0.0,0.8103256018877728,0.4051628009438864,short-term,0.4051628009438864
3153,3221,0.0,0.7359339507851044,0.3679669753925522,short-term,0.3679669753925522
3827,3894,0.0,0.6447363570222404,0.3223681785111202,short-term,0.3223681785111202
3288,3355,0.0,0.5673539410567894,0.2836769705283947,short-term,0.2836769705283947
