low,high,recent_strength,all_strength,avg_strength,zone_type,strength
3093,3161,1.0,0.6922174373607398,0.84610871868037,persistent,0.84610871868037
3024,3093,0.6502964120301588,0.8389796966928967,0.7446380543615277,short-term,0.7446380543615277
2956,3024,0.27414951144014815,1.0,0.6370747557200741,short-term,0.6370747557200741
2887,2956,0.0,0.7421511075986212,0.3710755537993106,short-term,0.3710755537993106
3846,3915,0.0,0.6533481898598195,0.32667409492990973,short-term,0.32667409492990973
3161,3230,0.0,0.5886958539871794,0.2943479269935897,short-term,0.2943479269935897
3915,3984,0.0,0.5562599978298988,0.2781299989149494,short-term,0.2781299989149494
