low,high,recent_strength,all_strength,avg_strength,zone_type,strength
3160,3229,1.0,0.7098184963952276,0.8549092481976138,persistent,0.8549092481976138
3092,3160,0.3001234121318466,0.7480553064366636,0.5240893592842552,short-term,0.5240893592842552
2955,3023,0.0,1.0,0.5,short-term,0.5
3023,3092,0.0,0.8726459069293436,0.4363229534646718,short-term,0.4363229534646718
2887,2955,0.0,0.7567936134756783,0.37839680673783915,short-term,0.37839680673783915
3844,3913,0.0,0.6628113328729438,0.3314056664364719,short-term,0.3314056664364719
3913,3981,0.0,0.5436200295962728,0.2718100147981364,short-term,0.2718100147981364
