low,high,recent_strength,all_strength,avg_strength,zone_type,strength
3491,3531,1.0,0.4120510743459112,0.7060255371729556,persistent,0.7060255371729556
3570,3610,0.9027994052174804,0.24411888088508094,0.5734591430512807,short-term,0.5734591430512807
3848,3888,0.0,1.0,0.5,short-term,0.5
3927,3967,0.0,0.7309970014172577,0.3654985007086288,short-term,0.3654985007086288
3808,3848,0.0,0.7160243927949157,0.35801219639745785,short-term,0.35801219639745785
3967,4007,0.0,0.6184167626186025,0.30920838130930123,short-term,0.30920838130930123
3888,3927,0.0,0.5571480790805661,0.27857403954028304,short-term,0.27857403954028304
4086,4126,0.0,0.5542926634465348,0.2771463317232674,short-term,0.2771463317232674
4007,4046,0.0,0.4540038319991941,0.22700191599959704,short-term,0.22700191599959704
