low,high,recent_strength,all_strength,avg_strength,zone_type,strength
2890,2959,1.0,0.8082282362360655,0.9041141181180328,persistent,0.9041141181180328
2959,3029,0.523967493258231,1.0,0.7619837466291155,short-term,0.7619837466291155
3029,3098,0.0,0.8494710888961813,0.42473554444809064,short-term,0.42473554444809064
3098,3167,0.0,0.7464366691208577,0.37321833456042885,short-term,0.37321833456042885
3167,3237,0.0,0.7342127441601028,0.3671063720800514,short-term,0.3671063720800514
3792,3862,0.0,0.7083908795553672,0.3541954397776836,short-term,0.3541954397776836
