low,high,recent_strength,all_strength,avg_strength,zone_type,strength
2957,3026,1.0,1.0,1.0,persistent,1.0
2888,2957,0.8023707044548481,0.8449360421493016,0.8236533733020749,short-term,0.8236533733020749
3026,3095,0.280714407958528,0.830247421784753,0.5554809148716404,short-term,0.5554809148716404
3852,3921,0.0,0.6883525323991441,0.34417626619957203,short-term,0.34417626619957203
3095,3164,0.0,0.6874274732051089,0.34371373660255444,short-term,0.34371373660255444
3164,3233,0.0,0.6633162542827444,0.3316581271413722,short-term,0.3316581271413722
