low,high,recent_strength,all_strength,avg_strength,zone_type,strength
3294,3362,1.0,0.6172096474245536,0.8086048237122768,persistent,0.8086048237122768
2953,3022,0.0,1.0,0.5,short-term,0.5
3090,3158,0.0,0.9622586669407984,0.4811293334703992,short-term,0.4811293334703992
3022,3090,0.0,0.9198314539068909,0.45991572695344546,short-term,0.45991572695344546
3158,3226,0.0,0.8230112452240982,0.4115056226120491,short-term,0.4115056226120491
2885,2953,0.0,0.7681608855434411,0.38408044277172054,short-term,0.38408044277172054
3838,3906,0.0,0.6929258727470256,0.3464629363735128,short-term,0.3464629363735128
