low,high,recent_strength,all_strength,avg_strength,zone_type,strength
2950,3017,0.8313687332546206,1.0,0.9156843666273102,persistent,0.9156843666273102
2681,2749,1.0,0.2639554876537893,0.6319777438268946,short-term,0.6319777438268946
3017,3085,0.27039569796675156,0.7724483722952227,0.5214220351309871,short-term,0.5214220351309871
2883,2950,0.11817944783489723,0.7835083150000316,0.4508438814174644,short-term,0.4508438814174644
3085,3152,0.0,0.7370810597528491,0.36854052987642455,short-term,0.36854052987642455
3152,3219,0.0,0.7077513925571917,0.35387569627859583,short-term,0.35387569627859583
3824,3891,0.0,0.5775222665127185,0.28876113325635927,short-term,0.28876113325635927
3286,3353,0.0,0.5459022114478558,0.2729511057239279,short-term,0.2729511057239279
