low,high,recent_strength,all_strength,avg_strength,zone_type,strength
3293,3361,1.0,0.6713921099745817,0.8356960549872908,persistent,0.8356960549872908
2953,3021,0.0,1.0,0.5,short-term,0.5
3089,3157,0.0,0.9573001560321849,0.47865007801609244,short-term,0.47865007801609244
3021,3089,0.0,0.9167304692290393,0.45836523461451967,short-term,0.45836523461451967
3157,3225,0.0,0.8219511593344314,0.4109755796672157,short-term,0.4109755796672157
2885,2953,0.0,0.7621999676048835,0.38109998380244176,short-term,0.38109998380244176
3837,3905,0.0,0.6905424322634758,0.3452712161317379,short-term,0.3452712161317379
