low,high,recent_strength,all_strength,avg_strength,zone_type,strength
3114,3186,1.0,0.5849670039421593,0.7924835019710796,persistent,0.7924835019710796
2970,3042,0.6096969200444013,0.8741268391161693,0.7419118795802853,short-term,0.7419118795802853
3186,3258,0.5413978753850921,0.677996309314899,0.6096970923499956,short-term,0.6096970923499956
3835,3907,0.0,1.0,0.5,short-term,0.5
3907,3979,0.0,0.7359450650238467,0.36797253251192336,short-term,0.36797253251192336
3979,4051,0.0,0.5760926188531484,0.2880463094265742,short-term,0.2880463094265742
