low,high,recent_strength,all_strength,avg_strength,zone_type,strength
2950,3017,0.9450270715689579,1.0,0.972513535784479,persistent,0.972513535784479
2681,2749,1.0,0.2591966888144487,0.6295983444072244,short-term,0.6295983444072244
3017,3085,0.4279568078156484,0.7809754693204582,0.6044661385680533,short-term,0.6044661385680533
2883,2950,0.13433603290544335,0.8073511791126566,0.47084360600905,short-term,0.47084360600905
3085,3152,0.0,0.7464158365815278,0.3732079182907639,short-term,0.3732079182907639
3152,3219,0.0,0.7167147232686292,0.3583573616343146,short-term,0.3583573616343146
3824,3891,0.0,0.5848363080284334,0.2924181540142167,short-term,0.2924181540142167
3286,3353,0.0,0.5528158001864583,0.27640790009322913,short-term,0.27640790009322913
