low,high,recent_strength,all_strength,avg_strength,zone_type,strength
3090,3158,1.0,0.9449719839816011,0.9724859919908005,persistent,0.9724859919908005
2954,3022,0.0,1.0,0.5,short-term,0.5
3022,3090,0.023254969241242276,0.9108610113470845,0.4670579902941634,short-term,0.4670579902941634
3158,3226,0.026816429539087798,0.7708842514599306,0.3988503404995092,short-term,0.3988503404995092
2886,2954,0.0,0.7638191585021141,0.38190957925105706,short-term,0.38190957925105706
3839,3907,0.0,0.6994568928760498,0.3497284464380249,short-term,0.3497284464380249
3907,3975,0.0,0.5129845929903484,0.2564922964951742,short-term,0.2564922964951742
