low,high,recent_strength,all_strength,avg_strength,zone_type,strength
3840,3880,0.975795105119591,1.0,0.9878975525597955,short-term,0.9878975525597955
3717,3758,1.0,0.37694049799676965,0.6884702489983848,short-term,0.6884702489983848
3880,3921,0.5840564273319065,0.5397064291484378,0.5618814282401722,short-term,0.5618814282401722
3799,3840,0.4022588085415009,0.603931885022982,0.5030953467822414,short-term,0.5030953467822414
3921,3962,0.0,0.6834651400728354,0.3417325700364177,short-term,0.3417325700364177
3962,4003,0.0,0.5694657609655939,0.28473288048279694,short-term,0.28473288048279694
4085,4126,0.0,0.5404457997918947,0.27022289989594733,short-term,0.27022289989594733
