low,high,recent_strength,all_strength,avg_strength,zone_type,strength
2884,2951,1.0,0.8227993367172365,0.9113996683586183,persistent,0.9113996683586183
2951,3019,0.1703498614378628,1.0,0.5851749307189313,short-term,0.5851749307189313
3086,3154,0.0,0.8202578157443047,0.41012890787215234,short-term,0.41012890787215234
3019,3086,0.0,0.8200306455810382,0.4100153227905191,short-term,0.4100153227905191
3154,3221,0.0,0.7511132399667297,0.37555661998336487,short-term,0.37555661998336487
3829,3896,0.0,0.6604974424535979,0.33024872122679894,short-term,0.33024872122679894
3289,3356,0.0,0.5837296662842978,0.2918648331421489,short-term,0.2918648331421489
