low,high,recent_strength,all_strength,avg_strength,zone_type,strength
2961,3031,1.0,1.0,1.0,persistent,1.0
3031,3100,0.30053387903538575,0.9246097984174948,0.6125718387264403,short-term,0.6125718387264403
3799,3869,0.0,0.8412620048281131,0.42063100241405654,short-term,0.42063100241405654
3100,3170,0.0,0.823355210806424,0.411677605403212,short-term,0.411677605403212
3170,3240,0.0,0.7613572005595785,0.3806786002797892,short-term,0.3806786002797892
3939,4008,0.0,0.7484638560720288,0.3742319280360144,short-term,0.3742319280360144
