low,high,recent_strength,all_strength,avg_strength,zone_type,strength
2961,3031,1.0,1.0,1.0,persistent,1.0
3031,3101,0.0,0.9146052215593341,0.45730261077966705,short-term,0.45730261077966705
3801,3871,0.0,0.903521260209438,0.451760630104719,short-term,0.451760630104719
3101,3171,0.0,0.8628632369091866,0.4314316184545933,short-term,0.4314316184545933
3171,3241,0.0,0.7921155829533555,0.39605779147667775,short-term,0.39605779147667775
3941,4011,0.0,0.7733743864571954,0.3866871932285977,short-term,0.3866871932285977
