low,high,recent_strength,all_strength,avg_strength,zone_type,strength
2890,2960,1.0,0.8072216212749209,0.9036108106374605,persistent,0.9036108106374605
2960,3029,0.7454280515001726,1.0,0.8727140257500863,short-term,0.8727140257500863
3029,3099,0.0,0.8975126492642055,0.44875632463210274,short-term,0.44875632463210274
3794,3864,0.0,0.7705803695378135,0.38529018476890675,short-term,0.38529018476890675
3099,3168,0.0,0.7694972500634389,0.38474862503171947,short-term,0.38474862503171947
3168,3238,0.0,0.7628199594210132,0.3814099797105066,short-term,0.3814099797105066
