low,high,recent_strength,all_strength,avg_strength,zone_type,strength
3293,3361,1.0,0.6660498319036473,0.8330249159518237,persistent,0.8330249159518237
2953,3021,0.0,1.0,0.5,short-term,0.5
3089,3157,0.0,0.9590146493877674,0.4795073246938837,short-term,0.4795073246938837
3021,3089,0.0,0.9167304692290419,0.45836523461452094,short-term,0.45836523461452094
3157,3225,0.0,0.8202366659788559,0.41011833298942796,short-term,0.41011833298942796
2885,2953,0.0,0.7621999676048828,0.3810999838024414,short-term,0.3810999838024414
3837,3905,0.0,0.6905424322634859,0.34527121613174294,short-term,0.34527121613174294
