low,high,recent_strength,all_strength,avg_strength,zone_type,strength
2953,3021,1.0,1.0,1.0,persistent,1.0
3021,3088,0.6845526683015497,0.9055496402746648,0.7950511542881072,short-term,0.7950511542881072
2885,2953,0.7929943793008567,0.769095780801914,0.7810450800513853,persistent,0.7810450800513853
3156,3224,0.5918362108584622,0.8565155879622642,0.7241758994103632,short-term,0.7241758994103632
3088,3156,0.4675085780666893,0.9223879897414012,0.6949482839040453,short-term,0.6949482839040453
3834,3902,0.0,0.6431973236863439,0.32159866184317193,short-term,0.32159866184317193
3292,3360,0.0,0.6201890838208162,0.3100945419104081,short-term,0.3100945419104081
