low,high,recent_strength,all_strength,avg_strength,zone_type,strength
3115,3187,1.0,0.571677852152274,0.7858389260761369,persistent,0.7858389260761369
3187,3260,0.5825061252814022,0.6929987373333097,0.6377524313073559,short-term,0.6377524313073559
2971,3043,0.28209288913160585,0.7821242458747397,0.5321085675031728,short-term,0.5321085675031728
3838,3910,0.0,1.0,0.5,short-term,0.5
3910,3983,0.0,0.8167743559973916,0.4083871779986958,short-term,0.4083871779986958
3766,3838,0.0,0.6119451742316905,0.30597258711584524,short-term,0.30597258711584524
