low,high,recent_strength,all_strength,avg_strength,zone_type,strength
2956,3025,1.0,1.0,1.0,persistent,1.0
2888,2956,0.016498498332320727,0.7594784547543968,0.3879884765433588,short-term,0.3879884765433588
3025,3094,0.0,0.7759684027061011,0.38798420135305056,short-term,0.38798420135305056
3850,3918,0.0,0.6699522663394819,0.33497613316974095,short-term,0.33497613316974095
3094,3162,0.0,0.6181786244048733,0.30908931220243663,short-term,0.30908931220243663
3162,3231,0.0,0.6064170026291303,0.30320850131456517,short-term,0.30320850131456517
3918,3987,0.0,0.5286094174127698,0.2643047087063849,short-term,0.2643047087063849
