low,high,recent_strength,all_strength,avg_strength,zone_type,strength
3529,3569,1.0,0.35786287596069416,0.678931437980347,short-term,0.678931437980347
3411,3450,0.5895021072317842,0.4255651953569636,0.5075336512943739,persistent,0.5075336512943739
3845,3884,0.0,1.0,0.5,short-term,0.5
3924,3963,0.0,0.6597819599607019,0.32989097998035094,short-term,0.32989097998035094
3805,3845,0.0,0.6537151738183214,0.3268575869091607,short-term,0.3268575869091607
3963,4002,0.0,0.5950912887413223,0.29754564437066117,short-term,0.29754564437066117
4081,4121,0.0,0.5707792049239975,0.28538960246199874,short-term,0.28538960246199874
3884,3924,0.0,0.5595072434035481,0.27975362170177404,short-term,0.27975362170177404
4002,4042,0.0,0.4653606755475824,0.2326803377737912,short-term,0.2326803377737912
