low,high,recent_strength,all_strength,avg_strength,zone_type,strength
2952,3020,1.0,1.0,1.0,persistent,1.0
2885,2952,0.9763709076618987,0.7843932855042435,0.8803820965830711,short-term,0.8803820965830711
3020,3088,0.31463750553197756,0.8475779508570987,0.5811077281945382,short-term,0.5811077281945382
3088,3155,0.0,0.8501286975463374,0.4250643487731687,short-term,0.4250643487731687
3155,3223,0.0,0.7967732313543865,0.39838661567719325,short-term,0.39838661567719325
3832,3900,0.0,0.615519058464874,0.307759529232437,short-term,0.307759529232437
3291,3358,0.0,0.5950670396019313,0.29753351980096565,short-term,0.29753351980096565
