low,high,recent_strength,all_strength,avg_strength,zone_type,strength
2890,2959,1.0,0.8221770879299499,0.911088543964975,persistent,0.911088543964975
2959,3028,0.4237383723045846,1.0,0.7118691861522923,short-term,0.7118691861522923
3028,3098,0.0,0.8346549372221079,0.41732746861105396,short-term,0.41732746861105396
3098,3167,0.0,0.7402901336811211,0.37014506684056053,short-term,0.37014506684056053
3167,3236,0.0,0.7245686579317575,0.36228432896587875,short-term,0.36228432896587875
3930,4000,0.0,0.6787372461365324,0.3393686230682662,short-term,0.3393686230682662
