low,high,recent_strength,all_strength,avg_strength,zone_type,strength
3156,3224,1.0,0.8822340157703302,0.9411170078851652,persistent,0.9411170078851652
2953,3021,0.4911020955252448,1.0,0.7455510477626224,persistent,0.7455510477626224
3089,3156,0.42484858595930736,0.9579265055541607,0.691387545756734,short-term,0.691387545756734
3021,3089,0.37896973157847563,0.9232155690852069,0.6510926503318413,short-term,0.6510926503318413
2885,2953,0.1555905910280585,0.7490515350716518,0.45232106304985514,short-term,0.45232106304985514
3292,3360,0.050567205012663846,0.6428015319522697,0.3466843684824668,short-term,0.3466843684824668
3835,3903,0.0,0.6830055138291155,0.3415027569145577,short-term,0.3415027569145577
