low,high,recent_strength,all_strength,avg_strength,zone_type,strength
2972,3045,0.9468607237783427,0.8051356423622896,0.8759981830703162,short-term,0.8759981830703162
2754,2827,1.0,0.5262414727563949,0.7631207363781974,short-term,0.7631207363781974
3844,3917,0.0,1.0,0.5,short-term,0.5
3917,3989,0.0,0.8657144902375559,0.43285724511877793,short-term,0.43285724511877793
3771,3844,0.0,0.6757830288272588,0.3378915144136294,short-term,0.3378915144136294
3190,3263,0.0,0.6425475338402419,0.32127376692012094,short-term,0.32127376692012094
4062,4135,0.0,0.5492792009480056,0.2746396004740028,short-term,0.2746396004740028
