low,high,recent_strength,all_strength,avg_strength,zone_type,strength
2962,3032,1.0,1.0,1.0,persistent,1.0
3802,3872,0.0,0.9649099431289105,0.48245497156445527,short-term,0.48245497156445527
3032,3102,0.0,0.9579661122061787,0.47898305610308933,short-term,0.47898305610308933
3102,3172,0.0,0.8998969061896369,0.44994845309481846,short-term,0.44994845309481846
3172,3242,0.0,0.8035341398687879,0.40176706993439393,short-term,0.40176706993439393
3942,4012,0.0,0.7984426952417921,0.39922134762089606,short-term,0.39922134762089606
