low,high,recent_strength,all_strength,avg_strength,zone_type,strength
2962,3032,1.0,0.9803574865397007,0.9901787432698503,persistent,0.9901787432698503
3804,3875,0.0,1.0,0.5,short-term,0.5
3032,3103,0.0,0.9694454247146858,0.4847227123573429,short-term,0.4847227123573429
3103,3173,0.0,0.9013432704051935,0.45067163520259673,short-term,0.45067163520259673
3945,4015,0.0,0.8137819205965198,0.4068909602982599,short-term,0.4068909602982599
3173,3243,0.0,0.8114788282181308,0.4057394141090654,short-term,0.4057394141090654
