low,high,recent_strength,all_strength,avg_strength,zone_type,strength
2952,3020,1.0,1.0,1.0,persistent,1.0
2885,2952,0.9993154194645235,0.7859417593174585,0.892628589390991,short-term,0.892628589390991
3020,3088,0.33812665360400945,0.8700740219705368,0.6041003377872731,short-term,0.6041003377872731
3156,3223,0.0953078541893985,0.8245260449525017,0.4599169495709501,short-term,0.4599169495709501
3088,3156,0.0,0.8745535611948867,0.43727678059744335,short-term,0.43727678059744335
3833,3901,0.0,0.6324436289122201,0.31622181445611003,short-term,0.31622181445611003
3291,3359,0.0,0.6121637819492685,0.30608189097463423,short-term,0.30608189097463423
