low,high,recent_strength,all_strength,avg_strength,zone_type,strength
2960,3029,0.8762673642899574,1.0,0.9381336821449787,short-term,0.9381336821449787
2890,2960,1.0,0.8016918133197425,0.9008459066598713,persistent,0.9008459066598713
3029,3099,0.06470365020522614,0.8975126492642066,0.4811081497347164,short-term,0.4811081497347164
3169,3238,0.0,0.7738060997586834,0.3869030498793417,short-term,0.3869030498793417
3795,3864,0.0,0.7705803695378094,0.3852901847689047,short-term,0.3852901847689047
3099,3169,0.0,0.7694972500634409,0.38474862503172047,short-term,0.38474862503172047
