low,high,recent_strength,all_strength,avg_strength,zone_type,strength
3092,3161,1.0,0.7369460082605649,0.8684730041302824,persistent,0.8684730041302824
3161,3229,0.8515214688062743,0.6624823079719901,0.7570018883891323,short-term,0.7570018883891323
2955,3024,0.0,1.0,0.5,short-term,0.5
3024,3092,0.06839350843839716,0.8683976753871746,0.4683955919127859,short-term,0.4683955919127859
2887,2955,0.0,0.7503515134682224,0.3751757567341112,short-term,0.3751757567341112
3845,3913,0.0,0.6643472437615294,0.3321736218807647,short-term,0.3321736218807647
3913,3982,0.0,0.5425180448860143,0.27125902244300715,short-term,0.27125902244300715
