low,high,recent_strength,all_strength,avg_strength,zone_type,strength
3157,3225,1.0,0.9435277206843334,0.9717638603421668,persistent,0.9717638603421668
3089,3157,0.13019329232258564,0.9720090987909289,0.5511011955567573,short-term,0.5511011955567573
2953,3021,0.0,1.0,0.5,short-term,0.5
3293,3361,0.2701875137528757,0.6741405648572044,0.47216403930504003,short-term,0.47216403930504003
3021,3089,0.0,0.9142459071403735,0.45712295357018673,short-term,0.45712295357018673
2885,2953,0.0,0.7621999676048795,0.38109998380243976,short-term,0.38109998380243976
3836,3904,0.0,0.6860753817581896,0.3430376908790948,short-term,0.3430376908790948
