low,high,recent_strength,all_strength,avg_strength,zone_type,strength
2952,3020,0.8838199209952349,1.0,0.9419099604976174,short-term,0.9419099604976174
2885,2952,1.0,0.7952661232260032,0.8976330616130016,persistent,0.8976330616130016
3020,3088,0.3070219779593407,0.8700740219705329,0.5885479999649368,short-term,0.5885479999649368
3088,3156,0.0,0.8745535611948902,0.4372767805974451,short-term,0.4372767805974451
3156,3223,0.0,0.8245260449524985,0.41226302247624924,short-term,0.41226302247624924
3833,3901,0.0,0.6324436289122147,0.31622181445610736,short-term,0.31622181445610736
3291,3359,0.0,0.6121637819492707,0.30608189097463534,short-term,0.30608189097463534
