low,high,recent_strength,all_strength,avg_strength,zone_type,strength
2971,3044,0.9376213205826271,0.7877681600306247,0.8626947403066259,persistent,0.8626947403066259
3044,3116,1.0,0.5487920878117034,0.7743960439058517,persistent,0.7743960439058517
3188,3261,0.5590193512565582,0.6869416811755682,0.6229805162160632,short-term,0.6229805162160632
3840,3913,0.0,1.0,0.5,short-term,0.5
3913,3985,0.0,0.8249229126349036,0.4124614563174518,short-term,0.4124614563174518
3768,3840,0.0,0.6086967907039561,0.30434839535197805,short-term,0.30434839535197805
