low,high,recent_strength,all_strength,avg_strength,zone_type,strength
2893,2963,1.0,0.6230905709036224,0.8115452854518113,short-term,0.8115452854518113
3809,3880,0.0,1.0,0.5,short-term,0.5
2963,3034,0.13921959373164908,0.8590317162213054,0.4991256549764772,short-term,0.4991256549764772
3034,3104,0.0,0.8866766033317312,0.4433383016658656,short-term,0.4433383016658656
3104,3175,0.0,0.8648460338740732,0.4324230169370366,short-term,0.4324230169370366
3175,3245,0.0,0.8091669604974073,0.40458348024870366,short-term,0.40458348024870366
3880,3950,0.0,0.7199658618677659,0.35998293093388295,short-term,0.35998293093388295
