low,high,recent_strength,all_strength,avg_strength,zone_type,strength
2971,3044,0.9720657455559556,0.7848182428273571,0.8784419941916564,persistent,0.8784419941916564
3044,3116,1.0,0.538585120977569,0.7692925604887846,persistent,0.7692925604887846
3841,3913,0.0,1.0,0.5,short-term,0.5
3189,3261,0.32434796120939824,0.6505932394225613,0.4874706003159798,short-term,0.4874706003159798
3913,3986,0.0,0.8108219178202686,0.4054109589101343,short-term,0.4054109589101343
3768,3841,0.0,0.600865899477662,0.300432949738831,short-term,0.300432949738831
