low,high,recent_strength,all_strength,avg_strength,zone_type,strength
3157,3225,1.0,0.894269142459225,0.9471345712296124,persistent,0.9471345712296124
3089,3157,0.4248485859593071,0.9709942026128966,0.6979213942861018,persistent,0.6979213942861018
3021,3089,0.378969731578475,0.931556957983282,0.6552633447808784,short-term,0.6552633447808784
2953,3021,0.2895962638170606,1.0,0.6447981319085303,short-term,0.6447981319085303
2885,2953,0.18673418720304197,0.7620354964799845,0.4743848418415132,short-term,0.4743848418415132
3292,3360,0.16092393273641875,0.6509169593167825,0.4059204460266006,short-term,0.4059204460266006
3835,3903,0.0,0.6969506087835854,0.3484753043917927,short-term,0.3484753043917927
