low,high,recent_strength,all_strength,avg_strength,zone_type,strength
2971,3043,0.9376213205826274,0.7802183549152151,0.8589198377489212,persistent,0.8589198377489212
3043,3116,1.0,0.5435325793394458,0.7717662896697228,persistent,0.7717662896697228
3188,3261,0.6722656776516731,0.6936783662017958,0.6829720219267345,short-term,0.6829720219267345
3840,3912,0.0,1.0,0.5,short-term,0.5
3912,3985,0.0,0.817017024149401,0.4085085120747005,short-term,0.4085085120747005
3768,3840,0.0,0.5932793774651088,0.2966396887325544,short-term,0.2966396887325544
