low,high,recent_strength,all_strength,avg_strength,zone_type,strength
3864,3905,0.7023020150648155,0.7814293370396095,0.7418656760522124,persistent,0.7418656760522124
3701,3742,1.0,0.3943229840636373,0.6971614920318187,short-term,0.6971614920318187
3823,3864,0.3324049335532025,1.0,0.6662024667766012,short-term,0.6662024667766012
3946,3987,0.0,0.8731111523708778,0.4365555761854389,short-term,0.4365555761854389
3905,3946,0.1222227899905388,0.4757183254187203,0.29897055770462955,short-term,0.29897055770462955
4069,4110,0.0,0.589093105818974,0.294546552909487,short-term,0.294546552909487
3987,4028,0.0,0.4743094041135314,0.2371547020567657,short-term,0.2371547020567657
