low,high,recent_strength,all_strength,avg_strength,zone_type,strength
3037,3108,1.0,0.7965358045065342,0.8982679022532671,persistent,0.8982679022532671
3179,3251,0.8343227053490844,0.8193082043819102,0.8268154548654973,short-term,0.8268154548654973
3108,3179,0.5832589397377815,0.7406603050418302,0.6619596223898059,short-term,0.6619596223898059
3820,3891,0.0,1.0,0.5,short-term,0.5
2966,3037,0.0,0.8017833448048904,0.4008916724024452,short-term,0.4008916724024452
3891,3962,0.0,0.6730911564060913,0.33654557820304565,short-term,0.33654557820304565
