low,high,recent_strength,all_strength,avg_strength,zone_type,strength
3093,3161,1.0,0.688062932870433,0.8440314664352164,persistent,0.8440314664352164
3024,3093,0.6890597244498305,0.838979696692901,0.7640197105713658,short-term,0.7640197105713658
2956,3024,0.40574362721143775,1.0,0.7028718136057188,short-term,0.7028718136057188
2887,2956,0.0,0.7421511075986247,0.37107555379931234,short-term,0.37107555379931234
3847,3915,0.0,0.6533481898598207,0.32667409492991034,short-term,0.32667409492991034
3161,3230,0.0,0.5886958539871777,0.29434792699358886,short-term,0.29434792699358886
3915,3984,0.0,0.5562599978299023,0.27812999891495116,short-term,0.27812999891495116
