low,high,recent_strength,all_strength,avg_strength,zone_type,strength
3111,3182,1.0,0.6990172558683668,0.8495086279341835,persistent,0.8495086279341835
3039,3111,0.5244434497135493,0.6590944656838462,0.5917689576986978,short-term,0.5917689576986978
3326,3397,0.5855885055562499,0.4190653661611088,0.5023269358586793,short-term,0.5023269358586793
3827,3898,0.0,1.0,0.5,short-term,0.5
2968,3039,0.05862032954278698,0.8477497975341312,0.45318506353845905,short-term,0.45318506353845905
3182,3254,0.20091370210730702,0.6638491026367097,0.4323814023720084,short-term,0.4323814023720084
3898,3970,0.0,0.6633103769924303,0.33165518849621517,short-term,0.33165518849621517
