low,high,recent_strength,all_strength,avg_strength,zone_type,strength
2892,2963,1.0,0.7336432343474435,0.8668216171737217,short-term,0.8668216171737217
2963,3033,0.348326710858893,0.8970820520842815,0.6227043814715872,short-term,0.6227043814715872
3807,3877,0.0,1.0,0.5,short-term,0.5
3033,3103,0.0,0.9186229076565138,0.4593114538282569,short-term,0.4593114538282569
3103,3174,0.0,0.885775036506483,0.4428875182532415,short-term,0.4428875182532415
3174,3244,0.0,0.8236649785218462,0.4118324892609231,short-term,0.4118324892609231
3947,4018,0.0,0.7829130227613617,0.3914565113806808,short-term,0.3914565113806808
