low,high,recent_strength,all_strength,avg_strength,zone_type,strength
2961,3031,1.0,1.0,1.0,persistent,1.0
3031,3101,0.406158003341429,0.9619470710956544,0.6840525372185416,short-term,0.6840525372185416
3800,3870,0.0,0.8905524847317419,0.44527624236587093,short-term,0.44527624236587093
3101,3171,0.0,0.8593274724356462,0.4296637362178231,short-term,0.4296637362178231
3171,3241,0.0,0.7864526748840915,0.39322633744204577,short-term,0.39322633744204577
3940,4010,0.0,0.7765522115381692,0.3882761057690846,short-term,0.3882761057690846
