low,high,recent_strength,all_strength,avg_strength,zone_type,strength
3091,3159,1.0,0.827369211493992,0.9136846057469961,persistent,0.9136846057469961
3022,3091,0.4899115238800991,0.9215642492137982,0.7057378865469487,short-term,0.7057378865469487
2954,3022,0.0,1.0,0.5,short-term,0.5
3159,3227,0.07553724448644296,0.7609986803888819,0.4182679624376624,short-term,0.4182679624376624
2886,2954,0.0,0.7655553362190286,0.3827776681095143,short-term,0.3827776681095143
3841,3909,0.0,0.7114426090862753,0.35572130454313766,short-term,0.35572130454313766
3909,3977,0.0,0.519972738645103,0.2599863693225515,short-term,0.2599863693225515
