low,high,recent_strength,all_strength,avg_strength,zone_type,strength
2890,2960,1.0,0.8123461950739448,0.9061730975369724,persistent,0.9061730975369724
2960,3030,0.8018376994981783,1.0,0.9009188497490892,short-term,0.9009188497490892
3030,3099,0.31816812733219235,0.918021034961695,0.6180945811469436,short-term,0.6180945811469436
3796,3865,0.0,0.7856558012459189,0.39282790062295947,short-term,0.39282790062295947
3099,3169,0.0,0.7816919813993729,0.39084599069968645,short-term,0.39084599069968645
3169,3238,0.0,0.7732756243954436,0.3866378121977218,short-term,0.3866378121977218
