low,high,recent_strength,all_strength,avg_strength,zone_type,strength
3180,3251,1.0,0.8153428086640446,0.9076714043320223,persistent,0.9076714043320223
3037,3109,0.7982840469589563,0.7886670682771589,0.7934755576180577,short-term,0.7934755576180577
3109,3180,0.40469978358059466,0.753815554962154,0.5792576692713743,short-term,0.5792576692713743
3821,3892,0.0,1.0,0.5,short-term,0.5
2966,3037,0.0,0.8238135374787289,0.41190676873936444,short-term,0.41190676873936444
3892,3963,0.0,0.6765469080125212,0.3382734540062606,short-term,0.3382734540062606
