low,high,recent_strength,all_strength,avg_strength,zone_type,strength
3160,3228,1.0,0.7223898459185483,0.8611949229592741,persistent,0.8611949229592741
2955,3023,0.0,1.0,0.5,short-term,0.5
3023,3092,0.0,0.8726459069293404,0.4363229534646702,short-term,0.4363229534646702
3092,3160,0.11271275078846542,0.7480553064366572,0.4303840286125613,short-term,0.4303840286125613
2887,2955,0.0,0.7567936134756763,0.37839680673783815,short-term,0.37839680673783815
3844,3912,0.0,0.6639958731877951,0.33199793659389754,short-term,0.33199793659389754
3912,3981,0.0,0.538604099966695,0.2693020499833475,short-term,0.2693020499833475
