low,high,recent_strength,all_strength,avg_strength,zone_type,strength
3529,3568,1.0,0.3578628759606943,0.6789314379803472,short-term,0.6789314379803472
3411,3450,0.6382585669845111,0.43980116308325773,0.5390298650338844,persistent,0.5390298650338844
3845,3884,0.0,1.0,0.5,short-term,0.5
3923,3963,0.0,0.6597819599607045,0.3298909799803523,short-term,0.3298909799803523
3805,3845,0.0,0.659746118052866,0.329873059026433,short-term,0.329873059026433
3963,4002,0.0,0.5950912887413231,0.29754564437066156,short-term,0.29754564437066156
4081,4121,0.0,0.5707792049239997,0.28538960246199985,short-term,0.28538960246199985
3884,3923,0.0,0.5595072434035471,0.27975362170177354,short-term,0.27975362170177354
4002,4042,0.0,0.46536067554758076,0.23268033777379038,short-term,0.23268033777379038
