low,high,recent_strength,all_strength,avg_strength,zone_type,strength
3157,3225,1.0,0.8955923855238838,0.9477961927619418,persistent,0.9477961927619418
3293,3361,0.8596148772720202,0.6723798911906382,0.7659973842313292,short-term,0.7659973842313292
2953,3021,0.0,1.0,0.5,short-term,0.5
3089,3157,0.0,0.9561416786180309,0.47807083930901545,short-term,0.47807083930901545
3021,3089,0.0,0.9142459071403739,0.45712295357018695,short-term,0.45712295357018695
2885,2953,0.0,0.7621999676048802,0.3810999838024401,short-term,0.3810999838024401
3837,3905,0.0,0.6814450812059486,0.3407225406029743,short-term,0.3407225406029743
