low,high,recent_strength,all_strength,avg_strength,zone_type,strength
2950,3017,0.6297157138097982,1.0,0.8148578569048991,short-term,0.8148578569048991
2681,2749,1.0,0.28103870629857997,0.64051935314929,short-term,0.64051935314929
2816,2883,0.6495427427499897,0.48578049102214577,0.5676616168860678,short-term,0.5676616168860678
3017,3084,0.21473141514137442,0.7689751309325145,0.4918532730369444,short-term,0.4918532730369444
2883,2950,0.09385075378430788,0.7824898638485159,0.4381703088164119,short-term,0.4381703088164119
3084,3152,0.0,0.7396923023374341,0.36984615116871705,short-term,0.36984615116871705
3152,3219,0.0,0.7021134238559406,0.3510567119279703,short-term,0.3510567119279703
3823,3891,0.0,0.5788038255718374,0.2894019127859187,short-term,0.2894019127859187
3286,3353,0.0,0.5455904805009462,0.2727952402504731,short-term,0.2727952402504731
