low,high,recent_strength,all_strength,avg_strength,zone_type,strength
3090,3158,1.0,0.9682528358631747,0.9841264179315874,persistent,0.9841264179315874
3158,3226,0.2714185720759824,0.8101313830525741,0.5407749775642783,short-term,0.5407749775642783
2954,3022,0.0,1.0,0.5,short-term,0.5
3022,3090,0.0,0.9129076112903052,0.4564538056451526,short-term,0.4564538056451526
2886,2954,0.0,0.7649285475954057,0.38246427379770287,short-term,0.38246427379770287
3838,3907,0.0,0.6931936338391637,0.34659681691958183,short-term,0.34659681691958183
3907,3975,0.0,0.5210088308475388,0.2605044154237694,short-term,0.2605044154237694
