low,high,recent_strength,all_strength,avg_strength,zone_type,strength
2961,3031,1.0,1.0,1.0,persistent,1.0
3031,3101,0.0975063253229836,0.9197715691672517,0.5086389472451176,short-term,0.5086389472451176
3800,3870,0.0,0.8949331768323157,0.44746658841615783,short-term,0.44746658841615783
3101,3171,0.0,0.853856809258252,0.426928404629126,short-term,0.426928404629126
3171,3241,0.0,0.7814459483132976,0.3907229741566488,short-term,0.3907229741566488
3940,4010,0.0,0.7703161306746515,0.3851580653373258,short-term,0.3851580653373258
