low,high,recent_strength,all_strength,avg_strength,zone_type,strength
2248,2314,1.0,0.25321784338725856,0.6266089216936293,short-term,0.6266089216936293
2911,2978,0.0,1.0,0.5,short-term,0.5
2978,3044,0.0,0.9017335145583474,0.4508667572791737,short-term,0.4508667572791737
3110,3177,0.0,0.6538121517005678,0.3269060758502839,short-term,0.3269060758502839
3044,3110,0.0,0.6339011627538004,0.3169505813769002,short-term,0.3169505813769002
3177,3243,0.0,0.6130811965701459,0.30654059828507296,short-term,0.30654059828507296
3841,3907,0.0,0.5216664909901424,0.2608332454950712,short-term,0.2608332454950712
2779,2845,0.0,0.5106598320463794,0.2553299160231897,short-term,0.2553299160231897
3310,3376,0.0,0.4812330180993681,0.24061650904968404,short-term,0.24061650904968404
