low,high,recent_strength,all_strength,avg_strength,zone_type,strength
3190,3229,1.0,0.5658340434176671,0.7829170217088335,persistent,0.7829170217088335
3851,3890,0.0,1.0,0.5,short-term,0.5
3928,3967,0.0,0.6952968978325679,0.34764844891628394,short-term,0.34764844891628394
3812,3851,0.0,0.6765219652999481,0.33826098264997406,short-term,0.33826098264997406
3967,4006,0.0,0.5923748315242083,0.29618741576210417,short-term,0.29618741576210417
3423,3462,0.0,0.5502004337490263,0.27510021687451314,short-term,0.27510021687451314
4084,4123,0.0,0.5403221184923866,0.2701610592461933,short-term,0.2701610592461933
3890,3928,0.0,0.49187453305691986,0.24593726652845993,short-term,0.24593726652845993
4006,4045,0.0,0.42459336793859165,0.21229668396929582,short-term,0.21229668396929582
