low,high,recent_strength,all_strength,avg_strength,zone_type,strength
2969,3041,1.0,0.8945564582610954,0.9472782291305477,persistent,0.9472782291305477
3041,3113,0.6101474134965041,0.6077176196728435,0.6089325165846738,short-term,0.6089325165846738
3832,3904,0.0,1.0,0.5,short-term,0.5
3904,3976,0.0,0.775882135056263,0.3879410675281315,short-term,0.3879410675281315
3185,3257,0.0,0.7029482606373697,0.35147413031868485,short-term,0.35147413031868485
3976,4048,0.0,0.586509372534009,0.2932546862670045,short-term,0.2932546862670045
