low,high,recent_strength,all_strength,avg_strength,zone_type,strength
2754,2827,1.0,0.5306859440297931,0.7653429720148965,short-term,0.7653429720148965
2972,3045,0.38786426352338754,0.7175388506533424,0.552701557088365,short-term,0.552701557088365
3845,3918,0.0,1.0,0.5,short-term,0.5
3918,3991,0.0,0.8855514789734071,0.44277573948670357,short-term,0.44277573948670357
3772,3845,0.0,0.6899361693865945,0.34496808469329726,short-term,0.34496808469329726
3191,3263,0.0,0.6424547336548702,0.3212273668274351,short-term,0.3212273668274351
4063,4136,0.0,0.5912644869428532,0.2956322434714266,short-term,0.2956322434714266
