low,high,recent_strength,all_strength,avg_strength,zone_type,strength
2972,3044,0.9512790591725523,0.8324105573802356,0.8918448082763939,short-term,0.8918448082763939
2827,2899,1.0,0.5076689951692575,0.7538344975846287,short-term,0.7538344975846287
3843,3915,0.0,1.0,0.5,short-term,0.5
3915,3988,0.0,0.8531569979739207,0.4265784989869604,short-term,0.4265784989869604
3770,3843,0.0,0.685701272065132,0.342850636032566,short-term,0.342850636032566
3189,3262,0.0,0.643589186216475,0.3217945931082375,short-term,0.3217945931082375
4060,4133,0.0,0.560989246510973,0.2804946232554865,short-term,0.2804946232554865
