low,high,recent_strength,all_strength,avg_strength,zone_type,strength
2888,2957,1.0,0.8788846851070521,0.9394423425535261,persistent,0.9394423425535261
2957,3026,0.4767858160457649,1.0,0.7383929080228825,short-term,0.7383929080228825
3026,3095,0.30498669409988477,0.8895935291458158,0.5972901116228503,short-term,0.5972901116228503
3854,3923,0.0,0.7173255185002182,0.3586627592501091,short-term,0.3586627592501091
3095,3164,0.0,0.7171166077587475,0.35855830387937376,short-term,0.35855830387937376
3164,3233,0.0,0.6952113144859426,0.3476056572429713,short-term,0.3476056572429713
