low,high,recent_strength,all_strength,avg_strength,zone_type,strength
3090,3159,1.0,0.8488453609013505,0.9244226804506752,persistent,0.9244226804506752
3022,3090,0.38756791572980065,0.9184207755122248,0.6529943456210128,short-term,0.6529943456210128
2954,3022,0.0,1.0,0.5,short-term,0.5
3159,3227,0.0,0.7676659285004589,0.38383296425022945,short-term,0.38383296425022945
2886,2954,0.0,0.7638191585021141,0.38190957925105706,short-term,0.38190957925105706
3840,3908,0.0,0.7114181221093782,0.3557090610546891,short-term,0.3557090610546891
3908,3977,0.0,0.5178073258914098,0.2589036629457049,short-term,0.2589036629457049
