low,high,recent_strength,all_strength,avg_strength,zone_type,strength
3091,3159,1.0,0.8150037969370746,0.9075018984685372,persistent,0.9075018984685372
3023,3091,0.43778234544767464,0.9012038412528928,0.6694930933502837,short-term,0.6694930933502837
3159,3227,0.36801883935534285,0.7494629931751383,0.5587409162652406,short-term,0.5587409162652406
2954,3023,0.0,1.0,0.5,short-term,0.5
2886,2954,0.0,0.7583064148013428,0.3791532074006714,short-term,0.3791532074006714
3841,3909,0.0,0.6879217965928024,0.3439608982964012,short-term,0.3439608982964012
3909,3978,0.0,0.5144170845289546,0.2572085422644773,short-term,0.2572085422644773
