low,high,recent_strength,all_strength,avg_strength,zone_type,strength
2962,3032,1.0,0.9854774616486721,0.9927387308243361,persistent,0.9927387308243361
3804,3874,0.0,1.0,0.5,short-term,0.5
3032,3102,0.0,0.9751223775325416,0.4875611887662708,short-term,0.4875611887662708
3102,3172,0.0,0.9004739021406485,0.45023695107032424,short-term,0.45023695107032424
3172,3243,0.0,0.8052986629788067,0.40264933148940335,short-term,0.40264933148940335
3944,4014,0.0,0.7904373099713501,0.39521865498567504,short-term,0.39521865498567504
