low,high,recent_strength,all_strength,avg_strength,zone_type,strength
2961,3031,1.0,1.0,1.0,persistent,1.0
3031,3100,0.30723683488650916,0.9253385348486443,0.6162876848675767,short-term,0.6162876848675767
3799,3868,0.0,0.841925050225328,0.420962525112664,short-term,0.420962525112664
3100,3170,0.0,0.8240041428628712,0.4120020714314356,short-term,0.4120020714314356
3170,3240,0.0,0.7619572685343244,0.3809786342671622,short-term,0.3809786342671622
3938,4008,0.0,0.7490537620845356,0.3745268810422678,short-term,0.3745268810422678
