low,high,recent_strength,all_strength,avg_strength,zone_type,strength
2962,3032,1.0,0.9821487130556406,0.9910743565278203,persistent,0.9910743565278203
3804,3874,0.0,1.0,0.5,short-term,0.5
3032,3102,0.0,0.9760638156431457,0.48803190782157285,short-term,0.48803190782157285
3102,3173,0.0,0.9013432704051861,0.45067163520259307,short-term,0.45067163520259307
3173,3243,0.0,0.8114788282181294,0.4057394141090647,short-term,0.4057394141090647
3944,4015,0.0,0.7912004427070869,0.39560022135354345,short-term,0.39560022135354345
