low,high,recent_strength,all_strength,avg_strength,zone_type,strength
2957,3025,1.0,1.0,1.0,persistent,1.0
2888,2957,0.530601095623992,0.7786246305395749,0.6546128630817835,short-term,0.6546128630817835
3025,3094,0.0,0.7955688358849891,0.39778441794249453,short-term,0.39778441794249453
3851,3920,0.0,0.6838774425569798,0.3419387212784899,short-term,0.3419387212784899
3163,3232,0.0,0.6415352776060097,0.32076763880300485,short-term,0.32076763880300485
3094,3163,0.0,0.6322426836078269,0.31612134180391344,short-term,0.31612134180391344
3920,3988,0.0,0.5483916905549417,0.2741958452774709,short-term,0.2741958452774709
