low,high,recent_strength,all_strength,avg_strength,zone_type,strength
3294,3362,1.0,0.5880257418274146,0.7940128709137073,persistent,0.7940128709137073
3090,3158,0.09970185330561603,0.9657358325804967,0.5327188429430564,short-term,0.5327188429430564
3158,3226,0.1854724553027659,0.8152301402525615,0.5003512977776636,short-term,0.5003512977776636
2954,3022,0.0,1.0,0.5,short-term,0.5
3022,3090,0.0,0.9164937088125826,0.4582468544062913,short-term,0.4582468544062913
2886,2954,0.0,0.7665765717836103,0.38328828589180514,short-term,0.38328828589180514
3838,3906,0.0,0.6914967294316133,0.34574836471580667,short-term,0.34574836471580667
