low,high,recent_strength,all_strength,avg_strength,zone_type,strength
3833,3874,0.4868034560631438,1.0,0.7434017280315719,short-term,0.7434017280315719
3710,3751,0.9768855045443374,0.36991626370485214,0.6734008841245948,short-term,0.6734008841245948
3588,3629,1.0,0.168933320965365,0.5844666604826825,short-term,0.5844666604826825
3874,3914,0.41150496577897866,0.5673363824611422,0.4894206741200604,short-term,0.4894206741200604
3792,3833,0.17758182220637642,0.5653593659585606,0.3714705940824685,short-term,0.3714705940824685
3914,3955,0.0,0.694618215458843,0.3473091077294215,short-term,0.3473091077294215
3955,3996,0.0,0.5770745913267965,0.28853729566339825,short-term,0.28853729566339825
4078,4119,0.0,0.5515413507817913,0.27577067539089567,short-term,0.27577067539089567
