low,high,recent_strength,all_strength,avg_strength,zone_type,strength
3157,3225,1.0,0.9190009774816742,0.9595004887408372,persistent,0.9595004887408372
3293,3361,0.5797408514321737,0.6716080168313172,0.6256744341317455,short-term,0.6256744341317455
2953,3021,0.0,1.0,0.5,short-term,0.5
3089,3157,0.0,0.9561416786180238,0.4780708393090119,short-term,0.4780708393090119
3021,3089,0.0,0.9142459071403728,0.4571229535701864,short-term,0.4571229535701864
2885,2953,0.0,0.7621999676048782,0.3810999838024391,short-term,0.3810999838024391
3837,3905,0.0,0.6860753817581795,0.34303769087908975,short-term,0.34303769087908975
