low,high,recent_strength,all_strength,avg_strength,zone_type,strength
3090,3158,1.0,0.9396863199038362,0.9698431599519182,persistent,0.9698431599519182
2954,3022,0.0,1.0,0.5,short-term,0.5
3022,3090,0.024102720786426463,0.9108610113470853,0.4674818660667559,short-term,0.4674818660667559
3158,3226,0.0277940128393385,0.7708842514599259,0.3993391321496322,short-term,0.3993391321496322
2886,2954,0.0,0.7638191585021142,0.3819095792510571,short-term,0.3819095792510571
3839,3907,0.0,0.6994568928760428,0.3497284464380214,short-term,0.3497284464380214
3907,3975,0.0,0.536669592095566,0.268334796047783,short-term,0.268334796047783
