low,high,recent_strength,all_strength,avg_strength,zone_type,strength
3294,3362,1.0,0.5873109405335251,0.7936554702667625,persistent,0.7936554702667625
3090,3158,0.13383048374738235,0.9690891769323293,0.5514598303398558,short-term,0.5514598303398558
2954,3022,0.0,1.0,0.5,short-term,0.5
3158,3226,0.1861912906359452,0.8118767959007198,0.4990340432683325,short-term,0.4990340432683325
3022,3090,0.0,0.9164937088125781,0.45824685440628904,short-term,0.45824685440628904
2886,2954,0.0,0.766576571783606,0.383288285891803,short-term,0.383288285891803
3838,3906,0.0,0.6914967294315985,0.34574836471579923,short-term,0.34574836471579923
