low,high,recent_strength,all_strength,avg_strength,zone_type,strength
2953,3020,1.0,1.0,1.0,persistent,1.0
2885,2953,0.84795907718415,0.7692015648695176,0.8085803210268339,short-term,0.8085803210268339
3020,3088,0.3394396073311247,0.8639284316404277,0.6016840194857762,short-term,0.6016840194857762
3156,3224,0.1621186017460964,0.8231301913051774,0.4926243965256369,short-term,0.4926243965256369
3088,3156,0.0,0.8710885833425257,0.43554429167126285,short-term,0.43554429167126285
3834,3901,0.0,0.6359395791069569,0.31796978955347843,short-term,0.31796978955347843
3291,3359,0.0,0.6095971920979026,0.3047985960489513,short-term,0.3047985960489513
