low,high,recent_strength,all_strength,avg_strength,zone_type,strength
3294,3362,1.0,0.6195389408113298,0.8097694704056648,persistent,0.8097694704056648
2953,3021,0.0,1.0,0.5,short-term,0.5
3090,3158,0.0,0.9622586669407944,0.4811293334703972,short-term,0.4811293334703972
3021,3090,0.0,0.919831453906891,0.4599157269534455,short-term,0.4599157269534455
3158,3226,0.0,0.8230112452241027,0.41150562261205137,short-term,0.41150562261205137
2885,2953,0.0,0.7681608855434426,0.3840804427717213,short-term,0.3840804427717213
3838,3906,0.0,0.6845834832315216,0.3422917416157608,short-term,0.3422917416157608
