low,high,recent_strength,all_strength,avg_strength,zone_type,strength
2951,3018,1.0,1.0,1.0,persistent,1.0
2883,2951,0.6950186984513047,0.8264153016872315,0.7607170000692681,short-term,0.7607170000692681
3018,3085,0.4129545762581961,0.7752359417241879,0.594095258991192,short-term,0.594095258991192
3085,3152,0.0,0.7555986238198635,0.37779931190993177,short-term,0.37779931190993177
3152,3220,0.0,0.6934534992432911,0.34672674962164557,short-term,0.34672674962164557
3825,3893,0.0,0.5999550008657795,0.29997750043288973,short-term,0.29997750043288973
3287,3354,0.0,0.5306968265136625,0.26534841325683123,short-term,0.26534841325683123
