low,high,recent_strength,all_strength,avg_strength,zone_type,strength
3160,3229,1.0,0.6746654476664243,0.8373327238332122,persistent,0.8373327238332122
3092,3160,0.861603965670167,0.7369460082605672,0.799274986965367,short-term,0.799274986965367
2955,3024,0.0,1.0,0.5,short-term,0.5
3024,3092,0.0,0.8683976753871792,0.4341988376935896,short-term,0.4341988376935896
2887,2955,0.0,0.7503515134682222,0.3751757567341111,short-term,0.3751757567341111
3845,3913,0.0,0.6641924351060997,0.33209621755304986,short-term,0.33209621755304986
3913,3982,0.0,0.5450614523009427,0.27253072615047136,short-term,0.27253072615047136
