low,high,recent_strength,all_strength,avg_strength,zone_type,strength
2088,2154,1.0,0.2638940944952421,0.6319470472476211,short-term,0.6319470472476211
2949,3015,0.0,1.0,0.5,short-term,0.5
2882,2949,0.0,0.8060152489169724,0.4030076244584862,short-term,0.4030076244584862
3015,3081,0.0,0.7916594479518978,0.3958297239759489,short-term,0.3958297239759489
3081,3147,0.0,0.7756550007761819,0.38782750038809094,short-term,0.38782750038809094
3147,3214,0.0,0.642054685593888,0.321027342796944,short-term,0.321027342796944
3810,3876,0.0,0.5741734589826654,0.2870867294913327,short-term,0.2870867294913327
3280,3346,0.0,0.5252907306609903,0.26264536533049515,short-term,0.26264536533049515
2816,2882,0.0,0.49174855062139744,0.24587427531069872,short-term,0.24587427531069872
