low,high,recent_strength,all_strength,avg_strength,zone_type,strength
2950,3018,1.0,1.0,1.0,persistent,1.0
2883,2950,0.41352066042609825,0.8191722902532543,0.6163464753396763,short-term,0.6163464753396763
3018,3085,0.41295457625819687,0.7750141953073365,0.5939843857827667,short-term,0.5939843857827667
3085,3152,0.0,0.7397618007087747,0.36988090035438737,short-term,0.36988090035438737
3152,3219,0.0,0.7037644261521779,0.35188221307608897,short-term,0.35188221307608897
3825,3892,0.0,0.5962034197090718,0.2981017098545359,short-term,0.2981017098545359
3287,3354,0.0,0.5416664894129825,0.2708332447064912,short-term,0.2708332447064912
