low,high,recent_strength,all_strength,avg_strength,zone_type,strength
3114,3187,1.0,0.5880429482368577,0.7940214741184288,persistent,0.7940214741184288
2970,3042,0.4006735087592757,0.8364699894141535,0.6185717490867146,short-term,0.6185717490867146
3187,3259,0.42025927979816496,0.659523217195879,0.539891248497022,short-term,0.539891248497022
3042,3114,0.5214338811718531,0.5521151023816296,0.5367744917767414,short-term,0.5367744917767414
3836,3908,0.0,1.0,0.5,short-term,0.5
3908,3980,0.0,0.7277169388598234,0.3638584694299117,short-term,0.3638584694299117
