low,high,recent_strength,all_strength,avg_strength,zone_type,strength
3834,3875,0.567671812910824,1.0,0.783835906455412,short-term,0.783835906455412
3711,3752,1.0,0.3664531899682918,0.6832265949841458,short-term,0.6832265949841458
3875,3916,0.5480106548571357,0.5403533562682004,0.544182005562668,short-term,0.544182005562668
3916,3957,0.0,0.7352995393344284,0.3676497696672142,short-term,0.3676497696672142
3793,3834,0.18178365978437602,0.5496399052609476,0.36571178252266184,short-term,0.36571178252266184
3589,3630,0.6270194988767906,0.10250737502428138,0.36476343695053604,short-term,0.36476343695053604
4079,4120,0.0,0.5754249716411644,0.2877124858205822,short-term,0.2877124858205822
3957,3998,0.0,0.5583337004250245,0.27916685021251225,short-term,0.27916685021251225
