low,high,recent_strength,all_strength,avg_strength,zone_type,strength
3115,3187,1.0,0.6089413465786492,0.8044706732893245,persistent,0.8044706732893245
3187,3260,0.42974761224453606,0.6844678190803198,0.557107715662428,short-term,0.557107715662428
3838,3910,0.0,1.0,0.5,short-term,0.5
2970,3043,0.09066464332168525,0.7821242458747433,0.43639444459821425,short-term,0.43639444459821425
3910,3982,0.0,0.7886737764055499,0.39433688820277496,short-term,0.39433688820277496
3765,3838,0.0,0.6119451742316835,0.30597258711584174,short-term,0.30597258711584174
