low,high,recent_strength,all_strength,avg_strength,zone_type,strength
3160,3228,1.0,0.7375660521954492,0.8687830260977246,persistent,0.8687830260977246
2955,3023,0.0,1.0,0.5,short-term,0.5
3092,3160,0.20719005532430368,0.766382142142648,0.48678609873347584,short-term,0.48678609873347584
3023,3092,0.0,0.8726459069293439,0.4363229534646719,short-term,0.4363229534646719
2886,2955,0.0,0.7567936134756778,0.3783968067378389,short-term,0.3783968067378389
3844,3912,0.0,0.667052766623646,0.333526383311823,short-term,0.333526383311823
3912,3980,0.0,0.5403406875842302,0.2701703437921151,short-term,0.2701703437921151
