low,high,recent_strength,all_strength,avg_strength,zone_type,strength
3091,3159,1.0,0.8485750540990241,0.9242875270495121,persistent,0.9242875270495121
3159,3227,0.4513148486255377,0.7563123306187658,0.6038135896221517,short-term,0.6038135896221517
3023,3091,0.20013759267173012,0.88877787921403,0.54445773594288,short-term,0.54445773594288
2954,3023,0.0,1.0,0.5,short-term,0.5
2886,2954,0.0,0.7567936134756754,0.3783968067378377,short-term,0.3783968067378377
3842,3910,0.0,0.6881556438937753,0.34407782194688763,short-term,0.34407782194688763
3910,3978,0.0,0.5145919518574665,0.25729597592873327,short-term,0.25729597592873327
