low,high,recent_strength,all_strength,avg_strength,zone_type,strength
3093,3161,1.0,0.7060815542055319,0.8530407771027659,persistent,0.8530407771027659
3024,3093,0.5759462446148521,0.831583859099228,0.7037650518570401,short-term,0.7037650518570401
2956,3024,0.20614958622109145,1.0,0.6030747931105457,short-term,0.6030747931105457
2887,2956,0.0,0.7386850985233628,0.3693425492616814,short-term,0.3693425492616814
3846,3915,0.0,0.6520483538435938,0.3260241769217969,short-term,0.3260241769217969
3161,3230,0.0,0.5875246437726364,0.2937623218863182,short-term,0.2937623218863182
3915,3983,0.0,0.555153318740886,0.277576659370443,short-term,0.277576659370443
