low,high,recent_strength,all_strength,avg_strength,zone_type,strength
2971,3043,0.9376213205826273,0.7802183549152178,0.8589198377489226,persistent,0.8589198377489226
3043,3116,1.0,0.5435325793394468,0.7717662896697234,persistent,0.7717662896697234
3188,3261,0.8067571992484351,0.7094974458614834,0.7581273225549593,short-term,0.7581273225549593
3840,3912,0.0,1.0,0.5,short-term,0.5
3912,3984,0.0,0.8170170241493997,0.40850851207469985,short-term,0.40850851207469985
3767,3840,0.0,0.5932793774651081,0.29663968873255403,short-term,0.29663968873255403
