low,high,recent_strength,all_strength,avg_strength,zone_type,strength
3293,3361,1.0,0.6234489579831912,0.8117244789915956,persistent,0.8117244789915956
2953,3021,0.0,1.0,0.5,short-term,0.5
3089,3157,0.0,0.9622586669408051,0.48112933347040254,short-term,0.48112933347040254
3021,3089,0.0,0.9198314539068914,0.4599157269534457,short-term,0.4599157269534457
3157,3225,0.0,0.8230112452241073,0.41150562261205365,short-term,0.41150562261205365
2885,2953,0.0,0.7681608855434422,0.3840804427717211,short-term,0.3840804427717211
3838,3906,0.0,0.6845834832315315,0.34229174161576575,short-term,0.34229174161576575
