low,high,recent_strength,all_strength,avg_strength,zone_type,strength
2952,3020,0.9081511431243756,1.0,0.9540755715621878,short-term,0.9540755715621878
2885,2952,1.0,0.7838485847778962,0.8919242923889481,persistent,0.8919242923889481
3020,3088,0.28717085028796246,0.8479819012995872,0.5675763757937748,short-term,0.5675763757937748
3088,3155,0.0,0.8505338636590284,0.4252669318295142,short-term,0.4252669318295142
3155,3223,0.0,0.8001144498910099,0.40005722494550494,short-term,0.40005722494550494
3833,3900,0.0,0.6186639398884787,0.30933196994423934,short-term,0.30933196994423934
3291,3359,0.0,0.5953506448959575,0.29767532244797873,short-term,0.29767532244797873
