low,high,recent_strength,all_strength,avg_strength,zone_type,strength
2952,3020,1.0,1.0,1.0,persistent,1.0
2884,2952,0.8682786281793327,0.7813905931188648,0.8248346106490987,short-term,0.8248346106490987
3020,3088,0.3865747905486481,0.8443333847624043,0.6154540876555261,short-term,0.6154540876555261
3088,3155,0.0,0.8468743670798626,0.4234371835399313,short-term,0.4234371835399313
3155,3223,0.0,0.779746064396245,0.3898730321981225,short-term,0.3898730321981225
3832,3900,0.0,0.6188095362488398,0.3094047681244199,short-term,0.3094047681244199
3291,3358,0.0,0.5889570935981199,0.29447854679905994,short-term,0.29447854679905994
