low,high,recent_strength,all_strength,avg_strength,zone_type,strength
2951,3018,0.9629604188694082,1.0,0.9814802094347042,short-term,0.9814802094347042
2883,2951,1.0,0.8239662838068718,0.9119831419034359,persistent,0.9119831419034359
3018,3085,0.45524269463183964,0.7824243519879762,0.6188335233099079,short-term,0.6188335233099079
3085,3153,0.0,0.765926392867007,0.3829631964335035,short-term,0.3829631964335035
3153,3220,0.0,0.6943327188625715,0.34716635943128576,short-term,0.34716635943128576
3826,3893,0.0,0.6078080749504684,0.3039040374752342,short-term,0.3039040374752342
3287,3355,0.0,0.5345382730192231,0.26726913650961154,short-term,0.26726913650961154
