low,high,recent_strength,all_strength,avg_strength,zone_type,strength
3115,3187,1.0,0.5780497420566051,0.7890248710283025,persistent,0.7890248710283025
3187,3260,0.5602871233742672,0.6929987373333149,0.626642930353791,short-term,0.626642930353791
3838,3910,0.0,1.0,0.5,short-term,0.5
2971,3043,0.21138948731843912,0.78212424587474,0.4967568665965896,short-term,0.4967568665965896
3910,3983,0.0,0.7983386201126668,0.3991693100563334,short-term,0.3991693100563334
3766,3838,0.0,0.6119451742316838,0.3059725871158419,short-term,0.3059725871158419
