low,high,recent_strength,all_strength,avg_strength,zone_type,strength
2234,2301,1.0,0.3125856993629528,0.6562928496814764,short-term,0.6562928496814764
2964,3030,0.0,1.0,0.5,short-term,0.5
2898,2964,0.0,0.9662881410737661,0.4831440705368831,short-term,0.4831440705368831
3097,3163,0.0,0.7599079427158489,0.37995397135792447,short-term,0.37995397135792447
3030,3097,0.0,0.7095913199641112,0.3547956599820556,short-term,0.3547956599820556
3163,3229,0.0,0.6863074059065516,0.3431537029532758,short-term,0.3431537029532758
3826,3893,0.0,0.609360126135427,0.3046800630677135,short-term,0.3046800630677135
3296,3362,0.0,0.5337421626425717,0.26687108132128584,short-term,0.26687108132128584
2831,2898,0.0,0.41571105143287646,0.20785552571643823,short-term,0.20785552571643823
