low,high,recent_strength,all_strength,avg_strength,zone_type,strength
3114,3186,1.0,0.5855517280677155,0.7927758640338578,persistent,0.7927758640338578
2970,3042,0.42697418613331517,0.8412958017545509,0.634134993943933,short-term,0.634134993943933
3186,3259,0.44468182810241846,0.6636889745126705,0.5541854013075445,short-term,0.5541854013075445
3042,3114,0.46798422398930517,0.5528561750993213,0.5104201995443132,short-term,0.5104201995443132
3836,3908,0.0,1.0,0.5,short-term,0.5
3908,3980,0.0,0.7326903504660159,0.36634517523300797,short-term,0.36634517523300797
