low,high,recent_strength,all_strength,avg_strength,zone_type,strength
3294,3362,1.0,0.6078365177806712,0.8039182588903355,persistent,0.8039182588903355
2954,3022,0.0,1.0,0.5,short-term,0.5
3090,3158,0.0,0.9602740310718801,0.48013701553594007,short-term,0.48013701553594007
3022,3090,0.0,0.9158718466862865,0.45793592334314326,short-term,0.45793592334314326
3158,3226,0.0,0.8213138038874739,0.41065690194373694,short-term,0.41065690194373694
2885,2954,0.0,0.7665765717836104,0.3832882858918052,short-term,0.3832882858918052
3838,3906,0.0,0.6914967294316029,0.34574836471580145,short-term,0.34574836471580145
