low,high,recent_strength,all_strength,avg_strength,zone_type,strength
2957,3026,1.0,1.0,1.0,persistent,1.0
2888,2957,0.8584070298033628,0.8473039650738095,0.8528554974385861,short-term,0.8528554974385861
3026,3095,0.28833302253301524,0.832574180030338,0.5604536012816766,short-term,0.5604536012816766
3853,3922,0.0,0.6991170933347538,0.3495585466673769,short-term,0.3495585466673769
3095,3164,0.0,0.6893539802914906,0.3446769901457453,short-term,0.3446769901457453
3164,3233,0.0,0.665175189972984,0.332587594986492,short-term,0.332587594986492
