low,high,recent_strength,all_strength,avg_strength,zone_type,strength
2972,3045,1.0,0.82782862031461,0.9139143101573051,persistent,0.9139143101573051
3843,3916,0.0,1.0,0.5,short-term,0.5
3916,3989,0.0,0.8705812430958894,0.4352906215479447,short-term,0.4352906215479447
3771,3843,0.0,0.6857012720651375,0.34285063603256877,short-term,0.34285063603256877
3190,3262,0.0,0.6435891862164754,0.3217945931082377,short-term,0.3217945931082377
3989,4061,0.0,0.5495690191022766,0.2747845095511383,short-term,0.2747845095511383
