low,high,recent_strength,all_strength,avg_strength,zone_type,strength
3091,3159,1.0,0.8230787370012519,0.9115393685006259,persistent,0.9115393685006259
3159,3228,0.7210594098897742,0.7538656633747013,0.7374625366322378,short-term,0.7374625366322378
3023,3091,0.1478306359522523,0.8856278936967388,0.5167292648244955,short-term,0.5167292648244955
2955,3023,0.0,1.0,0.5,short-term,0.5
2886,2955,0.0,0.7567936134756786,0.3783968067378393,short-term,0.3783968067378393
3842,3911,0.0,0.6670527666236455,0.33352638331182277,short-term,0.33352638331182277
3911,3979,0.0,0.5194380053100741,0.25971900265503706,short-term,0.25971900265503706
