low,high,recent_strength,all_strength,avg_strength,zone_type,strength
3325,3396,1.0,0.5594505575750435,0.7797252787875217,short-term,0.7797252787875217
3182,3253,0.3206486851804182,0.7006324473638399,0.5106405662721291,short-term,0.5106405662721291
3825,3897,0.0,1.0,0.5,short-term,0.5
3110,3182,0.2417440648705274,0.6979245028134463,0.4698342838419869,short-term,0.4698342838419869
2967,3039,0.0,0.8435019936861746,0.4217509968430873,short-term,0.4217509968430873
3039,3110,0.12406959120649295,0.6679738467051984,0.3960217189558457,short-term,0.3960217189558457
3897,3968,0.0,0.6704674234940454,0.3352337117470227,short-term,0.3352337117470227
