low,high,recent_strength,all_strength,avg_strength,zone_type,strength
3181,3252,0.9248805691345322,0.7923137719168224,0.8585971705256773,short-term,0.8585971705256773
3324,3395,1.0,0.5650523425160839,0.782526171258042,short-term,0.782526171258042
3823,3895,0.0,1.0,0.5,short-term,0.5
3110,3181,0.20884538670835656,0.7266555860837235,0.46775048639604,short-term,0.46775048639604
2967,3038,0.0,0.8266687782928795,0.4133343891464398,short-term,0.4133343891464398
3895,3966,0.0,0.6785385242913713,0.33926926214568565,short-term,0.33926926214568565
3038,3110,0.0,0.6730160500437989,0.33650802502189947,short-term,0.33650802502189947
