low,high,recent_strength,all_strength,avg_strength,zone_type,strength
2961,3030,1.0,1.0,1.0,persistent,1.0
2891,2961,0.5227609102900888,0.7720316273908093,0.6473962688404491,short-term,0.6473962688404491
3030,3100,0.3246050487576879,0.9352749076381087,0.6299399781978983,short-term,0.6299399781978983
3798,3868,0.0,0.828330936755669,0.4141654683778345,short-term,0.4141654683778345
3100,3170,0.0,0.8259232287642204,0.4129616143821102,short-term,0.4129616143821102
3170,3240,0.0,0.7637318487523305,0.38186592437616523,short-term,0.38186592437616523
