low,high,recent_strength,all_strength,avg_strength,zone_type,strength
3090,3158,1.0,0.9517966819259738,0.9758983409629869,persistent,0.9758983409629869
2954,3022,0.0,1.0,0.5,short-term,0.5
3022,3090,0.0179449165552154,0.910861011347089,0.46440296395115216,short-term,0.46440296395115216
3158,3226,0.02558138267425378,0.7708842514599289,0.39823281706709135,short-term,0.39823281706709135
2886,2954,0.0,0.7638191585021152,0.3819095792510576,short-term,0.3819095792510576
3839,3907,0.0,0.6994568928760487,0.34972844643802437,short-term,0.34972844643802437
3907,3975,0.0,0.5129845929903458,0.2564922964951729,short-term,0.2564922964951729
