low,high,recent_strength,all_strength,avg_strength,zone_type,strength
3111,3183,1.0,0.6922467267386886,0.8461233633693444,persistent,0.8461233633693444
3039,3111,0.6154246033964675,0.6580173220025388,0.6367209626995032,short-term,0.6367209626995032
2968,3039,0.25756792806295936,0.8545241068304554,0.5560460174467075,short-term,0.5560460174467075
3827,3899,0.0,1.0,0.5,short-term,0.5
3899,3970,0.0,0.6932923626085158,0.3466461813042579,short-term,0.3466461813042579
3183,3254,0.0,0.6325995942776175,0.31629979713880874,short-term,0.31629979713880874
