low,high,recent_strength,all_strength,avg_strength,zone_type,strength
3294,3362,1.0,0.5855220503935095,0.7927610251967547,persistent,0.7927610251967547
3090,3158,0.15952344858964804,0.9690891769323259,0.564306312760987,short-term,0.564306312760987
2954,3022,0.0,1.0,0.5,short-term,0.5
3158,3226,0.18801493726944563,0.81187679590073,0.49994586658508783,short-term,0.49994586658508783
3022,3090,0.0,0.916493708812576,0.458246854406288,short-term,0.458246854406288
2886,2954,0.0,0.7665765717836069,0.38328828589180347,short-term,0.38328828589180347
3838,3906,0.0,0.6914967294316061,0.34574836471580306,short-term,0.34574836471580306
