low,high,recent_strength,all_strength,avg_strength,zone_type,strength
3325,3396,1.0,0.5534824099545663,0.7767412049772832,short-term,0.7767412049772832
3182,3253,0.3519411974668072,0.6996541809317232,0.5257976891992652,short-term,0.5257976891992652
3825,3897,0.0,1.0,0.5,short-term,0.5
3110,3182,0.22065321073612224,0.6904791327010384,0.4555661717185803,short-term,0.4555661717185803
2967,3039,0.0,0.8345036213576063,0.4172518106788031,short-term,0.4172518106788031
3039,3110,0.08774288652471907,0.6608479863949773,0.3742954364598482,short-term,0.3742954364598482
3897,3968,0.0,0.663314962022785,0.3316574810113925,short-term,0.3316574810113925
