low,high,recent_strength,all_strength,avg_strength,zone_type,strength
3090,3158,1.0,0.9661208390130915,0.9830604195065458,persistent,0.9830604195065458
2954,3022,0.0,1.0,0.5,short-term,0.5
3022,3090,0.0,0.9108610113470886,0.4554305056735443,short-term,0.4554305056735443
3158,3226,0.09758359171743114,0.7854556926254183,0.4415196421714247,short-term,0.4415196421714247
2886,2954,0.0,0.7638191585021175,0.38190957925105873,short-term,0.38190957925105873
3839,3907,0.0,0.6972350424816594,0.3486175212408297,short-term,0.3486175212408297
3907,3975,0.0,0.5152064433847288,0.2576032216923644,short-term,0.2576032216923644
