low,high,recent_strength,all_strength,avg_strength,zone_type,strength
3090,3158,1.0,0.8947441142258402,0.94737205711292,persistent,0.94737205711292
3022,3090,0.10151840642106165,0.9123562568940332,0.5069373316575474,short-term,0.5069373316575474
2954,3022,0.0,1.0,0.5,short-term,0.5
3158,3226,0.039665004281567044,0.7708842514599249,0.405274627870746,short-term,0.405274627870746
2886,2954,0.0,0.7638191585021171,0.38190957925105856,short-term,0.38190957925105856
3840,3908,0.0,0.7153246877688577,0.35766234388442886,short-term,0.35766234388442886
3908,3976,0.0,0.520801797202768,0.260400898601384,short-term,0.260400898601384
