low,high,recent_strength,all_strength,avg_strength,zone_type,strength
3418,3457,1.0,0.5398765662748523,0.7699382831374262,persistent,0.7699382831374262
3851,3890,0.0,1.0,0.5,short-term,0.5
3497,3536,0.5050710549075872,0.39529224878962327,0.45018165184860526,short-term,0.45018165184860526
3929,3969,0.0,0.6823251989222456,0.3411625994611228,short-term,0.3411625994611228
3811,3851,0.0,0.6731677018273899,0.33658385091369497,short-term,0.33658385091369497
3969,4008,0.0,0.5951870206482139,0.29759351032410697,short-term,0.29759351032410697
4087,4126,0.0,0.528318531486445,0.2641592657432225,short-term,0.2641592657432225
3890,3929,0.0,0.4940020175660103,0.24700100878300515,short-term,0.24700100878300515
4008,4047,0.0,0.4269799879522025,0.21348999397610124,short-term,0.21348999397610124
