low,high,recent_strength,all_strength,avg_strength,zone_type,strength
2961,3031,1.0,1.0,1.0,persistent,1.0
3031,3100,0.2946376145921462,0.9211020389692689,0.6078698267807076,short-term,0.6078698267807076
3799,3869,0.0,0.8380704479671349,0.41903522398356746,short-term,0.41903522398356746
3100,3170,0.0,0.8202315882524656,0.4101157941262328,short-term,0.4101157941262328
3170,3240,0.0,0.7584687843668159,0.37923439218340793,short-term,0.37923439218340793
3938,4008,0.0,0.7456243542981027,0.37281217714905135,short-term,0.37281217714905135
