low,high,recent_strength,all_strength,avg_strength,zone_type,strength
2893,2964,1.0,0.5635546615430467,0.7817773307715233,short-term,0.7817773307715233
3105,3176,0.26012722876344735,0.838209684932148,0.5491684568477977,short-term,0.5491684568477977
2964,3035,0.24285457047560585,0.8486175546882238,0.5457360625819148,short-term,0.5457360625819148
3035,3105,0.16207266591681546,0.8560261980166581,0.5090494319667368,short-term,0.5090494319667368
3812,3883,0.0,1.0,0.5,short-term,0.5
3176,3247,0.0,0.8176525395020073,0.40882626975100367,short-term,0.40882626975100367
3883,3954,0.0,0.7065123683760168,0.3532561841880084,short-term,0.3532561841880084
