low,high,recent_strength,all_strength,avg_strength,zone_type,strength
2889,2959,1.0,0.8359969832298082,0.9179984916149041,persistent,0.9179984916149041
2959,3028,0.507070261019626,1.0,0.753535130509813,short-term,0.753535130509813
3028,3097,0.0,0.8464929323745465,0.42324646618727324,short-term,0.42324646618727324
3097,3167,0.0,0.74506680903086,0.37253340451543,short-term,0.37253340451543
3167,3236,0.0,0.7292438914517941,0.36462194572589707,short-term,0.36462194572589707
3929,3999,0.0,0.6796595248407309,0.33982976242036544,short-term,0.33982976242036544
