low,high,recent_strength,all_strength,avg_strength,zone_type,strength
2894,2965,1.0,0.5063883392131319,0.7531941696065659,short-term,0.7531941696065659
3035,3106,0.6438211321399021,0.8405197002525452,0.7421704161962237,short-term,0.7421704161962237
3106,3177,0.4262996005445238,0.8389179988479618,0.6326087996962428,short-term,0.6326087996962428
2965,3035,0.32872021917910227,0.8433535503546725,0.5860368847668874,short-term,0.5860368847668874
3814,3885,0.0,1.0,0.5,short-term,0.5
3177,3248,0.0,0.8283244823721209,0.41416224118606043,short-term,0.41416224118606043
3885,3956,0.0,0.6918359057763672,0.3459179528881836,short-term,0.3459179528881836
