low,high,recent_strength,all_strength,avg_strength,zone_type,strength
3160,3229,1.0,0.7098184963952242,0.8549092481976122,persistent,0.8549092481976122
2955,3023,0.0,1.0,0.5,short-term,0.5
3092,3160,0.21687740631490524,0.748055306436662,0.4824663563757836,short-term,0.4824663563757836
3023,3092,0.0,0.8726459069293452,0.4363229534646726,short-term,0.4363229534646726
2887,2955,0.0,0.7567936134756799,0.37839680673783993,short-term,0.37839680673783993
3844,3913,0.0,0.6639958731878101,0.33199793659390503,short-term,0.33199793659390503
3913,3981,0.0,0.5386040999667037,0.26930204998335183,short-term,0.26930204998335183
