low,high,recent_strength,all_strength,avg_strength,zone_type,strength
2827,2900,1.0,0.49543570373416884,0.7477178518670844,short-term,0.7477178518670844
2754,2827,0.9375890831478895,0.48457965871063535,0.7110843709292625,short-term,0.7110843709292625
2973,3046,0.5555788648607624,0.6767402471054572,0.6161595559831098,short-term,0.6161595559831098
3847,3919,0.0,1.0,0.5,short-term,0.5
3919,3992,0.0,0.7945137186191884,0.3972568593095942,short-term,0.3972568593095942
3774,3847,0.0,0.6508408918816111,0.32542044594080555,short-term,0.32542044594080555
3191,3264,0.0,0.6132016275172373,0.30660081375861864,short-term,0.30660081375861864
4065,4138,0.0,0.585163769780143,0.2925818848900715,short-term,0.2925818848900715
