low,high,recent_strength,all_strength,avg_strength,zone_type,strength
2961,3031,1.0,1.0,1.0,persistent,1.0
3031,3101,0.3268811195830558,0.9377472523938298,0.6323141859884428,short-term,0.6323141859884428
3799,3869,0.0,0.8815243521064079,0.44076217605320395,short-term,0.44076217605320395
3101,3170,0.0,0.8361808698700881,0.41809043493504405,short-term,0.41809043493504405
3170,3240,0.0,0.7732170974204671,0.38660854871023353,short-term,0.38660854871023353
3939,4009,0.0,0.7562552574175239,0.37812762870876193,short-term,0.37812762870876193
