low,high,recent_strength,all_strength,avg_strength,zone_type,strength
2754,2827,1.0,0.49657473092519067,0.7482873654625953,short-term,0.7482873654625953
2973,3045,0.45531452318854915,0.6813360167393684,0.5683252699639587,short-term,0.5683252699639587
3846,3919,0.0,1.0,0.5,short-term,0.5
3919,3991,0.0,0.7904175263416016,0.3952087631708008,short-term,0.3952087631708008
3773,3846,0.0,0.6551260061058116,0.3275630030529058,short-term,0.3275630030529058
3191,3264,0.0,0.6100402072517672,0.3050201036258836,short-term,0.3050201036258836
4064,4137,0.0,0.5821469014005016,0.2910734507002508,short-term,0.2910734507002508
