low,high,recent_strength,all_strength,avg_strength,zone_type,strength
3091,3159,1.0,0.8166495056438915,0.9083247528219458,persistent,0.9083247528219458
3023,3091,0.4104513681618833,0.9009822776174878,0.6557168228896856,short-term,0.6557168228896856
3159,3227,0.4605222369584067,0.7509763576256222,0.6057492972920144,short-term,0.6057492972920144
2954,3023,0.0,1.0,0.5,short-term,0.5
2886,2954,0.0,0.7618569015438011,0.3809284507719006,short-term,0.3809284507719006
3841,3910,0.0,0.6893108930540868,0.3446554465270434,short-term,0.3446554465270434
3910,3978,0.0,0.5154558289840433,0.25772791449202165,short-term,0.25772791449202165
