low,high,recent_strength,all_strength,avg_strength,zone_type,strength
2893,2964,1.0,0.6164561354702869,0.8082280677351434,short-term,0.8082280677351434
2964,3034,0.2855028889483132,0.8636918983840978,0.5745973936662054,persistent,0.5745973936662054
3811,3882,0.0,1.0,0.5,short-term,0.5
3105,3176,0.09247929550029621,0.865401762507141,0.4789405290037186,short-term,0.4789405290037186
3034,3105,0.07298946020061307,0.8594323502014827,0.46621090520104785,short-term,0.46621090520104785
3176,3246,0.0,0.8229810185066005,0.4114905092533003,short-term,0.4114905092533003
3882,3952,0.0,0.7117878094193312,0.3558939047096656,short-term,0.3558939047096656
