low,high,recent_strength,all_strength,avg_strength,zone_type,strength
3177,3215,1.0,0.587548023655106,0.793774011827553,persistent,0.793774011827553
3834,3873,0.0,1.0,0.5,short-term,0.5
3912,3950,0.0,0.6732359325940747,0.33661796629703733,short-term,0.33661796629703733
3950,3989,0.0,0.5929516284626871,0.29647581423134356,short-term,0.29647581423134356
3796,3834,0.0,0.5687926278758715,0.28439631393793574,short-term,0.28439631393793574
3873,3912,0.0,0.557697432222543,0.2788487161112715,short-term,0.2788487161112715
3409,3447,0.0,0.4975858200685845,0.24879291003429224,short-term,0.24879291003429224
4067,4105,0.0,0.4965327258956116,0.2482663629478058,short-term,0.2482663629478058
3293,3331,0.0,0.43641809926134056,0.21820904963067028,short-term,0.21820904963067028
