low,high,recent_strength,all_strength,avg_strength,zone_type,strength
2972,3044,0.9357063441892934,0.8324105573802317,0.8840584507847626,short-term,0.8840584507847626
2754,2827,1.0,0.5270945780158485,0.7635472890079242,short-term,0.7635472890079242
3843,3915,0.0,1.0,0.5,short-term,0.5
3915,3988,0.0,0.8531569979739063,0.42657849898695316,short-term,0.42657849898695316
3770,3843,0.0,0.6857012720651365,0.34285063603256827,short-term,0.34285063603256827
3189,3262,0.0,0.6435891862164741,0.32179459310823705,short-term,0.32179459310823705
4060,4133,0.0,0.560989246510969,0.2804946232554845,short-term,0.2804946232554845
