low,high,recent_strength,all_strength,avg_strength,zone_type,strength
3111,3183,1.0,0.6786352304382705,0.8393176152191353,persistent,0.8393176152191353
3040,3111,0.6918966027004182,0.6532115721176515,0.6725540874090348,short-term,0.6725540874090348
2968,3040,0.2961506421290099,0.8572468275053033,0.5766987348171566,short-term,0.5766987348171566
3828,3899,0.0,1.0,0.5,short-term,0.5
3899,3971,0.0,0.6932923626085142,0.3466461813042571,short-term,0.3466461813042571
3183,3255,0.0,0.6325995942776179,0.31629979713880896,short-term,0.31629979713880896
