low,high,recent_strength,all_strength,avg_strength,zone_type,strength
2961,3031,1.0,1.0,1.0,persistent,1.0
3031,3101,0.043447276355337884,0.9141820482664963,0.47881466231091707,short-term,0.47881466231091707
3801,3870,0.0,0.8949331768323155,0.4474665884161578,short-term,0.4474665884161578
3101,3171,0.0,0.8567334325122632,0.4283667162561316,short-term,0.4283667162561316
3171,3241,0.0,0.7785693250592879,0.38928466252964394,short-term,0.38928466252964394
3940,4010,0.0,0.7741683829659128,0.3870841914829564,short-term,0.3870841914829564
