low,high,recent_strength,all_strength,avg_strength,zone_type,strength
2962,3032,1.0,1.0,1.0,persistent,1.0
3032,3102,0.0,0.9694169975623712,0.4847084987811856,short-term,0.4847084987811856
3802,3872,0.0,0.965880130062181,0.4829400650310905,short-term,0.4829400650310905
3102,3172,0.0,0.888629245613054,0.444314622806527,short-term,0.444314622806527
3172,3242,0.0,0.8043420684516428,0.4021710342258214,short-term,0.4021710342258214
3942,4012,0.0,0.7776050435167768,0.3888025217583884,short-term,0.3888025217583884
