low,high,recent_strength,all_strength,avg_strength,zone_type,strength
3294,3334,1.0,0.425014131514788,0.712507065757394,persistent,0.712507065757394
3855,3895,0.0,1.0,0.5,short-term,0.5
3815,3855,0.0,0.8891429903430196,0.4445714951715098,short-term,0.4445714951715098
3935,3975,0.0,0.781085247219448,0.390542623609724,short-term,0.390542623609724
3414,3454,0.560728826942939,0.19200655096064093,0.37636768895178996,short-term,0.37636768895178996
4095,4135,0.0,0.6232027020437921,0.31160135102189607,short-term,0.31160135102189607
3975,4015,0.0,0.5976745011329103,0.29883725056645516,short-term,0.29883725056645516
3895,3935,0.0,0.4932061106169178,0.2466030553084589,short-term,0.2466030553084589
4015,4055,0.0,0.4493998873711606,0.2246999436855803,short-term,0.2246999436855803
