low,high,recent_strength,all_strength,avg_strength,zone_type,strength
3111,3183,1.0,0.6974735686477167,0.8487367843238584,persistent,0.8487367843238584
3039,3111,0.5817323853212243,0.6580173220025479,0.6198748536618861,persistent,0.6198748536618861
2968,3039,0.24909543569842693,0.8545241068304645,0.5518097712644457,short-term,0.5518097712644457
3827,3899,0.0,1.0,0.5,short-term,0.5
3183,3254,0.20452978495673094,0.6650990826926082,0.43481443382466956,short-term,0.43481443382466956
3899,3970,0.0,0.693292362608518,0.346646181304259,short-term,0.346646181304259
