low,high,recent_strength,all_strength,avg_strength,zone_type,strength
3091,3159,1.0,0.8707510366838365,0.9353755183419182,persistent,0.9353755183419182
3023,3091,0.27323386576910996,0.9041706219590621,0.588702243864086,short-term,0.588702243864086
3159,3227,0.2503921567175895,0.7560553224858326,0.5032237396017111,short-term,0.5032237396017111
2954,3023,0.0,1.0,0.5,short-term,0.5
2886,2954,0.0,0.758306414801345,0.3791532074006725,short-term,0.3791532074006725
3841,3910,0.0,0.6879217965928025,0.34396089829640125,short-term,0.34396089829640125
3910,3978,0.0,0.5144170845289591,0.25720854226447953,short-term,0.25720854226447953
