low,high,recent_strength,all_strength,avg_strength,zone_type,strength
3090,3158,1.0,0.875800312734719,0.9379001563673595,persistent,0.9379001563673595
3022,3090,0.2360943456867776,0.9170951631491805,0.576594754417979,short-term,0.576594754417979
2954,3022,0.0,1.0,0.5,short-term,0.5
3158,3227,0.0,0.7676659285004634,0.3838329642502317,short-term,0.3838329642502317
2886,2954,0.0,0.7638191585021201,0.38190957925106006,short-term,0.38190957925106006
3840,3908,0.0,0.7084236507980195,0.35421182539900975,short-term,0.35421182539900975
3908,3976,0.0,0.5208017972027557,0.26040089860137783,short-term,0.26040089860137783
