low,high,recent_strength,all_strength,avg_strength,zone_type,strength
3325,3396,1.0,0.5505067814046125,0.7752533907023063,short-term,0.7752533907023063
3825,3897,0.0,1.0,0.5,short-term,0.5
3182,3253,0.28193883999090463,0.6925100477704668,0.4872244438806857,short-term,0.4872244438806857
3110,3182,0.27101639471311484,0.6979245028134426,0.4844704487632787,short-term,0.4844704487632787
2967,3039,0.0,0.8435019936861765,0.42175099684308825,short-term,0.42175099684308825
3039,3110,0.1729872060319925,0.6679738467051985,0.4204805263685955,short-term,0.4204805263685955
3897,3968,0.0,0.6704674234940459,0.33523371174702293,short-term,0.33523371174702293
