low,high,recent_strength,all_strength,avg_strength,zone_type,strength
3091,3159,1.0,0.8445468052113414,0.9222734026056707,persistent,0.9222734026056707
3159,3228,0.46882429729228886,0.7563123306187716,0.6125683139555302,short-term,0.6125683139555302
3023,3091,0.17864992692957452,0.8857406077991579,0.5321952673643662,short-term,0.5321952673643662
2954,3023,0.0,1.0,0.5,short-term,0.5
2886,2954,0.0,0.7567936134756796,0.3783968067378398,short-term,0.3783968067378398
3842,3910,0.0,0.6670527666236492,0.3335263833118246,short-term,0.3335263833118246
3910,3978,0.0,0.5145919518574671,0.25729597592873354,short-term,0.25729597592873354
