low,high,recent_strength,all_strength,avg_strength,zone_type,strength
2889,2958,1.0,0.8819195435425964,0.9409597717712982,persistent,0.9409597717712982
2958,3027,0.7353256855910517,1.0,0.8676628427955259,short-term,0.8676628427955259
3027,3096,0.4703674949793803,0.909968261423386,0.6901678782013831,short-term,0.6901678782013831
3096,3165,0.0,0.7360578551874843,0.36802892759374217,short-term,0.36802892759374217
3165,3234,0.0,0.7135739759840373,0.35678698799201863,short-term,0.35678698799201863
3856,3925,0.0,0.670604250913641,0.3353021254568205,short-term,0.3353021254568205
