low,high,recent_strength,all_strength,avg_strength,zone_type,strength
2969,3040,1.0,0.9481764648243518,0.9740882324121759,persistent,0.9740882324121759
3040,3112,0.5379839255448184,0.6470319283330171,0.5925079269389177,short-term,0.5925079269389177
3830,3902,0.0,1.0,0.5,short-term,0.5
3902,3974,0.0,0.762021023210005,0.3810105116050025,short-term,0.3810105116050025
3184,3256,0.0,0.7158283925578317,0.35791419627891585,short-term,0.35791419627891585
3974,4045,0.0,0.6476124663596389,0.32380623317981944,short-term,0.32380623317981944
