low,high,recent_strength,all_strength,avg_strength,zone_type,strength
3114,3186,1.0,0.5765332940251066,0.7882666470125532,persistent,0.7882666470125532
2970,3042,0.534882347137059,0.8519104930441205,0.6933964200905898,short-term,0.6933964200905898
3186,3258,0.4949864110966338,0.6637405588798683,0.5793634849882511,short-term,0.5793634849882511
3835,3907,0.0,1.0,0.5,short-term,0.5
3042,3114,0.2202006405824373,0.5488878620240265,0.3845442513032319,short-term,0.3845442513032319
3907,3979,0.0,0.7274312164835255,0.36371560824176274,short-term,0.36371560824176274
