low,high,recent_strength,all_strength,avg_strength,zone_type,strength
3090,3158,1.0,0.9682528358631762,0.9841264179315881,persistent,0.9841264179315881
3158,3226,0.2843856248462407,0.8101313830525745,0.5472585039494076,short-term,0.5472585039494076
2954,3022,0.0,1.0,0.5,short-term,0.5
3022,3090,0.0,0.9129076112903035,0.45645380564515176,short-term,0.45645380564515176
2886,2954,0.0,0.7649285475954026,0.3824642737977013,short-term,0.3824642737977013
3838,3907,0.0,0.6931936338391738,0.3465968169195869,short-term,0.3465968169195869
3907,3975,0.0,0.5210088308475367,0.26050441542376834,short-term,0.26050441542376834
