low,high,recent_strength,all_strength,avg_strength,zone_type,strength
2104,2170,1.0,0.20696321997343506,0.6034816099867175,short-term,0.6034816099867175
2899,2966,0.0,1.0,0.5,short-term,0.5
2966,3032,0.0,0.9433822492277327,0.47169112461386636,short-term,0.47169112461386636
3098,3164,0.0,0.7374597963179601,0.36872989815898005,short-term,0.36872989815898005
3032,3098,0.0,0.6653860272903886,0.3326930136451943,short-term,0.3326930136451943
3164,3231,0.0,0.6647534681698414,0.3323767340849207,short-term,0.3323767340849207
3827,3893,0.0,0.5988884213241055,0.29944421066205273,short-term,0.29944421066205273
3297,3363,0.0,0.5137719358575671,0.25688596792878354,short-term,0.25688596792878354
2767,2833,0.0,0.4108157752054878,0.2054078876027439,short-term,0.2054078876027439
