low,high,recent_strength,all_strength,avg_strength,zone_type,strength
3092,3161,1.0,0.7348027371843322,0.8674013685921661,persistent,0.8674013685921661
3024,3092,0.47125002219822165,0.8703704667671576,0.6708102444826896,short-term,0.6708102444826896
2955,3024,0.0,1.0,0.5,short-term,0.5
2887,2955,0.0,0.7543278925806697,0.37716394629033484,short-term,0.37716394629033484
3846,3914,0.0,0.6658564814678923,0.33292824073394617,short-term,0.33292824073394617
3161,3229,0.0,0.5999663825115154,0.2999831912557577,short-term,0.2999831912557577
3914,3983,0.0,0.5636024528869736,0.2818012264434868,short-term,0.2818012264434868
