low,high,recent_strength,all_strength,avg_strength,zone_type,strength
2953,3020,1.0,1.0,1.0,persistent,1.0
3020,3088,0.6909379716027827,0.8959735599659051,0.793455765784344,short-term,0.793455765784344
2885,2953,0.6633745551395029,0.7525113789594764,0.7079429670494897,short-term,0.7079429670494897
3088,3156,0.3910914164011104,0.9069448604071711,0.6490181384041408,short-term,0.6490181384041408
3156,3224,0.2811911493579734,0.8381593253787257,0.5596752373683496,short-term,0.5596752373683496
3834,3902,0.0,0.6363853907100534,0.3181926953550267,short-term,0.3181926953550267
3292,3359,0.0,0.6100245369438249,0.30501226847191243,short-term,0.30501226847191243
