low,high,recent_strength,all_strength,avg_strength,zone_type,strength
2884,2951,1.0,0.8542024305722266,0.9271012152861133,persistent,0.9271012152861133
2951,3019,0.08807248643146476,1.0,0.5440362432157324,short-term,0.5440362432157324
3019,3086,0.0,0.824113979149143,0.4120569895745715,short-term,0.4120569895745715
3086,3154,0.0,0.8206092433156582,0.4103046216578291,short-term,0.4103046216578291
3154,3221,0.0,0.7559109818918077,0.37795549094590386,short-term,0.37795549094590386
3828,3896,0.0,0.6622955322107924,0.3311477661053962,short-term,0.3311477661053962
3289,3356,0.0,0.5853187690823405,0.29265938454117024,short-term,0.29265938454117024
