low,high,recent_strength,all_strength,avg_strength,zone_type,strength
3157,3224,1.0,0.8853836292677446,0.9426918146338723,persistent,0.9426918146338723
2953,3021,0.4026071997299535,1.0,0.7013035998649768,short-term,0.7013035998649768
3089,3157,0.424848585959307,0.9613463445056051,0.6930974652324561,persistent,0.6930974652324561
3021,3089,0.3789697315784752,0.9223009507637838,0.6506353411711295,short-term,0.6506353411711295
2885,2953,0.15559059102805836,0.7517256813672485,0.45365813619765344,short-term,0.45365813619765344
3292,3360,0.13207675604343344,0.6444494083816512,0.38826308221254235,short-term,0.38826308221254235
3835,3903,0.0,0.6866888089877983,0.34334440449389914,short-term,0.34334440449389914
