low,high,recent_strength,all_strength,avg_strength,zone_type,strength
3293,3361,1.0,0.6452481751279624,0.8226240875639812,persistent,0.8226240875639812
2953,3021,0.0,1.0,0.5,short-term,0.5
3089,3157,0.0,0.9622586669407978,0.4811293334703989,short-term,0.4811293334703989
3021,3089,0.0,0.9198314539068907,0.45991572695344535,short-term,0.45991572695344535
3157,3225,0.0,0.8230112452241062,0.4115056226120531,short-term,0.4115056226120531
2885,2953,0.0,0.7681608855434393,0.38408044277171965,short-term,0.38408044277171965
3837,3905,0.0,0.6928783004098314,0.3464391502049157,short-term,0.3464391502049157
