low,high,recent_strength,all_strength,avg_strength,zone_type,strength
3090,3158,1.0,0.9541299101511229,0.9770649550755615,persistent,0.9770649550755615
2954,3022,0.0,1.0,0.5,short-term,0.5
3022,3090,0.005754160984615451,0.9108610113470903,0.4583075861658529,short-term,0.4583075861658529
3158,3226,0.025115587532539327,0.7708842514599314,0.39799991949623537,short-term,0.39799991949623537
2886,2954,0.0,0.7638191585021197,0.38190957925105984,short-term,0.38190957925105984
3839,3907,0.0,0.6994568928760514,0.3497284464380257,short-term,0.3497284464380257
3907,3975,0.0,0.5129845929903475,0.25649229649517374,short-term,0.25649229649517374
