low,high,recent_strength,all_strength,avg_strength,zone_type,strength
2889,2958,1.0,0.8915375622577202,0.9457687811288601,persistent,0.9457687811288601
2958,3027,0.07931428089479693,1.0,0.5396571404473984,short-term,0.5396571404473984
3027,3096,0.0,0.865237056146757,0.4326185280733785,short-term,0.4326185280733785
3096,3165,0.0,0.751321996342714,0.375660998171357,short-term,0.375660998171357
3165,3234,0.0,0.7283718533755388,0.3641859266877694,short-term,0.3641859266877694
3787,3857,0.0,0.6875426456619695,0.34377132283098477,short-term,0.34377132283098477
