low,high,recent_strength,all_strength,avg_strength,zone_type,strength
2952,3020,0.9680585698917942,1.0,0.9840292849458971,short-term,0.9840292849458971
2884,2952,1.0,0.7585558762426192,0.8792779381213096,persistent,0.8792779381213096
3020,3087,0.0,0.8276040013252914,0.4138020006626457,short-term,0.4138020006626457
3087,3155,0.0,0.827004251626871,0.4135021258134355,short-term,0.4135021258134355
3155,3222,0.0,0.7668594640581118,0.3834297320290559,short-term,0.3834297320290559
3831,3899,0.0,0.6180382259820932,0.3090191129910466,short-term,0.3090191129910466
3290,3358,0.0,0.5726680005582389,0.2863340002791194,short-term,0.2863340002791194
