low,high,recent_strength,all_strength,avg_strength,zone_type,strength
2952,3019,0.5335125557653814,1.0,0.7667562778826906,short-term,0.7667562778826906
2816,2884,1.0,0.48234493319580035,0.7411724665979001,short-term,0.7411724665979001
2884,2952,0.6403228308269276,0.7703090668775522,0.7053159488522399,short-term,0.7053159488522399
3087,3154,0.0,0.8250447028829991,0.41252235144149957,short-term,0.41252235144149957
3019,3087,0.0,0.822139704545175,0.4110698522725875,short-term,0.4110698522725875
3154,3222,0.0,0.7489695094186458,0.3744847547093229,short-term,0.3744847547093229
3829,3897,0.0,0.6456594297951765,0.32282971489758827,short-term,0.32282971489758827
3289,3357,0.0,0.5842498926605515,0.29212494633027575,short-term,0.29212494633027575
