low,high,recent_strength,all_strength,avg_strength,zone_type,strength
2884,2951,1.0,0.8784521260148908,0.9392260630074454,persistent,0.9392260630074454
2951,3018,0.20191906096413295,1.0,0.6009595304820665,short-term,0.6009595304820665
3018,3086,0.14102971858560018,0.8090678069706448,0.4750487627781225,short-term,0.4750487627781225
3086,3153,0.0,0.8079748083788667,0.40398740418943335,short-term,0.40398740418943335
3153,3220,0.0,0.7337989710307267,0.36689948551536333,short-term,0.36689948551536333
3827,3894,0.0,0.6428659458695943,0.32143297293479717,short-term,0.32143297293479717
3288,3355,0.0,0.5657080200112634,0.2828540100056317,short-term,0.2828540100056317
