low,high,recent_strength,all_strength,avg_strength,zone_type,strength
3092,3161,1.0,0.7403657959028507,0.8701828979514253,persistent,0.8701828979514253
3161,3229,0.4384622701160885,0.6319427466428439,0.5352025083794663,short-term,0.5352025083794663
2955,3024,0.0,1.0,0.5,short-term,0.5
3024,3092,0.06455823100266402,0.8703704667671589,0.46746434888491145,short-term,0.46746434888491145
2887,2955,0.0,0.7543278925806707,0.37716394629033534,short-term,0.37716394629033534
3845,3914,0.0,0.6658564814678898,0.3329282407339449,short-term,0.3329282407339449
3914,3982,0.0,0.5437505158526897,0.27187525792634487,short-term,0.27187525792634487
