low,high,recent_strength,all_strength,avg_strength,zone_type,strength
3160,3228,0.9930558489285146,0.7593703519563303,0.8762131004424225,short-term,0.8762131004424225
3091,3160,0.8079121950993089,0.7973655701970361,0.8026388826481725,short-term,0.8026388826481725
3228,3296,1.0,0.3833429058796087,0.6916714529398044,short-term,0.6916714529398044
2955,3023,0.0,1.0,0.5,short-term,0.5
3023,3091,0.0,0.8726459069293495,0.43632295346467476,short-term,0.43632295346467476
2886,2955,0.0,0.756793613475683,0.3783968067378415,short-term,0.3783968067378415
3843,3911,0.0,0.6670527666236484,0.3335263833118242,short-term,0.3335263833118242
3911,3980,0.0,0.5403406875842196,0.2701703437921098,short-term,0.2701703437921098
