low,high,recent_strength,all_strength,avg_strength,zone_type,strength
2883,2951,1.0,0.8500810529249853,0.9250405264624926,persistent,0.9250405264624926
2951,3018,0.39240976823017865,1.0,0.6962048841150893,short-term,0.6962048841150893
3018,3086,0.2727985832464405,0.8072362628939911,0.5400174230702158,short-term,0.5400174230702158
3086,3153,0.0,0.7853221191859143,0.39266105959295716,short-term,0.39266105959295716
3153,3220,0.0,0.720406536236145,0.3602032681180725,short-term,0.3602032681180725
3826,3894,0.0,0.6290453005047957,0.31452265025239784,short-term,0.31452265025239784
3288,3355,0.0,0.5524823341198655,0.27624116705993274,short-term,0.27624116705993274
