low,high,recent_strength,all_strength,avg_strength,zone_type,strength
2971,3043,0.7796066109742844,0.7821242458747473,0.7808654284245158,short-term,0.7808654284245158
3115,3188,1.0,0.5528076738108321,0.776403836905416,persistent,0.776403836905416
3188,3260,0.6600198574587817,0.7097023561324735,0.6848611067956276,short-term,0.6848611067956276
3839,3911,0.0,1.0,0.5,short-term,0.5
3911,3983,0.0,0.8167743559974002,0.4083871779987001,short-term,0.4083871779987001
3766,3839,0.0,0.6119451742316879,0.30597258711584396,short-term,0.30597258711584396
