low,high,recent_strength,all_strength,avg_strength,zone_type,strength
2960,3030,0.8262682282059955,1.0,0.9131341141029978,short-term,0.9131341141029978
2890,2960,1.0,0.8105903355282048,0.9052951677641023,persistent,0.9052951677641023
3030,3099,0.3379708223791226,0.9180210349616889,0.6279959286704058,short-term,0.6279959286704058
3796,3865,0.0,0.7856558012459186,0.3928279006229593,short-term,0.3928279006229593
3099,3169,0.0,0.7816919813993676,0.3908459906996838,short-term,0.3908459906996838
3169,3239,0.0,0.7732756243954408,0.3866378121977204,short-term,0.3866378121977204
