low,high,recent_strength,all_strength,avg_strength,zone_type,strength
3293,3361,1.0,0.647382501833199,0.8236912509165994,persistent,0.8236912509165994
2953,3021,0.0,1.0,0.5,short-term,0.5
3089,3157,0.0,0.9622586669408041,0.48112933347040204,short-term,0.48112933347040204
3021,3089,0.0,0.9198314539068946,0.4599157269534473,short-term,0.4599157269534473
3157,3225,0.0,0.8230112452241076,0.4115056226120538,short-term,0.4115056226120538
2885,2953,0.0,0.7681608855434459,0.38408044277172293,short-term,0.38408044277172293
3837,3905,0.0,0.6928783004098265,0.3464391502049132,short-term,0.3464391502049132
