low,high,recent_strength,all_strength,avg_strength,zone_type,strength
2956,3024,1.0,1.0,1.0,persistent,1.0
3024,3093,0.5491736547708442,0.8235114833803642,0.6863425690756042,short-term,0.6863425690756042
3093,3162,0.415859031989138,0.6500031128158019,0.53293107240247,short-term,0.53293107240247
2887,2956,0.0,0.7497753293216587,0.37488766466082935,short-term,0.37488766466082935
3848,3916,0.0,0.6248734101801964,0.3124367050900982,short-term,0.3124367050900982
3162,3230,0.0,0.5875822426878359,0.29379112134391794,short-term,0.29379112134391794
3916,3985,0.0,0.5552077440816215,0.2776038720408108,short-term,0.2776038720408108
