low,high,recent_strength,all_strength,avg_strength,zone_type,strength
2889,2958,1.0,0.8715586546765844,0.9357793273382922,persistent,0.9357793273382922
2958,3027,0.413479692533694,1.0,0.706739846266847,short-term,0.706739846266847
3027,3097,0.0,0.8645235134543076,0.4322617567271538,short-term,0.4322617567271538
3097,3166,0.0,0.7523422159790973,0.37617110798954867,short-term,0.37617110798954867
3166,3235,0.0,0.7332740292622973,0.36663701463114867,short-term,0.36663701463114867
3858,3927,0.0,0.6833182173966593,0.34165910869832966,short-term,0.34165910869832966
