low,high,recent_strength,all_strength,avg_strength,zone_type,strength
3180,3252,1.0,0.812252965229664,0.906126482614832,persistent,0.906126482614832
3038,3109,0.5972429898091006,0.7725378111669337,0.6848904004880172,short-term,0.6848904004880172
3822,3893,0.0,1.0,0.5,short-term,0.5
3109,3180,0.1917801185690873,0.7238408881867403,0.4578105033779138,short-term,0.4578105033779138
2967,3038,0.0,0.8125262645053224,0.4062631322526612,short-term,0.4062631322526612
3893,3964,0.0,0.6851442507497509,0.34257212537487547,short-term,0.34257212537487547
