low,high,recent_strength,all_strength,avg_strength,zone_type,strength
2969,3041,1.0,0.9251508485934913,0.9625754242967457,persistent,0.9625754242967457
3041,3113,0.4731210398205653,0.6140397772994238,0.5435804085599946,short-term,0.5435804085599946
3831,3903,0.0,1.0,0.5,short-term,0.5
3903,3975,0.0,0.758975754221867,0.3794878771109335,short-term,0.3794878771109335
3184,3256,0.0,0.7017001997611247,0.35085009988056237,short-term,0.35085009988056237
3975,4047,0.0,0.6179649483949305,0.3089824741974653,short-term,0.3089824741974653
