low,high,recent_strength,all_strength,avg_strength,zone_type,strength
3092,3161,1.0,0.739845090412269,0.8699225452061345,persistent,0.8699225452061345
2955,3024,0.0,1.0,0.5,short-term,0.5
3024,3092,0.0453612397058436,0.8703704667671616,0.4578658532365026,short-term,0.4578658532365026
3161,3229,0.2108432374532834,0.6218502076147046,0.41634672253399396,short-term,0.41634672253399396
2887,2955,0.0,0.7543278925806726,0.3771639462903363,short-term,0.3771639462903363
3846,3914,0.0,0.6658564814678992,0.3329282407339496,short-term,0.3329282407339496
3914,3982,0.0,0.5505783418800163,0.27528917094000815,short-term,0.27528917094000815
