low,high,recent_strength,all_strength,avg_strength,zone_type,strength
2265,2331,1.0,0.2176204017617407,0.6088102008808703,short-term,0.6088102008808703
2930,2997,0.0,1.0,0.5,short-term,0.5
2997,3064,0.0,0.7931394314960368,0.3965697157480184,short-term,0.3965697157480184
3064,3130,0.0,0.6688595311612907,0.33442976558064536,short-term,0.33442976558064536
3130,3197,0.0,0.564358906423525,0.2821794532117625,short-term,0.2821794532117625
3197,3263,0.0,0.5515098260260741,0.27575491301303706,short-term,0.27575491301303706
2797,2864,0.0,0.5308224547755538,0.2654112273877769,short-term,0.2654112273877769
2864,2930,0.0,0.4768563384028004,0.2384281692014002,short-term,0.2384281692014002
3796,3863,0.0,0.4427019729524346,0.2213509864762173,short-term,0.2213509864762173
