low,high,recent_strength,all_strength,avg_strength,zone_type,strength
2889,2958,1.0,0.8792673098459237,0.9396336549229618,persistent,0.9396336549229618
2958,3027,0.4347149501247045,1.0,0.7173574750623523,short-term,0.7173574750623523
3027,3096,0.0,0.8645235134543034,0.4322617567271517,short-term,0.4322617567271517
3096,3166,0.0,0.7523422159790948,0.3761711079895474,short-term,0.3761711079895474
3166,3235,0.0,0.7332740292622907,0.36663701463114534,short-term,0.36663701463114534
3857,3926,0.0,0.6795276937691569,0.33976384688457845,short-term,0.33976384688457845
