low,high,recent_strength,all_strength,avg_strength,zone_type,strength
3111,3183,1.0,0.6765664693936981,0.8382832346968491,persistent,0.8382832346968491
3040,3111,0.8537382719348833,0.655965340468078,0.7548518062014806,short-term,0.7548518062014806
2968,3040,0.3509910574806078,0.8720059787556141,0.611498518118111,short-term,0.611498518118111
3828,3900,0.0,1.0,0.5,short-term,0.5
3900,3972,0.0,0.7052287227233768,0.3526143613616884,short-term,0.3526143613616884
3183,3255,0.0,0.6434910117705223,0.32174550588526113,short-term,0.32174550588526113
