low,high,recent_strength,all_strength,avg_strength,zone_type,strength
2253,2320,1.0,0.28391154658041196,0.6419557732902059,short-term,0.6419557732902059
2917,2983,0.0,1.0,0.5,short-term,0.5
2983,3050,0.0,0.8185586961650166,0.4092793480825083,short-term,0.4092793480825083
3050,3116,0.0,0.6161918773635248,0.3080959386817624,short-term,0.3080959386817624
3182,3249,0.0,0.6124896706393171,0.30624483531965857,short-term,0.30624483531965857
3116,3182,0.0,0.5930194478741595,0.29650972393707975,short-term,0.29650972393707975
2784,2850,0.0,0.49674649782738034,0.24837324891369017,short-term,0.24837324891369017
3846,3912,0.0,0.47384317140391774,0.23692158570195887,short-term,0.23692158570195887
3315,3381,0.0,0.4429907131053314,0.2214953565526657,short-term,0.2214953565526657
