low,high,recent_strength,all_strength,avg_strength,zone_type,strength
2691,2758,1.0,0.3643818522401534,0.6821909261200767,short-term,0.6821909261200767
2893,2960,0.1558866444569194,0.9438679751270038,0.5498773097919616,short-term,0.5498773097919616
2960,3027,0.008891711016302891,1.0,0.5044458555081515,short-term,0.5044458555081515
2758,2826,0.4302874818608205,0.39903082401685225,0.4146591529388364,short-term,0.4146591529388364
3094,3161,0.0,0.7671889243395178,0.3835944621697589,short-term,0.3835944621697589
3027,3094,0.0,0.7307869770062034,0.3653934885031017,short-term,0.3653934885031017
3161,3228,0.0,0.6821702952361818,0.3410851476180909,short-term,0.3410851476180909
3832,3899,0.0,0.5619263066295579,0.28096315331477895,short-term,0.28096315331477895
3295,3362,0.0,0.5344443930562915,0.2672221965281458,short-term,0.2672221965281458
