low,high,recent_strength,all_strength,avg_strength,zone_type,strength
3180,3251,1.0,0.8148831430358389,0.9074415715179194,persistent,0.9074415715179194
3038,3109,0.6674368344595125,0.7882224416249917,0.7278296380422521,short-term,0.7278296380422521
3109,3180,0.2816805146679103,0.7450847543696505,0.5133826345187804,short-term,0.5133826345187804
3821,3892,0.0,1.0,0.5,short-term,0.5
2966,3038,0.0,0.8233490963096816,0.4116745481548408,short-term,0.4116745481548408
3892,3964,0.0,0.6720761398158501,0.33603806990792506,short-term,0.33603806990792506
