low,high,recent_strength,all_strength,avg_strength,zone_type,strength
2972,3045,0.8796056037028741,0.7923200001379772,0.8359628019204257,short-term,0.8359628019204257
2754,2827,1.0,0.5271575343029732,0.7635787671514866,short-term,0.7635787671514866
3844,3917,0.0,1.0,0.5,short-term,0.5
3917,3990,0.0,0.8796636492934161,0.43983182464670806,short-term,0.43983182464670806
3772,3844,0.0,0.6787001694795746,0.3393500847397873,short-term,0.3393500847397873
3190,3263,0.0,0.6436660566440733,0.32183302832203664,short-term,0.32183302832203664
4062,4135,0.0,0.5477865980205752,0.2738932990102876,short-term,0.2738932990102876
