low,high,recent_strength,all_strength,avg_strength,zone_type,strength
3293,3361,1.0,0.6679913728814659,0.833995686440733,persistent,0.833995686440733
2953,3021,0.0,1.0,0.5,short-term,0.5
3089,3157,0.0,0.957300156032181,0.4786500780160905,short-term,0.4786500780160905
3021,3089,0.0,0.9167304692290348,0.4583652346145174,short-term,0.4583652346145174
3157,3225,0.0,0.8219511593344218,0.4109755796672109,short-term,0.4109755796672109
2885,2953,0.0,0.762199967604879,0.3810999838024395,short-term,0.3810999838024395
3837,3905,0.0,0.6905424322634791,0.34527121613173956,short-term,0.34527121613173956
