low,high,recent_strength,all_strength,avg_strength,zone_type,strength
3156,3224,1.0,0.8778740216696618,0.9389370108348309,persistent,0.9389370108348309
2953,3021,0.6291731312500479,1.0,0.814586565625024,persistent,0.814586565625024
3089,3156,0.42484858595930686,0.9402935940206615,0.6825710899899842,short-term,0.6825710899899842
3021,3089,0.3789697315784752,0.9121816442424588,0.645575687910467,short-term,0.645575687910467
2885,2953,0.15559059102805836,0.7400991531815646,0.4478448721048115,short-term,0.4478448721048115
3835,3903,0.0,0.6675365040942152,0.3337682520471076,short-term,0.3337682520471076
3292,3360,0.012693139677374227,0.635654380213545,0.3241737599454596,short-term,0.3241737599454596
