low,high,recent_strength,all_strength,avg_strength,zone_type,strength
2971,3044,1.0,0.799761216951393,0.8998806084756965,persistent,0.8998806084756965
3044,3116,0.9674984346156307,0.5417283742645354,0.754613404440083,short-term,0.754613404440083
3842,3914,0.0,1.0,0.5,short-term,0.5
3914,3987,0.0,0.8274976103314021,0.41374880516570106,short-term,0.41374880516570106
3769,3842,0.0,0.6350024411440939,0.31750122057204694,short-term,0.31750122057204694
3189,3262,0.0,0.6242327202308806,0.3121163601154403,short-term,0.3121163601154403
4059,4132,0.0,0.5475492918702344,0.2737746459351172,short-term,0.2737746459351172
