low,high,recent_strength,all_strength,avg_strength,zone_type,strength
2754,2827,1.0,0.5085825020207505,0.7542912510103752,short-term,0.7542912510103752
2972,3045,0.4107659621554441,0.6876528539483671,0.5492094080519055,short-term,0.5492094080519055
3845,3918,0.0,1.0,0.5,short-term,0.5
3918,3991,0.0,0.8070169365770601,0.40350846828853004,short-term,0.40350846828853004
3773,3845,0.0,0.6611998437281874,0.3305999218640937,short-term,0.3305999218640937
3191,3263,0.0,0.615696043117596,0.307848021558798,short-term,0.307848021558798
4064,4137,0.0,0.5834425942475306,0.2917212971237653,short-term,0.2917212971237653
