low,high,recent_strength,all_strength,avg_strength,zone_type,strength
2120,2186,1.0,0.17481954632493435,0.5874097731624672,short-term,0.5874097731624672
2916,2982,0.0,1.0,0.5,short-term,0.5
2982,3049,0.0,0.8395599774173025,0.41977998870865124,short-term,0.41977998870865124
3049,3115,0.0,0.6381042948026385,0.31905214740131926,short-term,0.31905214740131926
3181,3247,0.0,0.6220522083056972,0.3110261041528486,short-term,0.3110261041528486
3115,3181,0.0,0.6125214275646533,0.30626071378232667,short-term,0.30626071378232667
2783,2850,0.0,0.5067446070193552,0.2533723035096776,short-term,0.2533723035096776
3844,3911,0.0,0.4854273211194589,0.24271366055972945,short-term,0.24271366055972945
3314,3380,0.0,0.4528822399719935,0.22644111998599675,short-term,0.22644111998599675
