low,high,recent_strength,all_strength,avg_strength,zone_type,strength
2889,2959,1.0,0.8320861917900695,0.9160430958950347,persistent,0.9160430958950347
2959,3028,0.44066963221816385,1.0,0.7203348161090819,short-term,0.7203348161090819
3028,3097,0.0,0.8430503985293507,0.42152519926467535,short-term,0.42152519926467535
3097,3167,0.0,0.7436777337400514,0.3718388668700257,short-term,0.3718388668700257
3167,3236,0.0,0.7278843158294331,0.36394215791471657,short-term,0.36394215791471657
3930,3999,0.0,0.6783923924967722,0.3391961962483861,short-term,0.3391961962483861
