low,high,recent_strength,all_strength,avg_strength,zone_type,strength
2956,3025,1.0,1.0,1.0,persistent,1.0
3025,3093,0.18608503489334643,0.8000788093360627,0.4930819221147046,short-term,0.4930819221147046
2887,2956,0.0,0.7497753293216602,0.3748876646608301,short-term,0.3748876646608301
3848,3917,0.0,0.6296377093868789,0.31481885469343945,short-term,0.31481885469343945
3093,3162,0.0,0.6161271054865098,0.3080635527432549,short-term,0.3080635527432549
3162,3231,0.0,0.5875822426878411,0.29379112134392055,short-term,0.29379112134392055
3917,3986,0.0,0.5593355264505303,0.27966776322526515,short-term,0.27966776322526515
