low,high,recent_strength,all_strength,avg_strength,zone_type,strength
3091,3159,1.0,0.8289569012928808,0.9144784506464404,persistent,0.9144784506464404
3022,3091,0.4988058446283601,0.9215642492138043,0.7101850469210822,short-term,0.7101850469210822
2954,3022,0.0,1.0,0.5,short-term,0.5
3159,3227,0.07690861961879564,0.7609986803888888,0.4189536500038422,short-term,0.4189536500038422
2886,2954,0.0,0.7655553362190289,0.38277766810951447,short-term,0.38277766810951447
3841,3909,0.0,0.7114426090862687,0.35572130454313433,short-term,0.35572130454313433
3909,3977,0.0,0.5199727386451002,0.2599863693225501,short-term,0.2599863693225501
