low,high,recent_strength,all_strength,avg_strength,zone_type,strength
2969,3041,1.0,0.8899186523236612,0.9449593261618305,persistent,0.9449593261618305
3041,3113,0.5921547506906587,0.6109503091172259,0.6015525299039424,short-term,0.6015525299039424
3832,3904,0.0,1.0,0.5,short-term,0.5
3904,3976,0.0,0.7706077547670925,0.38530387738354627,short-term,0.38530387738354627
3185,3257,0.0,0.6981696785787033,0.34908483928935163,short-term,0.34908483928935163
3976,4047,0.0,0.582522332062082,0.291261166031041,short-term,0.291261166031041
