low,high,recent_strength,all_strength,avg_strength,zone_type,strength
3190,3229,1.0,0.580622192454995,0.7903110962274975,persistent,0.7903110962274975
3852,3891,0.0,1.0,0.5,short-term,0.5
3813,3852,0.0,0.7987425892242059,0.39937129461210297,short-term,0.39937129461210297
3930,3969,0.0,0.7290059827875929,0.36450299139379644,short-term,0.36450299139379644
3969,4008,0.0,0.6297637362387059,0.3148818681193529,short-term,0.3148818681193529
3424,3463,0.0,0.5849274182469799,0.29246370912348996,short-term,0.29246370912348996
4085,4124,0.0,0.5580486047513015,0.27902430237565073,short-term,0.27902430237565073
3891,3930,0.0,0.5166924755357716,0.2583462377678858,short-term,0.2583462377678858
4008,4047,0.0,0.46233408728417563,0.23116704364208782,short-term,0.23116704364208782
