low,high,recent_strength,all_strength,avg_strength,zone_type,strength
2960,3030,1.0,1.0,1.0,persistent,1.0
2891,2960,0.5442663866721686,0.7645559736992175,0.6544111801856931,short-term,0.6544111801856931
3030,3100,0.3021411880305084,0.9089632594884413,0.6055522237594748,short-term,0.6055522237594748
3100,3169,0.0,0.8026879198551427,0.4013439599275713,short-term,0.4013439599275713
3797,3867,0.0,0.8015824115567677,0.40079120577838384,short-term,0.40079120577838384
3169,3239,0.0,0.7422461406242079,0.37112307031210395,short-term,0.37112307031210395
