low,high,recent_strength,all_strength,avg_strength,zone_type,strength
3092,3161,0.9966247644024611,0.7369460082605656,0.8667853863315134,short-term,0.8667853863315134
3161,3229,1.0,0.6710167517324974,0.8355083758662487,persistent,0.8355083758662487
2955,3024,0.0,1.0,0.5,short-term,0.5
3024,3092,0.0,0.8683976753871768,0.4341988376935884,short-term,0.4341988376935884
2887,2955,0.0,0.7503515134682227,0.37517575673411135,short-term,0.37517575673411135
3845,3913,0.0,0.6667358425210028,0.3333679212605014,short-term,0.3333679212605014
3913,3982,0.0,0.5425180448860257,0.27125902244301286,short-term,0.27125902244301286
