low,high,recent_strength,all_strength,avg_strength,zone_type,strength
3092,3161,1.0,0.7109335168615301,0.855466758430765,persistent,0.855466758430765
3024,3092,0.5442163037324077,0.8315838590992278,0.6879000814158178,short-term,0.6879000814158178
2955,3024,0.12471955464476234,1.0,0.5623597773223812,short-term,0.5623597773223812
2887,2955,0.0,0.7386850985233675,0.36934254926168375,short-term,0.36934254926168375
3846,3915,0.0,0.6520483538435945,0.32602417692179725,short-term,0.32602417692179725
3161,3230,0.0,0.5875246437726368,0.2937623218863184,short-term,0.2937623218863184
3915,3983,0.0,0.5519148072524668,0.2759574036262334,short-term,0.2759574036262334
