low,high,recent_strength,all_strength,avg_strength,zone_type,strength
2956,3024,0.8402224424416966,1.0,0.9201112212208483,short-term,0.9201112212208483
3024,3093,0.9595411753870154,0.8466377283009728,0.9030894518439941,short-term,0.9030894518439941
3093,3161,1.0,0.6745176721764308,0.8372588360882154,persistent,0.8372588360882154
2887,2956,0.0,0.7580530993877157,0.37902654969385785,short-term,0.37902654969385785
3847,3916,0.0,0.6513145189123348,0.3256572594561674,short-term,0.3256572594561674
3161,3230,0.0,0.5940693469038028,0.2970346734519014,short-term,0.2970346734519014
3916,3984,0.0,0.5613374230196645,0.28066871150983225,short-term,0.28066871150983225
