low,high,recent_strength,all_strength,avg_strength,zone_type,strength
2971,3043,0.870940023391205,0.7821242458747449,0.826532134632975,short-term,0.826532134632975
3115,3188,1.0,0.5379367041160331,0.7689683520580166,short-term,0.7689683520580166
3043,3115,0.928882486215237,0.5448603023065443,0.7368713942608907,persistent,0.7368713942608907
3188,3260,0.7373432985328707,0.7097023561324718,0.7235228273326713,short-term,0.7235228273326713
3839,3911,0.0,1.0,0.5,short-term,0.5
3911,3984,0.0,0.8214555717660006,0.4107277858830003,short-term,0.4107277858830003
3767,3839,0.0,0.6119451742316875,0.30597258711584374,short-term,0.30597258711584374
