low,high,recent_strength,all_strength,avg_strength,zone_type,strength
2960,3030,1.0,1.0,1.0,persistent,1.0
2891,2960,0.47887888982845017,0.7592311336253845,0.6190550117269173,short-term,0.6190550117269173
3030,3100,0.28870167519447315,0.9089632594884377,0.5988324673414555,short-term,0.5988324673414555
3100,3170,0.0,0.802687919855142,0.401343959927571,short-term,0.401343959927571
3797,3867,0.0,0.8015824115567751,0.40079120577838756,short-term,0.40079120577838756
3170,3239,0.0,0.7422461406242096,0.3711230703121048,short-term,0.3711230703121048
