low,high,recent_strength,all_strength,avg_strength,zone_type,strength
2737,2804,1.0,0.3387469828545484,0.6693734914272742,short-term,0.6693734914272742
2939,3006,0.20382534925100507,1.0,0.6019126746255026,short-term,0.6019126746255026
2804,2871,0.5197676344805101,0.5300921548150869,0.5249298946477985,short-term,0.5249298946477985
2670,2737,0.815516350501512,0.2017870674723659,0.508651708986939,short-term,0.508651708986939
3006,3073,0.06115433276973125,0.7815981163912894,0.42137622458051033,short-term,0.42137622458051033
3073,3140,0.0,0.7217453398496967,0.36087266992484834,short-term,0.36087266992484834
2871,2939,0.09786478847492891,0.5724771616397865,0.3351709750573577,short-term,0.3351709750573577
3140,3207,0.0,0.5769682995067311,0.28848414975336556,short-term,0.28848414975336556
3811,3878,0.0,0.5516692038156283,0.27583460190781417,short-term,0.27583460190781417
