low,high,recent_strength,all_strength,avg_strength,zone_type,strength
3160,3229,1.0,0.7053685567081645,0.8526842783540822,persistent,0.8526842783540822
3092,3160,0.43286649572799607,0.7399779386434444,0.5864222171857203,short-term,0.5864222171857203
2955,3023,0.0,1.0,0.5,short-term,0.5
3023,3092,0.0,0.8807232747225704,0.4403616373612852,short-term,0.4403616373612852
2887,2955,0.0,0.7567936134756807,0.3783968067378404,short-term,0.3783968067378404
3844,3913,0.0,0.6628113328729417,0.33140566643647085,short-term,0.33140566643647085
3913,3981,0.0,0.543620029596274,0.271810014798137,short-term,0.271810014798137
