low,high,recent_strength,all_strength,avg_strength,zone_type,strength
2883,2951,1.0,0.8452945373473322,0.9226472686736661,persistent,0.9226472686736661
2951,3018,0.43760014146309945,1.0,0.7188000707315497,short-term,0.7188000707315497
3018,3086,0.2727985832464399,0.802690991670857,0.5377447874586485,short-term,0.5377447874586485
3086,3153,0.0,0.7809002390086875,0.3904501195043438,short-term,0.3904501195043438
3153,3220,0.0,0.7139197904306652,0.3569598952153326,short-term,0.3569598952153326
3826,3894,0.0,0.6255033616278546,0.3127516808139273,short-term,0.3127516808139273
3288,3355,0.0,0.5477397599304664,0.2738698799652332,short-term,0.2738698799652332
