low,high,recent_strength,all_strength,avg_strength,zone_type,strength
3294,3362,1.0,0.615318634674935,0.8076593173374675,persistent,0.8076593173374675
2953,3022,0.0,1.0,0.5,short-term,0.5
3090,3158,0.0,0.9622586669408034,0.4811293334704017,short-term,0.4811293334704017
3022,3090,0.0,0.9198314539068926,0.4599157269534463,short-term,0.4599157269534463
3158,3226,0.0,0.8230112452240942,0.4115056226120471,short-term,0.4115056226120471
2885,2953,0.0,0.7681608855434404,0.3840804427717202,short-term,0.3840804427717202
3838,3906,0.0,0.6929258727469999,0.34646293637349995,short-term,0.34646293637349995
