low,high,recent_strength,all_strength,avg_strength,zone_type,strength
3091,3159,1.0,0.8143962817063898,0.9071981408531948,persistent,0.9071981408531948
3159,3227,0.5711691236415128,0.7497177603579761,0.6604434419997445,short-term,0.6604434419997445
3023,3091,0.4003219522329406,0.8966869291772954,0.648504440705118,short-term,0.648504440705118
2954,3023,0.0,1.0,0.5,short-term,0.5
2886,2954,0.0,0.7605800690511549,0.38029003452557747,short-term,0.38029003452557747
3841,3910,0.0,0.6881556438937766,0.3440778219468883,short-term,0.3440778219468883
3910,3978,0.0,0.5145919518574609,0.25729597592873044,short-term,0.25729597592873044
