low,high,recent_strength,all_strength,avg_strength,zone_type,strength
2971,3044,0.9720657455559562,0.7918587646582975,0.8819622551071269,persistent,0.8819622551071269
3044,3116,1.0,0.5487920878117037,0.7743960439058519,persistent,0.7743960439058519
3188,3261,0.5249398289422554,0.6828944122257793,0.6039171205840174,short-term,0.6039171205840174
3840,3913,0.0,1.0,0.5,short-term,0.5
3913,3985,0.0,0.8249229126349057,0.41246145631745285,short-term,0.41246145631745285
3768,3840,0.0,0.6086967907039549,0.30434839535197744,short-term,0.30434839535197744
