low,high,recent_strength,all_strength,avg_strength,zone_type,strength
2892,2963,1.0,0.7613868164243174,0.8806934082121587,short-term,0.8806934082121587
2963,3033,0.5880357782464206,0.9634913196437769,0.7757635489450987,short-term,0.7757635489450987
3806,3877,0.0,1.0,0.5,short-term,0.5
3033,3103,0.0,0.938913710302861,0.4694568551514305,short-term,0.4694568551514305
3103,3174,0.0,0.9007896049757117,0.45039480248785585,short-term,0.45039480248785585
3174,3244,0.0,0.8442946192752788,0.4221473096376394,short-term,0.4221473096376394
3947,4017,0.0,0.8134006053083438,0.4067003026541719,short-term,0.4067003026541719
