low,high,recent_strength,all_strength,avg_strength,zone_type,strength
3294,3362,1.0,0.5515125232874123,0.7757562616437061,persistent,0.7757562616437061
3090,3158,0.2648940329401697,0.9690891769323284,0.616991604936249,short-term,0.616991604936249
3158,3226,0.23103560710395238,0.8118767959007293,0.5214562015023408,short-term,0.5214562015023408
2954,3022,0.0,1.0,0.5,short-term,0.5
3022,3090,0.0,0.9164937088125797,0.45824685440628987,short-term,0.45824685440628987
2886,2954,0.0,0.7665765717836063,0.38328828589180314,short-term,0.38328828589180314
3838,3906,0.0,0.691496729431612,0.345748364715806,short-term,0.345748364715806
