low,high,recent_strength,all_strength,avg_strength,zone_type,strength
3111,3182,1.0,0.6990172558683619,0.849508627934181,persistent,0.849508627934181
3039,3111,0.5468998452608339,0.6590944656838429,0.6029971554723383,short-term,0.6029971554723383
3325,3397,0.7493890496739134,0.42469928003497065,0.587044164854442,short-term,0.587044164854442
3826,3898,0.0,1.0,0.5,short-term,0.5
2968,3039,0.07079873948289292,0.8477497975341273,0.4592742685085101,short-term,0.4592742685085101
3182,3254,0.24265364874239345,0.6638491026367069,0.4532513756895502,short-term,0.4532513756895502
3898,3969,0.0,0.6633103769924271,0.33165518849621356,short-term,0.33165518849621356
