low,high,recent_strength,all_strength,avg_strength,zone_type,strength
2952,3020,0.8559214141159915,1.0,0.9279607070579958,short-term,0.9279607070579958
2885,2952,1.0,0.7964250330448233,0.8982125165224116,persistent,0.8982125165224116
3020,3088,0.2873484309087795,0.8638542193420944,0.5756013251254369,short-term,0.5756013251254369
3088,3156,0.0,0.8683017361762354,0.4341508680881177,short-term,0.4341508680881177
3156,3223,0.0,0.8186318461462881,0.4093159230731441,short-term,0.4093159230731441
3833,3901,0.0,0.6279225485832872,0.3139612742916436,short-term,0.3139612742916436
3291,3359,0.0,0.6077876739356333,0.30389383696781663,short-term,0.30389383696781663
