low,high,recent_strength,all_strength,avg_strength,zone_type,strength
3839.575854595336,3880.47231824417,0.9757951051195913,1.0,0.9878975525597957,short-term,0.9878975525597957
3716.886463648834,3757.782927297668,1.0,0.37694049799676976,0.6884702489983849,short-term,0.6884702489983849
3880.47231824417,3921.368781893004,0.5840564273319065,0.5397064291484378,0.5618814282401722,short-term,0.5618814282401722
3798.679390946502,3839.575854595336,0.4022588085415009,0.603931885022982,0.5030953467822414,short-term,0.5030953467822414
3921.368781893004,3962.265245541838,0.0,0.6834651400728354,0.3417325700364177,short-term,0.3417325700364177
3962.265245541838,4003.161709190672,0.0,0.5694657609655943,0.28473288048279716,short-term,0.28473288048279716
4084.95463648834,4125.851100137174,0.0,0.5404457997918947,0.27022289989594733,short-term,0.27022289989594733
