low,high,recent_strength,all_strength,avg_strength,zone_type,strength
2952,3020,1.0,1.0,1.0,persistent,1.0
2884,2952,0.8616763800596251,0.7736320292143459,0.8176542046369855,short-term,0.8176542046369855
3020,3087,0.03070086682033922,0.8394892728618665,0.43509506984110285,short-term,0.43509506984110285
3087,3155,0.0,0.8388809101214437,0.41944045506072186,short-term,0.41944045506072186
3155,3223,0.0,0.7778723795903312,0.3889361897951656,short-term,0.3889361897951656
3832,3899,0.0,0.6192441877099941,0.30962209385499706,short-term,0.30962209385499706
3290,3358,0.0,0.5851836581613924,0.2925918290806962,short-term,0.2925918290806962
