low,high,recent_strength,all_strength,avg_strength,zone_type,strength
2884,2951,1.0,0.8702879591567686,0.9351439795783842,persistent,0.9351439795783842
2951,3018,0.2760366749851619,1.0,0.638018337492581,short-term,0.638018337492581
3018,3086,0.156488712420083,0.806801508486371,0.481645110453227,short-term,0.481645110453227
3086,3153,0.0,0.8028115887003934,0.4014057943501967,short-term,0.4014057943501967
3153,3220,0.0,0.7291097588820453,0.36455487944102266,short-term,0.36455487944102266
3827,3894,0.0,0.6399877700206303,0.31999388501031517,short-term,0.31999388501031517
3288,3355,0.0,0.5620929632657914,0.2810464816328957,short-term,0.2810464816328957
