low,high,recent_strength,all_strength,avg_strength,zone_type,strength
3160,3228,1.0,0.7443697541348714,0.8721848770674356,persistent,0.8721848770674356
2955,3023,0.0,1.0,0.5,short-term,0.5
3092,3160,0.12959066847562478,0.7546507096334277,0.4421206890545263,short-term,0.4421206890545263
3023,3092,0.0,0.8726459069293468,0.4363229534646734,short-term,0.4363229534646734
2887,2955,0.0,0.7567936134756781,0.37839680673783904,short-term,0.37839680673783904
3844,3912,0.0,0.6687893542411767,0.33439467712058835,short-term,0.33439467712058835
3912,3980,0.0,0.5386040999667041,0.26930204998335205,short-term,0.26930204998335205
