low,high,recent_strength,all_strength,avg_strength,zone_type,strength
3036,3106,0.8852698422955724,0.8607900163281051,0.8730299293118388,short-term,0.8730299293118388
2894,2965,1.0,0.47047437426026006,0.73523718713013,short-term,0.73523718713013
3106,3177,0.6282866281583073,0.8267084128586811,0.7274975205084941,short-term,0.7274975205084941
2965,3036,0.4519983611361404,0.8474013607261762,0.6496998609311583,short-term,0.6496998609311583
3815,3885,0.0,1.0,0.5,short-term,0.5
3177,3248,0.0,0.8323001583259477,0.41615007916297386,short-term,0.41615007916297386
3885,3956,0.0,0.7192914378699092,0.3596457189349546,short-term,0.3596457189349546
