low,high,recent_strength,all_strength,avg_strength,zone_type,strength
2953,3020,1.0,1.0,1.0,persistent,1.0
3020,3088,0.6571426573166538,0.891840128870103,0.7744913930933783,short-term,0.7744913930933783
2885,2953,0.6309274289114353,0.7490397877510782,0.6899836083312567,short-term,0.6899836083312567
3088,3156,0.37196226461745213,0.9027608149668904,0.6373615397921712,short-term,0.6373615397921712
3156,3224,0.24422519109682864,0.8342926110318302,0.5392589010643294,short-term,0.5392589010643294
3834,3901,0.0,0.6334495282243408,0.3167247641121704,short-term,0.3167247641121704
3291,3359,0.0,0.6072102860519774,0.3036051430259887,short-term,0.3036051430259887
