low,high,recent_strength,all_strength,avg_strength,zone_type,strength
2962,3032,1.0,1.0,1.0,persistent,1.0
2892,2962,0.772537508055637,0.7767927670375128,0.774665137546575,short-term,0.774665137546575
3032,3102,0.0,0.9743194554904869,0.48715972774524346,short-term,0.48715972774524346
3803,3873,0.0,0.969178003161705,0.4845890015808525,short-term,0.4845890015808525
3102,3172,0.0,0.8900708468826973,0.44503542344134867,short-term,0.44503542344134867
3172,3242,0.0,0.807088390679227,0.4035441953396135,short-term,0.4035441953396135
