low,high,recent_strength,all_strength,avg_strength,zone_type,strength
3293,3361,1.0,0.6578831123591684,0.8289415561795842,persistent,0.8289415561795842
2953,3021,0.0,1.0,0.5,short-term,0.5
3089,3157,0.0,0.9590146493877608,0.4795073246938804,short-term,0.4795073246938804
3021,3089,0.0,0.9167304692290401,0.45836523461452006,short-term,0.45836523461452006
3157,3225,0.0,0.8202366659788507,0.41011833298942535,short-term,0.41011833298942535
2885,2953,0.0,0.7621999676048816,0.3810999838024408,short-term,0.3810999838024408
3837,3905,0.0,0.6905424322634888,0.3452712161317444,short-term,0.3452712161317444
