low,high,recent_strength,all_strength,avg_strength,zone_type,strength
2969,3040,1.0,0.9481764648243578,0.9740882324121789,persistent,0.9740882324121789
3040,3112,0.6524563254736623,0.6470319283330168,0.6497441269033395,short-term,0.6497441269033395
3112,3184,0.5395786341707298,0.6496389469890752,0.5946087905799025,short-term,0.5946087905799025
3830,3902,0.0,1.0,0.5,short-term,0.5
3902,3973,0.0,0.7620210232100121,0.38101051160500604,short-term,0.38101051160500604
3184,3256,0.0,0.7158283925578358,0.3579141962789179,short-term,0.3579141962789179
