low,high,recent_strength,all_strength,avg_strength,zone_type,strength
2950,3018,1.0,1.0,1.0,persistent,1.0
3018,3085,0.41295457625819637,0.7546880499283625,0.5838213130932794,short-term,0.5838213130932794
2883,2950,0.3472915754272572,0.7910987861179627,0.5691951807726099,short-term,0.5691951807726099
3085,3152,0.0,0.7253039396556855,0.36265196982784276,short-term,0.36265196982784276
3152,3219,0.0,0.7043118712372212,0.3521559356186106,short-term,0.3521559356186106
3825,3892,0.0,0.5870027962945921,0.29350139814729603,short-term,0.29350139814729603
3287,3354,0.0,0.5333074810266119,0.2666537405133059,short-term,0.2666537405133059
