low,high,recent_strength,all_strength,avg_strength,zone_type,strength
3180,3251,1.0,0.8184836571127965,0.9092418285563982,persistent,0.9092418285563982
3038,3109,0.632905296926973,0.7839506142924221,0.7084279556096975,short-term,0.7084279556096975
3821,3893,0.0,1.0,0.5,short-term,0.5
3109,3180,0.19178011856908728,0.7293933819784101,0.4605867502737487,short-term,0.4605867502737487
2966,3038,0.0,0.8187590528333423,0.40937952641667114,short-term,0.40937952641667114
3893,3964,0.0,0.6581860557493715,0.32909302787468575,short-term,0.32909302787468575
