low,high,recent_strength,all_strength,avg_strength,zone_type,strength
3114,3186,1.0,0.5854847927644967,0.7927423963822484,persistent,0.7927423963822484
2970,3042,0.6610359543735482,0.8771443401141411,0.7690901472438447,short-term,0.7690901472438447
3186,3258,0.48450856991003205,0.6808555314962791,0.5826820507031556,short-term,0.5826820507031556
3835,3907,0.0,1.0,0.5,short-term,0.5
3907,3979,0.0,0.7359450650238477,0.36797253251192386,short-term,0.36797253251192386
3979,4051,0.0,0.5760926188531504,0.2880463094265752,short-term,0.2880463094265752
