low,high,recent_strength,all_strength,avg_strength,zone_type,strength
2969,3041,0.7639995241010152,0.8993170035511225,0.8316582638260689,short-term,0.8316582638260689
3113,3185,1.0,0.5955995344948479,0.797799767247424,persistent,0.797799767247424
3834,3906,0.0,1.0,0.5,short-term,0.5
3185,3257,0.14557586295219566,0.6926178828705053,0.41909687291135045,short-term,0.41909687291135045
3906,3978,0.0,0.7677244587840707,0.38386222939203535,short-term,0.38386222939203535
3978,4050,0.0,0.5927873507871828,0.2963936753935914,short-term,0.2963936753935914
