low,high,recent_strength,all_strength,avg_strength,zone_type,strength
3177,3215,1.0,0.5797926403631809,0.7898963201815905,persistent,0.7898963201815905
3835,3873,0.0,1.0,0.5,short-term,0.5
3912,3951,0.0,0.6696284124270337,0.3348142062135169,short-term,0.3348142062135169
3951,3990,0.0,0.6105396892504393,0.30526984462521967,short-term,0.30526984462521967
3796,3835,0.0,0.5687926278758735,0.28439631393793674,short-term,0.28439631393793674
3873,3912,0.0,0.5613049523895896,0.2806524761947948,short-term,0.2806524761947948
3409,3448,0.0,0.5099205944256968,0.2549602972128484,short-term,0.2549602972128484
4067,4106,0.0,0.48913238240282503,0.24456619120141251,short-term,0.24456619120141251
3293,3331,0.0,0.43641809926133984,0.21820904963066992,short-term,0.21820904963066992
