low,high,recent_strength,all_strength,avg_strength,zone_type,strength
2969,3041,1.0,0.8853653292792155,0.9426826646396078,persistent,0.9426826646396078
3041,3113,0.6002587642892203,0.6092020620100377,0.6047304131496289,short-term,0.6047304131496289
3832,3904,0.0,1.0,0.5,short-term,0.5
3904,3976,0.0,0.7706077547671006,0.3853038773835503,short-term,0.3853038773835503
3185,3257,0.0,0.6981696785787104,0.3490848392893552,short-term,0.3490848392893552
3976,4048,0.0,0.5825223320620961,0.29126116603104807,short-term,0.29126116603104807
