low,high,recent_strength,all_strength,avg_strength,zone_type,strength
2971,3044,0.9720657455559557,0.7848182428273641,0.8784419941916599,persistent,0.8784419941916599
3044,3116,1.0,0.5385851209775709,0.7692925604887855,persistent,0.7692925604887855
3189,3261,0.36722735124167066,0.6556200637797513,0.511423707510711,short-term,0.511423707510711
3841,3913,0.0,1.0,0.5,short-term,0.5
3913,3986,0.0,0.810821917820275,0.4054109589101375,short-term,0.4054109589101375
3768,3841,0.0,0.6008658994776612,0.3004329497388306,short-term,0.3004329497388306
