low,high,recent_strength,all_strength,avg_strength,zone_type,strength
2956,3025,1.0,1.0,1.0,persistent,1.0
3025,3093,0.22882159759398868,0.8026694506904553,0.515745524142222,short-term,0.515745524142222
2887,2956,0.0,0.7497753293216614,0.3748876646608307,short-term,0.3748876646608307
3848,3917,0.0,0.629637709386876,0.314818854693438,short-term,0.314818854693438
3093,3162,0.0,0.617196896856079,0.3085984484280395,short-term,0.3085984484280395
3162,3231,0.0,0.5875822426878434,0.2937911213439217,short-term,0.2937911213439217
3917,3986,0.0,0.5559938332204682,0.2779969166102341,short-term,0.2779969166102341
