low,high,recent_strength,all_strength,avg_strength,zone_type,strength
3181,3252,1.0,0.8096545517761377,0.9048272758880689,persistent,0.9048272758880689
3038,3109,0.5560158870409732,0.7560719501755676,0.6560439186082704,short-term,0.6560439186082704
3822,3894,0.0,1.0,0.5,short-term,0.5
3109,3181,0.19178011856908736,0.7215253067329434,0.45665271265101537,short-term,0.45665271265101537
2967,3038,0.0,0.8176469728531465,0.40882348642657323,short-term,0.40882348642657323
3894,3965,0.0,0.6797534406453647,0.33987672032268235,short-term,0.33987672032268235
