low,high,recent_strength,all_strength,avg_strength,zone_type,strength
2889,2959,1.0,0.8334585399129046,0.9167292699564523,persistent,0.9167292699564523
2959,3028,0.47738162836324566,1.0,0.7386908141816229,short-term,0.7386908141816229
3028,3097,0.0,0.8430503985293448,0.4215251992646724,short-term,0.4215251992646724
3097,3167,0.0,0.7436777337400441,0.37183886687002204,short-term,0.37183886687002204
3167,3236,0.0,0.7278843158294253,0.3639421579147126,short-term,0.3639421579147126
3929,3999,0.0,0.678392392496778,0.339196196248389,short-term,0.339196196248389
