low,high,recent_strength,all_strength,avg_strength,zone_type,strength
2953,3021,1.0,1.0,1.0,persistent,1.0
3156,3224,0.9286789186010587,0.8438009963080083,0.8862399574545334,short-term,0.8862399574545334
2885,2953,0.6354405686151265,0.7584691251476006,0.6969548468813636,short-term,0.6969548468813636
3021,3088,0.41790424308401347,0.8914774951903419,0.6546908691371777,short-term,0.6546908691371777
3088,3156,0.0,0.8836279916133104,0.4418139958066552,short-term,0.4418139958066552
3835,3902,0.0,0.6528413092861842,0.3264206546430921,short-term,0.3264206546430921
3292,3360,0.0,0.6216610406874868,0.3108305203437434,short-term,0.3108305203437434
