low,high,recent_strength,all_strength,avg_strength,zone_type,strength
2953,3020,1.0,1.0,1.0,persistent,1.0
2885,2953,0.9178161018870666,0.7746778258293144,0.8462469638581905,short-term,0.8462469638581905
3020,3088,0.36361917039621344,0.8691740432206209,0.6163966068084171,short-term,0.6163966068084171
3156,3224,0.2338919930269878,0.8281280836135938,0.5310100383202908,short-term,0.5310100383202908
3088,3156,0.0,0.8763776700224052,0.4381888350112026,short-term,0.4381888350112026
3834,3902,0.0,0.6398008850882062,0.3199004425441031,short-term,0.3199004425441031
3292,3359,0.0,0.6132985520404756,0.3066492760202378,short-term,0.3066492760202378
