low,high,recent_strength,all_strength,avg_strength,zone_type,strength
3090,3158,1.0,0.9489644622447468,0.9744822311223734,persistent,0.9744822311223734
2954,3022,0.0,1.0,0.5,short-term,0.5
3022,3090,0.022694862860692985,0.9108610113470876,0.4667779371038903,short-term,0.4667779371038903
3158,3226,0.026170543787419877,0.7708842514599354,0.39852739762367767,short-term,0.39852739762367767
2886,2954,0.0,0.7638191585021145,0.38190957925105723,short-term,0.38190957925105723
3839,3907,0.0,0.6994568928760466,0.3497284464380233,short-term,0.3497284464380233
3907,3975,0.0,0.5129845929903447,0.25649229649517236,short-term,0.25649229649517236
