low,high,recent_strength,all_strength,avg_strength,zone_type,strength
3410,3450,1.0,0.507804296686443,0.7539021483432216,persistent,0.7539021483432216
3528,3568,0.9185203063769379,0.4018637037450194,0.6601920050609786,short-term,0.6601920050609786
3843,3883,0.0,1.0,0.5,short-term,0.5
3804,3843,0.0,0.6594475605326474,0.3297237802663237,short-term,0.3297237802663237
3922,3961,0.0,0.6561202149313783,0.32806010746568914,short-term,0.32806010746568914
3961,4001,0.0,0.6160693887955788,0.3080346943977894,short-term,0.3080346943977894
4080,4119,0.0,0.5942485763692515,0.2971242881846258,short-term,0.2971242881846258
3883,3922,0.0,0.5646335464750966,0.2823167732375483,short-term,0.2823167732375483
4001,4040,0.0,0.4769307680898921,0.23846538404494605,short-term,0.23846538404494605
