low,high,recent_strength,all_strength,avg_strength,zone_type,strength
2956,3024,1.0,1.0,1.0,persistent,1.0
3024,3093,0.9479441440653052,0.8456803291533429,0.8968122366093241,short-term,0.8968122366093241
3093,3162,0.8141571267519465,0.6649145646850368,0.7395358457184917,short-term,0.7395358457184917
2887,2956,0.0,0.7567909346053102,0.3783954673026551,short-term,0.3783954673026551
3847,3916,0.0,0.6479502298602499,0.32397511493012493,short-term,0.32397511493012493
3162,3230,0.0,0.5930802164476763,0.29654010822383814,short-term,0.29654010822383814
3916,3985,0.0,0.5604027914919305,0.28020139574596525,short-term,0.28020139574596525
