low,high,recent_strength,all_strength,avg_strength,zone_type,strength
3114,3186,1.0,0.5813487315499856,0.7906743657749928,persistent,0.7906743657749928
2970,3042,0.4467946337163486,0.8455221472570551,0.6461583904867019,short-term,0.6461583904867019
3186,3259,0.4446818281024187,0.6589251213550061,0.5518034747287124,short-term,0.5518034747287124
3836,3908,0.0,1.0,0.5,short-term,0.5
3042,3114,0.23103803552365865,0.5491001826507276,0.3900691090871931,short-term,0.3900691090871931
3908,3980,0.0,0.7274312164835383,0.36371560824176913,short-term,0.36371560824176913
