low,high,recent_strength,all_strength,avg_strength,zone_type,strength
2953,3020,1.0,1.0,1.0,persistent,1.0
2885,2953,0.8143316501901884,0.7663294912548732,0.7903305707225308,short-term,0.7903305707225308
3020,3088,0.3259784853011665,0.8601896435398919,0.5930840644205292,short-term,0.5930840644205292
3156,3224,0.1262278071342285,0.8200567569651596,0.473142282049694,short-term,0.473142282049694
3088,3156,0.0,0.8683490999245476,0.4341745499622738,short-term,0.4341745499622738
3834,3901,0.0,0.6335650840863083,0.31678254204315415,short-term,0.31678254204315415
3291,3359,0.0,0.6078208272753208,0.3039104136376604,short-term,0.3039104136376604
