low,high,recent_strength,all_strength,avg_strength,zone_type,strength
2953,3020,1.0,1.0,1.0,persistent,1.0
2885,2953,0.8425647373561004,0.7733737336573312,0.8079692355067158,short-term,0.8079692355067158
3156,3224,0.4930226690196576,0.8360816347113589,0.6645521518655082,short-term,0.6645521518655082
3020,3088,0.37544490075911047,0.8783842825771672,0.6269145916681388,short-term,0.6269145916681388
3088,3156,0.0,0.8804819710603938,0.4402409855301969,short-term,0.4402409855301969
3834,3902,0.0,0.6377127420003704,0.3188563710001852,short-term,0.3188563710001852
3292,3360,0.0,0.6159738865070428,0.3079869432535214,short-term,0.3079869432535214
