low,high,recent_strength,all_strength,avg_strength,zone_type,strength
2265,2331,1.0,0.19191093833591605,0.595955469167958,short-term,0.595955469167958
2931,2998,0.0,1.0,0.5,short-term,0.5
2998,3064,0.0,0.8010854530881838,0.4005427265440919,short-term,0.4005427265440919
3064,3131,0.0,0.6925781962403239,0.34628909812016195,short-term,0.34628909812016195
3198,3264,0.0,0.5658275693490995,0.28291378467454975,short-term,0.28291378467454975
3131,3198,0.0,0.5650883676820017,0.28254418384100083,short-term,0.28254418384100083
2798,2864,0.0,0.5329904038770525,0.26649520193852627,short-term,0.26649520193852627
2864,2931,0.0,0.49537037419380403,0.24768518709690202,short-term,0.24768518709690202
3797,3864,0.0,0.4684643228782807,0.23423216143914036,short-term,0.23423216143914036
