low,high,recent_strength,all_strength,avg_strength,zone_type,strength
2884,2951,1.0,0.847618324572547,0.9238091622862735,persistent,0.9238091622862735
2951,3019,0.10040287181117306,1.0,0.5502014359055866,short-term,0.5502014359055866
3019,3086,0.0,0.8241139791491489,0.41205698957457443,short-term,0.41205698957457443
3086,3154,0.0,0.8206092433156584,0.4103046216578292,short-term,0.4103046216578292
3154,3221,0.0,0.7559109818918032,0.3779554909459016,short-term,0.3779554909459016
3828,3896,0.0,0.6622955322107711,0.33114776610538554,short-term,0.33114776610538554
3289,3356,0.0,0.5853187690823396,0.2926593845411698,short-term,0.2926593845411698
