low,high,recent_strength,all_strength,avg_strength,zone_type,strength
2953,3020,1.0,1.0,1.0,persistent,1.0
3020,3088,0.7485933568642525,0.9047862594243609,0.8266898081443067,short-term,0.8266898081443067
2885,2953,0.7102564210024198,0.7622806139615177,0.7362685174819688,short-term,0.7362685174819688
3088,3156,0.41873054603278514,0.9184585043378871,0.6685945251853361,short-term,0.6685945251853361
3156,3224,0.3641569264427483,0.8423504152036401,0.6032536708231941,short-term,0.6032536708231941
3834,3902,0.0,0.6363870851684361,0.31819354258421806,short-term,0.31819354258421806
3292,3359,0.0,0.6146934197119467,0.30734670985597334,short-term,0.30734670985597334
