low,high,recent_strength,all_strength,avg_strength,zone_type,strength
3090,3158,1.0,0.878721021076995,0.9393605105384975,persistent,0.9393605105384975
3022,3090,0.22333211211553203,0.9170951631491739,0.570213637632353,short-term,0.570213637632353
2954,3022,0.0,1.0,0.5,short-term,0.5
3158,3227,0.04647225664019687,0.7708842514599203,0.4086782540500586,short-term,0.4086782540500586
2886,2954,0.0,0.7638191585021133,0.3819095792510567,short-term,0.3819095792510567
3840,3908,0.0,0.7153246877688441,0.35766234388442203,short-term,0.35766234388442203
3908,3976,0.0,0.5208017972027675,0.26040089860138377,short-term,0.26040089860138377
