low,high,recent_strength,all_strength,avg_strength,zone_type,strength
2884,2951,1.0,0.8862334385914789,0.9431167192957395,persistent,0.9431167192957395
2951,3019,0.00240475891089376,1.0,0.5012023794554469,short-term,0.5012023794554469
3086,3153,0.0,0.8300269207340985,0.4150134603670492,short-term,0.4150134603670492
3019,3086,0.0,0.8146963017307153,0.40734815086535764,short-term,0.40734815086535764
3153,3221,0.0,0.7559109818918041,0.37795549094590203,short-term,0.37795549094590203
3828,3895,0.0,0.665696338394551,0.3328481691972755,short-term,0.3328481691972755
3288,3356,0.0,0.5955022281202901,0.29775111406014504,short-term,0.29775111406014504
