low,high,recent_strength,all_strength,avg_strength,zone_type,strength
3111,3182,1.0,0.6990172558683678,0.8495086279341839,persistent,0.8495086279341839
3039,3111,0.512933737431281,0.6590944656838451,0.5860141015575631,short-term,0.5860141015575631
3325,3397,0.66332028384388,0.4190653661611114,0.5411928250024957,short-term,0.5411928250024957
3826,3898,0.0,1.0,0.5,short-term,0.5
2968,3039,0.06640166817210208,0.847749797534133,0.45707573285311753,short-term,0.45707573285311753
3182,3254,0.2275832476994241,0.6638491026367128,0.44571617516806844,short-term,0.44571617516806844
3898,3970,0.0,0.6633103769924364,0.3316551884962182,short-term,0.3316551884962182
