low,high,recent_strength,all_strength,avg_strength,zone_type,strength
2827,2900,1.0,0.4928814370725443,0.7464407185362721,short-term,0.7464407185362721
2973,3045,0.5555788648607622,0.6813360167393678,0.618457440800065,short-term,0.618457440800065
3846,3919,0.0,1.0,0.5,short-term,0.5
3919,3992,0.0,0.790417526341609,0.3952087631708045,short-term,0.3952087631708045
3774,3846,0.0,0.6504538853011974,0.3252269426505987,short-term,0.3252269426505987
3191,3264,0.0,0.6100402072517687,0.30502010362588433,short-term,0.30502010362588433
4065,4138,0.0,0.5821469014004995,0.29107345070024976,short-term,0.29107345070024976
