low,high,recent_strength,all_strength,avg_strength,zone_type,strength
3092,3161,1.0,0.7374496497580475,0.8687248248790238,persistent,0.8687248248790238
3024,3092,0.3935376664795643,0.870370466767158,0.6319540666233612,short-term,0.6319540666233612
2955,3024,0.0,1.0,0.5,short-term,0.5
2887,2955,0.0,0.7543278925806697,0.37716394629033484,short-term,0.37716394629033484
3846,3914,0.0,0.6658564814678946,0.3329282407339473,short-term,0.3329282407339473
3161,3229,0.0,0.5999663825115146,0.2999831912557573,short-term,0.2999831912557573
3914,3983,0.0,0.5636024528869648,0.2818012264434824,short-term,0.2818012264434824
