low,high,recent_strength,all_strength,avg_strength,zone_type,strength
2890,2959,1.0,0.816333093521665,0.9081665467608325,persistent,0.9081665467608325
2959,3029,0.5795968286763487,1.0,0.7897984143381743,short-term,0.7897984143381743
3029,3098,0.0,0.8540006915349906,0.4270003457674953,short-term,0.4270003457674953
3098,3167,0.0,0.756421842287042,0.378210921143521,short-term,0.378210921143521
3167,3237,0.0,0.7345772016156219,0.36728860080781095,short-term,0.36728860080781095
3792,3862,0.0,0.6998868863145047,0.34994344315725234,short-term,0.34994344315725234
