low,high,recent_strength,all_strength,avg_strength,zone_type,strength
3190,3229,1.0,0.5938645877328905,0.7969322938664453,persistent,0.7969322938664453
3852,3891,0.0,1.0,0.5,short-term,0.5
3813,3852,0.0,0.8044114947843262,0.4022057473921631,short-term,0.4022057473921631
3929,3968,0.0,0.7341799476229963,0.36708997381149816,short-term,0.36708997381149816
3968,4007,0.0,0.6342333503472934,0.3171166751736467,short-term,0.3171166751736467
4085,4124,0.0,0.5942992683804532,0.2971496341902266,short-term,0.2971496341902266
3424,3463,0.0,0.5890788161294761,0.29453940806473805,short-term,0.29453940806473805
3891,3929,0.0,0.5274568776392229,0.26372843881961144,short-term,0.26372843881961144
4007,4046,0.0,0.46561540508717303,0.23280770254358651,short-term,0.23280770254358651
