low,high,recent_strength,all_strength,avg_strength,zone_type,strength
3156,3224,1.0,0.8768112640950991,0.9384056320475496,persistent,0.9384056320475496
2953,3021,0.5616960461303425,1.0,0.7808480230651713,persistent,0.7808480230651713
3089,3156,0.424848585959307,0.9520385013853345,0.6884435436723207,short-term,0.6884435436723207
3021,3089,0.3789697315784753,0.9175409196335127,0.648255325605994,short-term,0.648255325605994
2885,2953,0.15559059102805842,0.7444474046549644,0.4500189978415114,short-term,0.4500189978415114
3835,3903,0.0,0.6714584334397689,0.3357292167198844,short-term,0.3357292167198844
3292,3360,0.031071677773869853,0.6388504792588423,0.3349610785163561,short-term,0.3349610785163561
