low,high,recent_strength,all_strength,avg_strength,zone_type,strength
3157,3225,1.0,0.9166954140058888,0.9583477070029445,persistent,0.9583477070029445
3293,3361,0.6058484486768192,0.6716080168313183,0.6387282327540688,short-term,0.6387282327540688
2953,3021,0.0,1.0,0.5,short-term,0.5
3089,3157,0.0,0.9561416786180166,0.4780708393090083,short-term,0.4780708393090083
3021,3089,0.0,0.9142459071403715,0.45712295357018573,short-term,0.45712295357018573
2885,2953,0.0,0.7621999676048783,0.38109998380243915,short-term,0.38109998380243915
3837,3905,0.0,0.6860753817581835,0.34303769087909175,short-term,0.34303769087909175
