low,high,recent_strength,all_strength,avg_strength,zone_type,strength
3090,3159,1.0,0.8630574378342448,0.9315287189171224,persistent,0.9315287189171224
3022,3090,0.3015800460319024,0.9184207755122287,0.6100004107720656,short-term,0.6100004107720656
2954,3022,0.0,1.0,0.5,short-term,0.5
3159,3227,0.07166576915284055,0.7732286805540913,0.4224472248534659,short-term,0.4224472248534659
2886,2954,0.0,0.7638191585021158,0.3819095792510579,short-term,0.3819095792510579
3840,3908,0.0,0.7114181221093859,0.35570906105469297,short-term,0.35570906105469297
3908,3976,0.0,0.517807325891418,0.258903662945709,short-term,0.258903662945709
