low,high,recent_strength,all_strength,avg_strength,zone_type,strength
3091,3159,1.0,0.8784646908452959,0.9392323454226479,persistent,0.9392323454226479
3022,3091,0.3679403686783293,0.933003160404706,0.6504717645415177,short-term,0.6504717645415177
2954,3022,0.0,1.0,0.5,short-term,0.5
3159,3227,0.10039191343392322,0.7683850364425141,0.43438847493821864,short-term,0.43438847493821864
2886,2954,0.0,0.7672177819710115,0.38360889098550577,short-term,0.38360889098550577
3841,3909,0.0,0.7121125029825396,0.3560562514912698,short-term,0.3560562514912698
3909,3977,0.0,0.5204623446363593,0.26023117231817966,short-term,0.26023117231817966
