low,high,recent_strength,all_strength,avg_strength,zone_type,strength
2960,3030,1.0,1.0,1.0,persistent,1.0
2891,2960,0.6122462185695574,0.7714375997386339,0.6918419091540957,short-term,0.6918419091540957
3030,3100,0.3133812586303188,0.9119257333706486,0.6126534960004837,short-term,0.6126534960004837
3100,3169,0.0,0.8039335918115295,0.40196679590576473,short-term,0.40196679590576473
3797,3866,0.0,0.8028263679015952,0.4014131839507976,short-term,0.4014131839507976
3169,3239,0.0,0.7433980144462025,0.37169900722310123,short-term,0.37169900722310123
