low,high,recent_strength,all_strength,avg_strength,zone_type,strength
2971,3043,0.9376213205826274,0.7802183549152222,0.8589198377489248,persistent,0.8589198377489248
3043,3116,1.0,0.5435325793394505,0.7717662896697253,persistent,0.7717662896697253
3188,3261,0.668193523289804,0.6931993937470959,0.68069645851845,short-term,0.68069645851845
3840,3912,0.0,1.0,0.5,short-term,0.5
3912,3985,0.0,0.8170170241494027,0.40850851207470135,short-term,0.40850851207470135
3767,3840,0.0,0.5932793774651147,0.29663968873255736,short-term,0.29663968873255736
