low,high,recent_strength,all_strength,avg_strength,zone_type,strength
3091,3160,1.0,0.8155143809606632,0.9077571904803317,persistent,0.9077571904803317
3160,3228,0.8326207680506833,0.7538656633747012,0.7932432157126923,short-term,0.7932432157126923
3023,3091,0.17407344781974599,0.8866156951951633,0.5303445715074546,short-term,0.5303445715074546
2955,3023,0.0,1.0,0.5,short-term,0.5
2886,2955,0.0,0.7567936134756758,0.3783968067378379,short-term,0.3783968067378379
3843,3911,0.0,0.6670527666236453,0.33352638331182266,short-term,0.33352638331182266
3911,3979,0.0,0.5194380053100766,0.2597190026550383,short-term,0.2597190026550383
