low,high,recent_strength,all_strength,avg_strength,zone_type,strength
3090,3158,0.7859087221597566,0.968553950936056,0.8772313365479063,short-term,0.8772313365479063
3294,3362,1.0,0.5187387941002741,0.7593693970501371,short-term,0.7593693970501371
3158,3226,0.3242678747463428,0.8118767959007267,0.5680723353235347,short-term,0.5680723353235347
2954,3022,0.0,1.0,0.5,short-term,0.5
3022,3090,0.0,0.9170289348088431,0.45851446740442153,short-term,0.45851446740442153
2886,2954,0.0,0.7665765717836059,0.38328828589180297,short-term,0.38328828589180297
3838,3906,0.0,0.6946871065030775,0.34734355325153876,short-term,0.34734355325153876
3906,3974,0.0,0.5221313345875236,0.2610656672937618,short-term,0.2610656672937618
