low,high,recent_strength,all_strength,avg_strength,zone_type,strength
2894,2964,1.0,0.5482035533107089,0.7741017766553544,short-term,0.7741017766553544
3035,3106,0.3647603564295974,0.8543829068623048,0.6095716316459511,short-term,0.6095716316459511
3106,3176,0.28105390759487886,0.8419682930124125,0.5615111003036457,short-term,0.5615111003036457
2964,3035,0.26239170091461067,0.8469884857131387,0.5546900933138746,short-term,0.5546900933138746
3813,3884,0.0,1.0,0.5,short-term,0.5
3176,3247,0.0,0.8107152159191682,0.4053576079595841,short-term,0.4053576079595841
3884,3954,0.0,0.711966235239559,0.3559831176197795,short-term,0.3559831176197795
