low,high,recent_strength,all_strength,avg_strength,zone_type,strength
3090,3158,1.0,0.9682528358631786,0.9841264179315893,persistent,0.9841264179315893
3158,3226,0.3165613446345856,0.8101313830525722,0.5633463638435788,short-term,0.5633463638435788
2954,3022,0.0,1.0,0.5,short-term,0.5
3022,3090,0.0,0.9129076112903041,0.45645380564515203,short-term,0.45645380564515203
2886,2954,0.0,0.764928547595404,0.382464273797702,short-term,0.382464273797702
3838,3906,0.0,0.6931936338391653,0.34659681691958266,short-term,0.34659681691958266
3906,3975,0.0,0.5210088308475391,0.26050441542376956,short-term,0.26050441542376956
