low,high,recent_strength,all_strength,avg_strength,zone_type,strength
2884,2951,1.0,0.8610844752475706,0.9305422376237853,persistent,0.9305422376237853
2951,3019,0.05903774033076749,1.0,0.5295188701653838,short-term,0.5295188701653838
3019,3086,0.0,0.824113979149148,0.412056989574574,short-term,0.412056989574574
3086,3154,0.0,0.820609243315657,0.4103046216578285,short-term,0.4103046216578285
3154,3221,0.0,0.7559109818918033,0.37795549094590164,short-term,0.37795549094590164
3828,3896,0.0,0.6631404834651649,0.3315702417325824,short-term,0.3315702417325824
3288,3356,0.0,0.5853187690823475,0.29265938454117374,short-term,0.29265938454117374
