low,high,recent_strength,all_strength,avg_strength,zone_type,strength
2889,2958,1.0,0.8558833134335659,0.927941656716783,persistent,0.927941656716783
2958,3028,0.4978549848016729,1.0,0.7489274924008364,short-term,0.7489274924008364
3028,3097,0.0,0.8645235134543032,0.4322617567271516,short-term,0.4322617567271516
3097,3166,0.0,0.7523422159791008,0.3761711079895504,short-term,0.3761711079895504
3166,3235,0.0,0.7332740292622917,0.36663701463114584,short-term,0.36663701463114584
3859,3928,0.0,0.6838216195674504,0.3419108097837252,short-term,0.3419108097837252
