low,high,recent_strength,all_strength,avg_strength,zone_type,strength
2884,2951,1.0,0.8823627766951992,0.9411813883475997,persistent,0.9411813883475997
2951,3018,0.1630010252154449,1.0,0.5815005126077224,short-term,0.5815005126077224
3018,3086,0.04863559302959966,0.7995862564383709,0.42411092473398526,short-term,0.42411092473398526
3086,3153,0.0,0.8115717115458059,0.40578585577290294,short-term,0.40578585577290294
3153,3221,0.0,0.7370656617931327,0.36853283089656635,short-term,0.36853283089656635
3827,3895,0.0,0.6481251469934559,0.32406257349672796,short-term,0.32406257349672796
3288,3355,0.0,0.5657849149741982,0.2828924574870991,short-term,0.2828924574870991
