low,high,recent_strength,all_strength,avg_strength,zone_type,strength
3570,3610,1.0,0.29098182437529174,0.6454909121876459,short-term,0.6454909121876459
3491,3531,0.7937890956313118,0.4111654366737721,0.6024772661525419,persistent,0.6024772661525419
3848,3888,0.0,1.0,0.5,short-term,0.5
3927,3967,0.0,0.7294258406486529,0.36471292032432645,short-term,0.36471292032432645
3808,3848,0.0,0.7123360736927821,0.35616803684639103,short-term,0.35616803684639103
3967,4006,0.0,0.6170875750101796,0.3085437875050898,short-term,0.3085437875050898
3888,3927,0.0,0.5559505786770613,0.27797528933853066,short-term,0.27797528933853066
4086,4125,0.0,0.5531013003007932,0.2765506501503966,short-term,0.2765506501503966
4006,4046,0.0,0.453028023605653,0.2265140118028265,short-term,0.2265140118028265
