low,high,recent_strength,all_strength,avg_strength,zone_type,strength
3529,3568,1.0,0.36049492098101477,0.6802474604905073,short-term,0.6802474604905073
3411,3450,0.6753328926662063,0.45394047732774256,0.5646366849969744,persistent,0.5646366849969744
3844,3884,0.0,1.0,0.5,short-term,0.5
3923,3963,0.0,0.6670174674781999,0.33350873373909995,short-term,0.33350873373909995
3805,3844,0.0,0.6601554704031981,0.33007773520159905,short-term,0.33007773520159905
3963,4002,0.0,0.5994681245865131,0.29973406229325655,short-term,0.29973406229325655
4081,4120,0.0,0.5749772278678152,0.2874886139339076,short-term,0.2874886139339076
3884,3923,0.0,0.5730373952234283,0.28651869761171417,short-term,0.28651869761171417
4002,4041,0.0,0.4687833559400036,0.2343916779700018,short-term,0.2343916779700018
