low,high,recent_strength,all_strength,avg_strength,zone_type,strength
3180,3251,1.0,0.8184836571128001,0.9092418285564001,persistent,0.9092418285564001
3038,3109,0.6182626734373271,0.7816977993193521,0.6999802363783396,short-term,0.6999802363783396
3822,3893,0.0,1.0,0.5,short-term,0.5
3109,3180,0.19178011856908742,0.7293933819784132,0.4605867502737503,short-term,0.4605867502737503
2966,3038,0.0,0.8187590528333445,0.40937952641667225,short-term,0.40937952641667225
3893,3964,0.0,0.6764235751506353,0.33821178757531767,short-term,0.33821178757531767
