low,high,recent_strength,all_strength,avg_strength,zone_type,strength
3410,3450,1.0,0.5167544671214791,0.7583772335607395,persistent,0.7583772335607395
3528,3568,0.8420072650128402,0.40186370374501806,0.6219354843789291,short-term,0.6219354843789291
3843,3882,0.0,1.0,0.5,short-term,0.5
3922,3961,0.0,0.6775080461223268,0.3387540230611634,short-term,0.3387540230611634
3804,3843,0.0,0.6594475605326446,0.3297237802663223,short-term,0.3297237802663223
3961,4000,0.0,0.6160693887955763,0.30803469439778813,short-term,0.30803469439778813
4079,4118,0.0,0.570496259541621,0.2852481297708105,short-term,0.2852481297708105
3882,3922,0.0,0.5432457152841427,0.27162285764207134,short-term,0.27162285764207134
4000,4040,0.0,0.4769307680898925,0.23846538404494624,short-term,0.23846538404494624
