low,high,recent_strength,all_strength,avg_strength,zone_type,strength
2972,3044,0.9188330280236537,0.8245605430533528,0.8716967855385033,short-term,0.8716967855385033
2827,2899,1.0,0.5076689951692588,0.7538344975846294,short-term,0.7538344975846294
3842,3915,0.0,1.0,0.5,short-term,0.5
3915,3987,0.0,0.8531569979739179,0.42657849898695893,short-term,0.42657849898695893
3770,3842,0.0,0.6857012720651467,0.3428506360325734,short-term,0.3428506360325734
3189,3262,0.0,0.6435891862164778,0.3217945931082389,short-term,0.3217945931082389
4060,4133,0.0,0.5609892465109749,0.28049462325548746,short-term,0.28049462325548746
