low,high,recent_strength,all_strength,avg_strength,zone_type,strength
2956,3025,1.0,1.0,1.0,persistent,1.0
2888,2956,0.10867285991383178,0.7676556232460006,0.4381642415799162,short-term,0.4381642415799162
3025,3094,0.0,0.7843231155137743,0.39216155775688716,short-term,0.39216155775688716
3850,3919,0.0,0.6771655223955196,0.3385827611977598,short-term,0.3385827611977598
3094,3163,0.0,0.6248344429314202,0.3124172214657101,short-term,0.3124172214657101
3163,3231,0.0,0.6207464209500296,0.3103732104750148,short-term,0.3103732104750148
3919,3988,0.0,0.5343008603304433,0.26715043016522166,short-term,0.26715043016522166
