low,high,recent_strength,all_strength,avg_strength,zone_type,strength
3181,3252,1.0,0.8088802983913472,0.9044401491956736,persistent,0.9044401491956736
3038,3109,0.5198125248396437,0.7498442856872494,0.6348284052634465,short-term,0.6348284052634465
3822,3894,0.0,1.0,0.5,short-term,0.5
3109,3181,0.19178011856908744,0.7208353292484386,0.45630772390876306,short-term,0.45630772390876306
2967,3038,0.0,0.8168650765062297,0.4084325382531149,short-term,0.4084325382531149
3894,3965,0.0,0.6781471323942925,0.33907356619714624,short-term,0.33907356619714624
