low,high,recent_strength,all_strength,avg_strength,zone_type,strength
2889,2958,1.0,0.8979038640151418,0.9489519320075709,persistent,0.9489519320075709
3027,3096,0.4848006749323132,0.9317520118356627,0.7082763433839879,short-term,0.7082763433839879
2958,3027,0.406265525943347,1.0,0.7031327629716735,short-term,0.7031327629716735
3096,3165,0.0,0.75367836052392,0.37683918026196,short-term,0.37683918026196
3165,3234,0.0,0.7306562392370581,0.36532811961852907,short-term,0.36532811961852907
3787,3856,0.0,0.6882820675776357,0.34414103378881783,short-term,0.34414103378881783
