low,high,recent_strength,all_strength,avg_strength,zone_type,strength
2088,2154,1.0,0.24941764750908382,0.624708823754542,short-term,0.624708823754542
2949,3015,0.0,1.0,0.5,short-term,0.5
2883,2949,0.0,0.8036018922834444,0.4018009461417222,short-term,0.4018009461417222
3015,3081,0.0,0.7901314432512094,0.3950657216256047,short-term,0.3950657216256047
3081,3147,0.0,0.7706842947795108,0.3853421473897554,short-term,0.3853421473897554
3147,3214,0.0,0.6523959351877744,0.3261979675938872,short-term,0.3261979675938872
3810,3876,0.0,0.5724542789449473,0.28622713947247364,short-term,0.28622713947247364
3280,3346,0.0,0.5237179144257286,0.2618589572128643,short-term,0.2618589572128643
2816,2883,0.0,0.49027616578963923,0.24513808289481961,short-term,0.24513808289481961
