low,high,recent_strength,all_strength,avg_strength,zone_type,strength
3180,3251,1.0,0.8137930988527493,0.9068965494263747,persistent,0.9068965494263747
3037,3109,0.9196565047289488,0.8023717845792,0.8610141446540744,short-term,0.8610141446540744
3109,3180,0.4379033185936165,0.7519404196281602,0.5949218691108883,short-term,0.5949218691108883
3821,3892,0.0,1.0,0.5,short-term,0.5
2966,3037,0.0,0.8124329566630503,0.40621647833152513,short-term,0.40621647833152513
3892,3963,0.0,0.6772170284686013,0.33860851423430066,short-term,0.33860851423430066
