low,high,recent_strength,all_strength,avg_strength,zone_type,strength
3035,3106,0.7379730302316,0.8445539091068287,0.7912634696692143,short-term,0.7912634696692143
2894,2965,1.0,0.490882155260959,0.7454410776304795,short-term,0.7454410776304795
3106,3177,0.5023970597194299,0.8429445200799516,0.6726707898996908,short-term,0.6726707898996908
2965,3035,0.37679200656197787,0.8474013607261722,0.6120966836440751,short-term,0.6120966836440751
3814,3885,0.0,1.0,0.5,short-term,0.5
3177,3248,0.0,0.8323001583259398,0.4161500791629699,short-term,0.4161500791629699
3885,3956,0.0,0.6951564829573091,0.34757824147865457,short-term,0.34757824147865457
