low,high,recent_strength,all_strength,avg_strength,zone_type,strength
3181,3252,0.8310244945081771,0.7950639506786554,0.8130442225934162,short-term,0.8130442225934162
3324,3395,1.0,0.5689015290048328,0.7844507645024164,short-term,0.7844507645024164
3824,3895,0.0,1.0,0.5,short-term,0.5
3110,3181,0.1915200936239089,0.7316056281479248,0.46156286088591686,short-term,0.46156286088591686
2967,3038,0.0,0.832300119060191,0.4161500595300955,short-term,0.4161500595300955
3895,3966,0.0,0.6831607886787144,0.3415803943393572,short-term,0.3415803943393572
3038,3110,0.0,0.6776006948485725,0.3388003474242863,short-term,0.3388003474242863
