low,high,recent_strength,all_strength,avg_strength,zone_type,strength
2952,3020,0.9432864523657655,1.0,0.9716432261828827,short-term,0.9716432261828827
2885,2952,1.0,0.7857116814306564,0.8928558407153282,persistent,0.8928558407153282
3020,3088,0.2873484309087792,0.8522338236850097,0.5697911272968944,short-term,0.5697911272968944
3088,3156,0.0,0.8566215134046294,0.4283107567023147,short-term,0.4283107567023147
3156,3223,0.0,0.8076197728858725,0.40380988644293625,short-term,0.40380988644293625
3833,3901,0.0,0.6194758589762023,0.30973792948810114,short-term,0.30973792948810114
3291,3359,0.0,0.599611834669585,0.2998059173347925,short-term,0.2998059173347925
