low,high,recent_strength,all_strength,avg_strength,zone_type,strength
3160,3228,1.0,0.7438981239365305,0.8719490619682653,persistent,0.8719490619682653
2955,3023,0.0,1.0,0.5,short-term,0.5
3092,3160,0.21616607946064578,0.7678896902706727,0.49202788486565924,short-term,0.49202788486565924
3023,3092,0.0,0.8726459069293463,0.43632295346467315,short-term,0.43632295346467315
2886,2955,0.0,0.7567936134756806,0.3783968067378403,short-term,0.3783968067378403
3843,3912,0.0,0.6670527666236588,0.3335263833118294,short-term,0.3335263833118294
3912,3980,0.0,0.5403406875842259,0.27017034379211297,short-term,0.27017034379211297
