low,high,recent_strength,all_strength,avg_strength,zone_type,strength
2265,2331,1.0,0.20473765618769174,0.6023688280938458,short-term,0.6023688280938458
2931,2997,0.0,1.0,0.5,short-term,0.5
2997,3064,0.0,0.7862048348897605,0.3931024174448802,short-term,0.3931024174448802
3064,3131,0.0,0.671583405429468,0.335791702714734,short-term,0.335791702714734
3131,3197,0.0,0.5616825736113382,0.2808412868056691,short-term,0.2808412868056691
3197,3264,0.0,0.5475880119489628,0.2737940059744814,short-term,0.2737940059744814
2798,2864,0.0,0.5245701931910788,0.2622850965955394,short-term,0.2622850965955394
2864,2931,0.0,0.4788632478979868,0.2394316239489934,short-term,0.2394316239489934
3797,3863,0.0,0.4443042131025984,0.2221521065512992,short-term,0.2221521065512992
