low,high,recent_strength,all_strength,avg_strength,zone_type,strength
2972,3045,0.988316389423111,0.8160150130111632,0.9021657012171371,short-term,0.9021657012171371
2754,2827,1.0,0.5270945780158577,0.7635472890079289,short-term,0.7635472890079289
3844,3916,0.0,1.0,0.5,short-term,0.5
3916,3989,0.0,0.8728627935686927,0.43643139678434634,short-term,0.43643139678434634
3771,3844,0.0,0.669835054345578,0.334917527172789,short-term,0.334917527172789
3190,3263,0.0,0.6435891862164832,0.3217945931082416,short-term,0.3217945931082416
4062,4134,0.0,0.5473870405280047,0.27369352026400234,short-term,0.27369352026400234
