low,high,recent_strength,all_strength,avg_strength,zone_type,strength
2890,2959,1.0,0.8288122321614738,0.9144061160807369,persistent,0.9144061160807369
2959,3029,0.31544177562844894,1.0,0.6577208878142244,short-term,0.6577208878142244
3029,3098,0.0,0.8887696349460908,0.4443848174730454,short-term,0.4443848174730454
3098,3168,0.0,0.7698265664298551,0.38491328321492757,short-term,0.38491328321492757
3168,3237,0.0,0.7627081077756905,0.38135405388784527,short-term,0.38135405388784527
3793,3863,0.0,0.7376022904630615,0.36880114523153074,short-term,0.36880114523153074
