low,high,recent_strength,all_strength,avg_strength,zone_type,strength
2892,2963,1.0,0.7076004741111172,0.8538002370555586,short-term,0.8538002370555586
2963,3033,0.36938937213388534,0.8970820520842843,0.6332357121090848,short-term,0.6332357121090848
3807,3877,0.0,1.0,0.5,short-term,0.5
3033,3104,0.0,0.9284055417610433,0.46420277088052164,short-term,0.46420277088052164
3104,3174,0.0,0.8759924024019522,0.4379962012009761,short-term,0.4379962012009761
3174,3244,0.0,0.8236649785218465,0.41183248926092325,short-term,0.41183248926092325
3948,4018,0.0,0.7829130227613582,0.3914565113806791,short-term,0.3914565113806791
