low,high,recent_strength,all_strength,avg_strength,zone_type,strength
3091,3159,1.0,0.8452281301470845,0.9226140650735423,persistent,0.9226140650735423
3159,3228,0.4657679658258314,0.7563123306187652,0.6110401482222984,short-term,0.6110401482222984
3023,3091,0.1924673321322758,0.8873064037326227,0.5398868679324492,short-term,0.5398868679324492
2954,3023,0.0,1.0,0.5,short-term,0.5
2886,2954,0.0,0.7567936134756783,0.37839680673783915,short-term,0.37839680673783915
3842,3910,0.0,0.6670527666236469,0.33352638331182344,short-term,0.33352638331182344
3910,3978,0.0,0.5145919518574614,0.2572959759287307,short-term,0.2572959759287307
