low,high,recent_strength,all_strength,avg_strength,zone_type,strength
2953,3020,1.0,1.0,1.0,persistent,1.0
2885,2953,0.8636371798079792,0.775250777970282,0.8194439788891306,short-term,0.8194439788891306
3020,3088,0.36903158206542325,0.8771187287144538,0.6230751553899385,short-term,0.6230751553899385
3156,3224,0.3293107361863073,0.8282974704264642,0.5788041033063858,short-term,0.5788041033063858
3088,3156,0.0,0.8792133949011564,0.4396066974505782,short-term,0.4396066974505782
3834,3902,0.0,0.6367939416074856,0.3183969708037428,short-term,0.3183969708037428
3292,3359,0.0,0.615086406907436,0.307543203453718,short-term,0.307543203453718
