low,high,recent_strength,all_strength,avg_strength,zone_type,strength
2892,2963,1.0,0.7556418775574898,0.8778209387787449,short-term,0.8778209387787449
2963,3033,0.36192273053283036,0.9141059502497444,0.6380143403912873,short-term,0.6380143403912873
3806,3877,0.0,1.0,0.5,short-term,0.5
3033,3103,0.0,0.931829266823467,0.4659146334117335,short-term,0.4659146334117335
3103,3174,0.0,0.8985091662301468,0.4492545831150734,short-term,0.4492545831150734
3174,3244,0.0,0.8334077664818843,0.41670388324094215,short-term,0.41670388324094215
3947,4017,0.0,0.7941683817219207,0.39708419086096036,short-term,0.39708419086096036
