low,high,recent_strength,all_strength,avg_strength,zone_type,strength
2957,3026,1.0,1.0,1.0,persistent,1.0
2888,2957,0.5088523524645594,0.790764624891122,0.6498084886778407,short-term,0.6498084886778407
3026,3094,0.23197453481926758,0.7936833277199461,0.5128289312696068,short-term,0.5128289312696068
3852,3920,0.0,0.662227831658897,0.3311139158294485,short-term,0.3311139158294485
3094,3163,0.0,0.656118352001852,0.328059176000926,short-term,0.328059176000926
3163,3232,0.0,0.6375198302321509,0.31875991511607543,short-term,0.31875991511607543
3920,3989,0.0,0.5694339800644533,0.28471699003222667,short-term,0.28471699003222667
