low,high,recent_strength,all_strength,avg_strength,zone_type,strength
3092,3161,1.0,0.7426162960385269,0.8713081480192635,persistent,0.8713081480192635
3024,3092,0.2825006682176903,0.8703704667671582,0.5764355674924243,short-term,0.5764355674924243
2955,3024,0.0,1.0,0.5,short-term,0.5
2887,2955,0.0,0.7543278925806715,0.3771639462903357,short-term,0.3771639462903357
3846,3914,0.0,0.6658564814678977,0.33292824073394883,short-term,0.33292824073394883
3161,3229,0.0,0.5999663825115198,0.2999831912557599,short-term,0.2999831912557599
3914,3983,0.0,0.5636024528869763,0.28180122644348815,short-term,0.28180122644348815
