low,high,recent_strength,all_strength,avg_strength,zone_type,strength
2957,3026,1.0,1.0,1.0,persistent,1.0
2888,2957,0.922348313621045,0.8503543505839188,0.8863513321024818,short-term,0.8863513321024818
3026,3095,0.2987100310119087,0.8355715367282138,0.5671407838700613,short-term,0.5671407838700613
3853,3922,0.0,0.7036120786818616,0.3518060393409308,short-term,0.3518060393409308
3095,3164,0.0,0.6918357288486721,0.34591786442433603,short-term,0.34591786442433603
3164,3233,0.0,0.6675698922815003,0.33378494614075016,short-term,0.33378494614075016
