low,high,recent_strength,all_strength,avg_strength,zone_type,strength
3157,3225,1.0,0.915957893424112,0.9579789467120561,persistent,0.9579789467120561
3089,3157,0.4248485859593069,0.9985409827589965,0.7116947843591517,persistent,0.7116947843591517
3021,3089,0.3904730417936578,0.957194855141974,0.673833948467816,short-term,0.673833948467816
2953,3021,0.0,1.0,0.5,short-term,0.5
3293,3361,0.28690496661768394,0.6767319200743976,0.4818184433460408,short-term,0.4818184433460408
2885,2953,0.0,0.7651298177957118,0.3825649088978559,short-term,0.3825649088978559
3836,3904,0.0,0.7078961537922346,0.3539480768961173,short-term,0.3539480768961173
