low,high,recent_strength,all_strength,avg_strength,zone_type,strength
2953,3020,1.0,1.0,1.0,persistent,1.0
2885,2953,0.9065043613642496,0.7788664114276762,0.8426853863959629,short-term,0.8426853863959629
3020,3088,0.36903158206542325,0.87287197001935,0.6209517760423866,short-term,0.6209517760423866
3156,3224,0.2678215922770385,0.8282974704264676,0.5480595313517531,short-term,0.5480595313517531
3088,3156,0.0,0.8834601535962633,0.44173007679813164,short-term,0.44173007679813164
3834,3902,0.0,0.6367939416074894,0.3183969708037447,short-term,0.3183969708037447
3292,3359,0.0,0.615086406907445,0.3075432034537225,short-term,0.3075432034537225
