low,high,recent_strength,all_strength,avg_strength,zone_type,strength
2957,3026,1.0,1.0,1.0,persistent,1.0
2888,2957,0.5246002123420528,0.7982404631169435,0.6614203377294982,short-term,0.6614203377294982
3026,3094,0.2323188562852751,0.7992939052239435,0.5158063807546093,short-term,0.5158063807546093
3852,3921,0.0,0.6669091452824298,0.3334545726412149,short-term,0.3334545726412149
3094,3163,0.0,0.6607564774823034,0.3303782387411517,short-term,0.3303782387411517
3163,3232,0.0,0.6420264820577974,0.3210132410288987,short-term,0.3210132410288987
3921,3989,0.0,0.5734593304365456,0.2867296652182728,short-term,0.2867296652182728
