low,high,recent_strength,all_strength,avg_strength,zone_type,strength
3293,3361,1.0,0.6697127698331866,0.8348563849165933,persistent,0.8348563849165933
2953,3021,0.0,1.0,0.5,short-term,0.5
3089,3157,0.0,0.9573001560321776,0.4786500780160888,short-term,0.4786500780160888
3021,3089,0.0,0.9167304692290363,0.45836523461451817,short-term,0.45836523461451817
3157,3225,0.0,0.8219511593344272,0.4109755796672136,short-term,0.4109755796672136
2885,2953,0.0,0.7621999676048786,0.3810999838024393,short-term,0.3810999838024393
3837,3905,0.0,0.6905424322634759,0.34527121613173795,short-term,0.34527121613173795
