low,high,recent_strength,all_strength,avg_strength,zone_type,strength
2889,2958,1.0,0.8929475143604083,0.9464737571802042,persistent,0.9464737571802042
2958,3027,0.19168592655739766,1.0,0.5958429632786988,short-term,0.5958429632786988
3027,3096,0.0,0.8801342540926088,0.4400671270463044,short-term,0.4400671270463044
3096,3165,0.0,0.7495181228507476,0.3747590614253738,short-term,0.3747590614253738
3165,3234,0.0,0.7266230816305493,0.36331154081527467,short-term,0.36331154081527467
3787,3856,0.0,0.6858919020937739,0.34294595104688697,short-term,0.34294595104688697
