low,high,recent_strength,all_strength,avg_strength,zone_type,strength
3176,3215,1.0,0.6075546554509932,0.8037773277254966,persistent,0.8037773277254966
3834,3873,0.0,1.0,0.5,short-term,0.5
3911,3950,0.0,0.6961603283419843,0.34808016417099213,short-term,0.34808016417099213
3873,3911,0.0,0.610738677739809,0.3053693388699045,short-term,0.3053693388699045
3950,3989,0.0,0.6055384797769077,0.30276923988845383,short-term,0.30276923988845383
3795,3834,0.0,0.5881606186033977,0.2940803093016989,short-term,0.2940803093016989
3409,3447,0.0,0.5145291436577567,0.25726457182887835,short-term,0.25726457182887835
4066,4105,0.0,0.5134401905140893,0.25672009525704464,short-term,0.25672009525704464
3989,4028,0.0,0.45141911541190255,0.22570955770595127,short-term,0.22570955770595127
