low,high,recent_strength,all_strength,avg_strength,zone_type,strength
3090,3158,1.0,0.9682528358631755,0.9841264179315877,persistent,0.9841264179315877
3158,3226,0.2942611007159499,0.8101313830525679,0.552196241884259,short-term,0.552196241884259
2954,3022,0.0,1.0,0.5,short-term,0.5
3022,3090,0.0,0.9129076112903047,0.45645380564515237,short-term,0.45645380564515237
2886,2954,0.0,0.7649285475954043,0.38246427379770215,short-term,0.38246427379770215
3838,3906,0.0,0.69319363383917,0.346596816919585,short-term,0.346596816919585
3906,3975,0.0,0.5210088308475375,0.26050441542376873,short-term,0.26050441542376873
