low,high,recent_strength,all_strength,avg_strength,zone_type,strength
2950,3018,1.0,1.0,1.0,persistent,1.0
3018,3085,0.412954576258197,0.7540835550719811,0.583519065665089,short-term,0.583519065665089
2816,2883,0.662489517097656,0.482305225058063,0.5723973710778595,short-term,0.5723973710778595
2883,2950,0.24292824626347528,0.7910987861179644,0.5170135161907198,short-term,0.5170135161907198
3085,3152,0.0,0.7259084345120747,0.3629542172560373,short-term,0.3629542172560373
3152,3219,0.0,0.7026848493506084,0.3513424246753042,short-term,0.3513424246753042
3824,3892,0.0,0.5858189791498721,0.29290948957493607,short-term,0.29290948957493607
3287,3354,0.0,0.5333074810266084,0.2666537405133042,short-term,0.2666537405133042
