low,high,recent_strength,all_strength,avg_strength,zone_type,strength
3160,3228,1.0,0.7450823496242658,0.8725411748121329,persistent,0.8725411748121329
2955,3023,0.0,1.0,0.5,short-term,0.5
3023,3092,0.0,0.8726459069293493,0.43632295346467465,short-term,0.43632295346467465
3092,3160,0.092182031208837,0.7480553064366665,0.42011866882275173,short-term,0.42011866882275173
2887,2955,0.0,0.7567936134756791,0.37839680673783954,short-term,0.37839680673783954
3844,3912,0.0,0.6687893542411697,0.33439467712058485,short-term,0.33439467712058485
3912,3981,0.0,0.5386040999667088,0.2693020499833544,short-term,0.2693020499833544
