low,high,recent_strength,all_strength,avg_strength,zone_type,strength
2681,2748,1.0,0.3443247995862674,0.6721623997931336,short-term,0.6721623997931336
2949,3016,0.26994310233617197,1.0,0.634971551168086,short-term,0.634971551168086
3016,3084,0.09133817452240166,0.7770134174547098,0.4341757959885557,short-term,0.4341757959885557
2815,2882,0.37342333942507994,0.487051216683809,0.43023727805444445,short-term,0.43023727805444445
2882,2949,0.05395497413660808,0.7909808263300293,0.4224679002333187,short-term,0.4224679002333187
3084,3151,0.0,0.742682460247876,0.371341230123938,short-term,0.371341230123938
3151,3218,0.0,0.69697951896276,0.34848975948138,short-term,0.34848975948138
3822,3889,0.0,0.5858642868188586,0.2929321434094293,short-term,0.2929321434094293
3285,3352,0.0,0.5477927536659811,0.27389637683299056,short-term,0.27389637683299056
