low,high,recent_strength,all_strength,avg_strength,zone_type,strength
3037,3108,1.0,0.8496638647149556,0.9248319323574778,persistent,0.9248319323574778
3818,3889,0.0,1.0,0.5,short-term,0.5
3108,3179,0.22110734237683602,0.7438423528628266,0.48247484761983134,short-term,0.48247484761983134
3179,3250,0.06262220899660619,0.8276575408826206,0.4451398749396134,short-term,0.4451398749396134
2966,3037,0.0,0.7934390751726313,0.3967195375863157,short-term,0.3967195375863157
3889,3960,0.0,0.6858747450245175,0.34293737251225875,short-term,0.34293737251225875
